Date,Total_Cumulative_Cases,New_Cases,PCR,Recovered,Deaths,Daily_Positive__age,Country,RDT,Local_Transmissions,Imported_Cases,Cum_Deaths,Cum_Recovery,CFR_,ObjectId,GlobalID,CreationDate,Creator,EditDate,Editor,active_cases,hospitalized_case,condition_mild_to_moderate,condition_severe,condition_ICU,key_notes,asymptomatic,total_vaccinated
2020/12/05 04:40:00,"10617","70","1577","46","11",4.438807863,"Zimbabwe
",0,50,"20","291","8844",0,"1489",0ef03533-5c73-42cc-a0ba-00559f3d62dd,2021/03/22 10:57:26,surveyor_jr,2021/03/22 10:57:26,surveyor_jr,"1482","0","0","0","0",,"0","0"
2021/02/14 23:32:00,"35172","68","2079","512","2",3.270803271,Zimbabwe,0,68,"0","1400","30601",0,"1490",ed85b5d4-eab5-40c6-885c-007ee1e0f190,2021/03/22 10:57:26,surveyor_jr,2021/03/22 10:57:26,surveyor_jr,"3171","45","24","12","0","From the hospitalized cases only 9 were asymptomatic. 
Parirenyatwa, St Annes , Arundel, Manicaland
and Masvingo did not report). 2 COVID-19 deaths were reported today. All 2 deaths occurred at institutional level","9","0"
2020/04/26 02:00:00,"32","1","0","3","0",0,Zimbabwe,0,0,"0","4","5",0,"1491",5a8b3890-29c2-49e8-b603-009d0bcdf66d,2021/03/22 10:57:26,surveyor_jr,2021/03/22 10:57:26,surveyor_jr,"23","0","0","0","0",,"0","0"
2020/10/10 02:00:00,"8010","16","604","18","1",2.649006623,Zimbabwe,0,16,"0","230","6492",0,"1492",5c86aca2-39fd-422b-b44d-028f661493ce,2021/03/22 10:57:26,surveyor_jr,2021/03/22 10:57:26,surveyor_jr,"1288","0","0","0","0",,"0","0"
2021/02/10 23:17:00,"34864","83","3561","182","11",2.330805953,"zimbabwe
",0,83,"0","1364","29471",0,"1493",48d49063-02da-41e9-83bf-034d392f3c51,2021/03/22 10:57:26,surveyor_jr,2021/03/22 10:57:26,surveyor_jr,"4029","117","64","35","9","From the hospitalized cases, 9 were asymptomatic.","9","0"
2020/05/19 02:00:00,"46","0","0","0","0",0,Zimbabwe,0,0,"0","4","18",0,"1494",3f8f4b2b-d323-41d7-b3e2-04054162eb99,2021/03/22 10:57:26,surveyor_jr,2021/03/22 10:57:26,surveyor_jr,"24","0","0","0","0",,"0","0"
2021/03/10 02:00:00,"36341","20","2164","34","0",0.924214418,Zimbabwe,0,20,"0","1489","33953",0,"1495",ba99f437-8b45-4eb2-a3f6-06c41720624e,2021/03/22 10:57:26,surveyor_jr,2021/03/22 10:57:26,surveyor_jr,"899","122","24","19","3",,"76","35901"
2020/08/23 02:00:00,"5930","37","852","243","2",4.342723005,Zimbabwe,0,37,"0","155","4872",0,"1496",3807ee05-6be3-4692-9eba-07026dd3deb6,2021/03/22 10:57:26,surveyor_jr,2021/03/22 10:57:26,surveyor_jr,"903","0","0","0","0",,"0","0"
2020/04/19 02:00:00,"24","0","0","0","0",0,Zimbabwe,0,0,"0","3","2",0,"1497",dc814d7c-637d-40dd-9b4e-0717f3b4fd35,2021/03/22 10:57:26,surveyor_jr,2021/03/22 10:57:26,surveyor_jr,"19","0","0","0","0",,"0","0"
2021/03/13 02:00:00,"36471","48","635","15","5",7.559055118,Zimbabwe,0,28,"20","1501","34011",0,"1498",1f5e81b1-09c0-4101-b662-081a83f12f5b,2021/03/22 10:57:26,surveyor_jr,2021/03/22 10:57:26,surveyor_jr,"959","139","42","14","2",,"81","36359"
2020/05/11 02:00:00,"37","1","0","3","0",0,Zimbabwe,0,0,"0","4","12",0,"1499",63afa246-c5b6-4955-b239-084d16cc625a,2021/03/22 10:57:26,surveyor_jr,2021/03/22 10:57:26,surveyor_jr,"21","0","0","0","0",,"0","0"
2020/08/28 02:00:00,"6388","96","1551","33","6",6.189555126,Zimbabwe,0,76,"20","195","5043",0,"1500",74d812ee-9109-4f50-91b8-086ba2dad298,2021/03/22 10:57:26,surveyor_jr,2021/03/22 10:57:26,surveyor_jr,"1150","0","0","0","0",,"0","0"
2020/11/25 10:28:00,"9508","110","1073","39","0",10.25163094,Zimbabwe,0,106,"4","274","8336",0,"1501",b3e9c5f3-d698-42ad-9ae3-0aa198a56bb0,2021/03/22 10:57:26,surveyor_jr,2021/03/22 10:57:26,surveyor_jr,"898","0","0","0","0",,"0","0"
2020/09/15 02:00:00,"7576","45","404","93","0",11.13861386,Zimbabwe,0,44,"1","224","5783",0,"1502",4d7fa192-fb10-471f-a929-0af4f28ba46f,2021/03/22 10:57:26,surveyor_jr,2021/03/22 10:57:26,surveyor_jr,"1569","0","0","0","0",,"0","0"
2021/02/25 01:00:00,"35960","50","1804","122","8",2.771618625,"zimbabwe
",0,50,"0","1456","32410",0,"1503",85214daf-89f5-4785-901c-0e600c420fe9,2021/03/22 10:57:26,surveyor_jr,2021/03/22 10:57:26,surveyor_jr,"2094","154","46","33","3",,"72","7872"
2020/04/06 02:00:00,"10","0","0","0","0",0,Zimbabwe,0,0,"0","1","0",0,"1504",798432aa-b9b9-4bb1-93de-0eb58d537378,2021/03/22 10:57:26,surveyor_jr,2021/03/22 10:57:26,surveyor_jr,"9","0","0","0","0",,"0","0"
2020/10/29 02:00:00,"8349","29","1143","19","0",2.537182852,Zimbabwe,0,28,"1","242",,0,"1505",51ffde67-d8b6-42dc-a8cb-0f22bdcd5081,2021/03/22 10:57:26,surveyor_jr,2021/03/22 10:57:26,surveyor_jr,,"0","0","0","0",,"0","0"
2020/11/19 10:50:00,"9046","65","1123","11","4",5.788067676,Zimbabwe,0,65,"0","265","8195",0,"1506",d55e379e-9626-4fc7-865a-108fe816c9ef,2021/03/22 10:57:26,surveyor_jr,2021/03/22 10:57:26,surveyor_jr,"586","0","0","0","0",,"0","0"
2020/12/15 10:41:00,"11522","164","559","45","1",29.33810376,Zimbabwe,0,164,"0","310","9599",0,"1507",bf226e60-1436-4f66-ba72-10d019a2fcc1,2021/03/22 10:57:26,surveyor_jr,2021/03/22 10:57:26,surveyor_jr,"1613","0","0","0","0",,"0","0"
2020/04/07 02:00:00,"10","0","0","0","1",0,Zimbabwe,0,0,"0","2","0",0,"1508",73fe46a7-2770-4eca-a3b1-113b1b20796f,2021/03/22 10:57:26,surveyor_jr,2021/03/22 10:57:26,surveyor_jr,"8","0","0","0","0",,"0","0"
2020/08/19 02:00:00,"5643","265","1618","337","9",16.37824475,Zimbabwe,0,254,"11","150","4442",0,"1509",48e38559-7c06-4d90-bdc8-11caa3951a5b,2021/03/22 10:57:26,surveyor_jr,2021/03/22 10:57:26,surveyor_jr,"1051","0","0","0","0",,"0","0"
2021/01/27 23:57:00,"32304","300","3666","274","19",8.183306056,zimbabwe,0,300,"0","1122","23687",0,"1510",b5c98441-6f49-4912-8314-128e04d5f248,2021/03/22 10:57:26,surveyor_jr,2021/03/22 10:57:26,surveyor_jr,"7495","205","127","65","13",,"0","0"
2021/02/07 00:54:00,"34487","156","2086","238","13",7.478427613,"zimbabwe
",0,156,"0","1316","28383",0,"1511",bc4fbc7c-e0f8-4e53-8bf5-1376be5ae19b,2021/03/22 10:57:26,surveyor_jr,2021/03/22 10:57:26,surveyor_jr,"4788","90","63","17","6","Among the hospitalized cases, only 4 were asymptomatic. 11 deaths occurred at Institutional level and the remaining two were at community level .","4","0"
2020/09/08 02:00:00,"7388","90","521","22","8",17.27447217,Zimbabwe,0,90,"0","218","5477",0,"1512",27757d35-025c-4b14-ae10-16073a3f1929,2021/03/22 10:57:26,surveyor_jr,2021/03/22 10:57:26,surveyor_jr,"1693","0","0","0","0",,"0","0"
2020/07/14 02:00:00,"1064","30","693","52","1",4.329004329,Zimbabwe,0,0,"0","20","343",0,"1513",b109442a-96f0-4f3a-84a6-162a1d66ed94,2021/03/22 10:57:26,surveyor_jr,2021/03/22 10:57:26,surveyor_jr,"701","0","0","0","0",,"0","0"
2020/09/06 02:00:00,"7116","139","665","13","1",20.90225564,Zimbabwe,0,139,"0","208","5373",0,"1514",c2d1cf20-501b-4e56-866a-16e7a7543720,2021/03/22 10:57:26,surveyor_jr,2021/03/22 10:57:26,surveyor_jr,"1535","0","0","0","0",,"0","0"
2021/02/28 23:18:00,"36089","31","914","76","0",3.391684902,"zimbabwe
",0,31,"0","1463","32666",0,"1515",506c5c71-f6c6-4b34-9ebc-185ebf266e81,2021/03/22 10:57:26,surveyor_jr,2021/03/22 10:57:26,surveyor_jr,"1960","135","52","4","9",,"70","18843"
2020/05/07 02:00:00,"34","0","0","4","0",0,Zimbabwe,0,0,"0","4","9",0,"1516",c2f6b101-4a84-4bde-8e32-1873464a9abc,2021/03/22 10:57:26,surveyor_jr,2021/03/22 10:57:26,surveyor_jr,"21","0","0","0","0",,"0","0"
2020/07/19 02:00:00,"1611","133","802","30","0",16.58354115,Zimbabwe,0,0,"0","25","472",0,"1517",4043f065-b856-4f35-acd5-189b2a5e9a1d,2021/03/22 10:57:26,surveyor_jr,2021/03/22 10:57:26,surveyor_jr,"1114","0","0","0","0",,"0","0"
2020/07/22 02:00:00,"2034","214","1076","22","0",19.88847584,Zimbabwe,0,0,"0","26","510",0,"1518",8045edcd-8d1f-409a-9fe6-19584def5966,2021/03/22 10:57:26,surveyor_jr,2021/03/22 10:57:26,surveyor_jr,"1498","0","0","0","0",,"0","0"
2021/01/16 23:33:00,"26881","772","3570","458","17",21.62464986,Zimbabwe,0,772,"0","683","15872",0,"1519",5f3828fd-5aa3-42c0-9681-1aad29e29e5a,2021/03/22 10:57:26,surveyor_jr,2021/03/22 10:57:26,surveyor_jr,"10326","0","0","0","0",,"0","0"
2020/11/23 10:32:00,"9308","88","555","23","5",15.85585586,Zimbabwe,0,88,"0","273","8288",0,"1520",5b0e496b-9e3f-4711-b05f-1c2c7c58d090,2021/03/22 10:57:26,surveyor_jr,2021/03/22 10:57:26,surveyor_jr,"747","0","0","0","0",,"0","0"
2020/03/25 02:00:00,"3","0","0","0","0",0,Zimbabwe,0,0,"0","1","0",0,"1521",521b9bd3-659f-4397-a69c-1c8bc8940195,2021/03/22 10:57:26,surveyor_jr,2021/03/22 10:57:26,surveyor_jr,"2","0","0","0","0",,"0","0"
2020/03/29 02:00:00,"7","0","0","0","0",0,Zimbabwe,0,0,"0","1","0",0,"1522",df0e3787-8531-49f9-a87a-1c9bb3d46cee,2021/03/22 10:57:26,surveyor_jr,2021/03/22 10:57:26,surveyor_jr,"6","0","0","0","0",,"0","0"
2020/09/14 02:00:00,"7531","5","349","12","0",1.432664756,Zimbabwe,0,5,"0","224","5690",0,"1523",d0d80bbf-9c47-4716-8c84-1cd093e72fcf,2021/03/22 10:57:26,surveyor_jr,2021/03/22 10:57:26,surveyor_jr,"1617","0","0","0","0",,"0","0"
2020/05/01 02:00:00,"34","0","0","0","0",0,Zimbabwe,0,0,"0","4","5",0,"1524",9c853ab0-af39-4ec6-8c29-1d23fe876b3d,2021/03/22 10:57:26,surveyor_jr,2021/03/22 10:57:26,surveyor_jr,"25","0","0","0","0",,"0","0"
2020/04/08 02:00:00,"10","0","0","0","1",0,Zimbabwe,0,0,"0","3","0",0,"1525",35542ac8-4529-44c3-88ba-1d2b8f282558,2021/03/22 10:57:26,surveyor_jr,2021/03/22 10:57:26,surveyor_jr,"7","0","0","0","0",,"0","0"
2020/04/11 02:00:00,"13","0","0","0","0",0,Zimbabwe,0,0,"0","3","0",0,"1526",0c6ee6c0-03ee-4d9d-84aa-1e268871d4eb,2021/03/22 10:57:26,surveyor_jr,2021/03/22 10:57:26,surveyor_jr,"10","0","0","0","0",,"0","0"
2021/03/06 00:08:00,"36248","25","1534","127","1",1.629726206,"zimbabwe
",0,25,"0","1484","33759",0,"1527",cea44954-e58b-4a3a-b61f-1ec58993d54e,2021/03/22 10:57:26,surveyor_jr,2021/03/22 10:57:26,surveyor_jr,"1005","129","39","21","4",,"65","31235"
2020/08/07 02:00:00,"4451","56","961","81","5",5.827263267,Zimbabwe,1575,54,"2","102","1416",0,"1528",ad3732db-88d2-488f-9d22-1f0c9ca62449,2021/03/22 10:57:26,surveyor_jr,2021/03/22 10:57:26,surveyor_jr,"2933","0","0","0","0",,"0","0"
2020/04/01 02:00:00,"9","1","0","0","0",0,Zimbabwe,0,0,"0","1","0",0,"1529",5c438abe-d77d-4d11-b809-1f41044be5a3,2021/03/22 10:57:26,surveyor_jr,2021/03/22 10:57:26,surveyor_jr,"8","0","0","0","0",,"0","0"
2021/02/27 01:17:00,"36044","50","2141","84","5",2.33535731,"zimbabwe
",0,50,"0","1463","32539",0,"1530",e38ef662-eecc-46ff-b45e-1f9be1322cfa,2021/03/22 10:57:26,surveyor_jr,2021/03/22 10:57:26,surveyor_jr,"2042","150","41","31","5",,"73","12579"
2020/05/18 02:00:00,"46","0","0","0","0",0,Zimbabwe,0,0,"0","4","18",0,"1531",f2f396b9-e215-4ba5-bd71-2104652cce53,2021/03/22 10:57:26,surveyor_jr,2021/03/22 10:57:26,surveyor_jr,"24","0","0","0","0",,"0","0"
2020/05/27 02:00:00,"132","53","0","0","0",0,Zimbabwe,0,0,"0","4","25",0,"1532",9c2e5d3c-d512-4865-8b7a-210acc74efac,2021/03/22 10:57:26,surveyor_jr,2021/03/22 10:57:26,surveyor_jr,"103","0","0","0","0",,"0","0"
2020/04/03 02:00:00,"9","0","0","0","0",0,Zimbabwe,0,0,"0","1","0",0,"1533",cb00f12e-49e4-49c3-8af2-2147990aecb3,2021/03/22 10:57:26,surveyor_jr,2021/03/22 10:57:26,surveyor_jr,"8","0","0","0","0",,"0","0"
2020/09/04 02:00:00,"6837","159","919","82","0",17.30141458,Zimbabwe,0,158,"1","206","5345",0,"1534",d0e8cfcf-017d-419a-8fcd-22569db430e8,2021/03/22 10:57:26,surveyor_jr,2021/03/22 10:57:26,surveyor_jr,"1286","0","0","0","0",,"0","0"
2020/06/19 02:00:00,"479","16","0","0","0",0,Zimbabwe,0,0,"0","4","63",0,"1535",501f11c6-8405-4556-a117-23a1805eb6f5,2021/03/22 10:57:26,surveyor_jr,2021/03/22 10:57:26,surveyor_jr,"412","0","0","0","0",,"0","0"
2020/11/24 10:36:00,"9398","90","923","9","1",9.750812568,Zimbabwe,0,90,"0","274","8297",0,"1536",98438062-b3d6-4f24-9495-25311abf2427,2021/03/22 10:57:26,surveyor_jr,2021/03/22 10:57:26,surveyor_jr,"827","0","0","0","0",,"0","0"
2020/05/29 02:00:00,"160","11","0","1","0",0,Zimbabwe,0,0,"0","4","29",0,"1537",963ba94d-1819-426a-a75c-261794e51179,2021/03/22 10:57:26,surveyor_jr,2021/03/22 10:57:26,surveyor_jr,"127","0","0","0","0",,"0","0"
2020/10/31 02:00:00,"8367","5","681","10","1",0.734214391,Zimbabwe,0,5,"0","243","7894",0,"1538",b11e12d4-f77c-422e-a75b-2663375690c7,2021/03/22 10:57:26,surveyor_jr,2021/03/22 10:57:26,surveyor_jr,"230","0","0","0","0",,"0","0"
2020/05/31 02:00:00,"178","4","0","0","0",0,Zimbabwe,0,0,"0","4","29",0,"1539",a405f814-6121-4ba4-b60a-2692ebf8d29a,2021/03/22 10:57:26,surveyor_jr,2021/03/22 10:57:26,surveyor_jr,"145","0","0","0","0",,"0","0"
2020/10/07 02:00:00,"7919","4","759","1","0",0.527009223,Zimbabwe,0,4,"0","229","6441",0,"1540",e53837f5-c3eb-4c02-9b62-278471a2aaea,2021/03/22 10:57:26,surveyor_jr,2021/03/22 10:57:26,surveyor_jr,"1249","0","0","0","0",,"0","0"
2020/04/04 02:00:00,"9","0","0","0","0",0,Zimbabwe,0,0,"0","1","0",0,"1541",27ff7492-ed62-4801-8cf1-287ecae03ad5,2021/03/22 10:57:26,surveyor_jr,2021/03/22 10:57:26,surveyor_jr,"8","0","0","0","0",,"0","0"
2020/06/21 02:00:00,"489","3","0","0","0",0,Zimbabwe,0,0,"0","4","64",0,"1542",43765a71-b7f9-4696-a96b-28df832466c6,2021/03/22 10:57:26,surveyor_jr,2021/03/22 10:57:26,surveyor_jr,"421","0","0","0","0",,"0","0"
2020/11/02 02:00:00,"8389","15","610","12","2",2.459016393,Zimbabwe,0,15,"0","245","7939",0,"1543",f2eeef32-36c0-4bfb-97f7-2962ab3e4860,2021/03/22 10:57:26,surveyor_jr,2021/03/22 10:57:26,surveyor_jr,"205","0","0","0","0",,"0","0"
2021/01/11 23:20:00,"22297","820","1518","631","21",54.01844532,Zimbabwe,0,820,"0","528","13213",0,"1544",0c313624-8f24-4ce9-a145-29d31d3c5a8f,2021/03/22 10:57:26,surveyor_jr,2021/03/22 10:57:26,surveyor_jr,"8556","0","0","0","0",,"0","0"
2021/03/15 02:00:00,"36504","20","1691","8","1",1.182732111,Zimbabwe,0,20,"0","1504","34051",0,"1545",a62ecabd-a8dd-4b14-9259-2cbd1a849a9f,2021/03/22 10:57:26,surveyor_jr,2021/03/22 10:57:26,surveyor_jr,"949","125","25","17","2",,"81","37660"
2020/12/25 22:43:00,"12880","94","1700","154","2",5.529411765,zimbabwe,0,94,"0","341","10468",0,"1546",5c6d3a31-1621-408c-a70d-30771e03d23f,2021/03/22 10:57:26,surveyor_jr,2021/03/22 10:57:26,surveyor_jr,"2071","0","0","0","0",,"0","0"
2020/12/04 08:04:00,"10547","123","1722","48","0",7.142857143,Zimbabwe,0,108,"15","280","8802",0,"1547",68ed9f68-ff1f-45ff-909d-309d4457ace8,2021/03/22 10:57:26,surveyor_jr,2021/03/22 10:57:26,surveyor_jr,"1465","0","0","0","0",,"0","0"
2020/10/14 02:00:00,"8055","19","615","8","1",3.089430894,Zimbabwe,0,18,"1","231","7640",0,"1548",3d3e5a23-6cbf-4388-8614-310e2e1a987a,2021/03/22 10:57:26,surveyor_jr,2021/03/22 10:57:26,surveyor_jr,"184","0","0","0","0",,"0","0"
2020/06/22 02:00:00,"512","23","0","0","0",0,Zimbabwe,0,0,"0","4","64",0,"1549",f9ed7397-dc39-41dd-9298-3118dcc6232b,2021/03/22 10:57:26,surveyor_jr,2021/03/22 10:57:26,surveyor_jr,"444","0","0","0","0",,"0","0"
2020/12/20 00:11:00,"12151","104","1581","90","2",6.578115117,Zimbabwe,0,96,"6","318","9984",0,"1550",a8cc4868-79f8-4892-9659-32055d83f185,2021/03/22 10:57:26,surveyor_jr,2021/03/22 10:57:26,surveyor_jr,"1849","0","0","0","0",,"0","0"
2020/08/25 02:00:00,"6196","126","1574","11","11",8.005082592,Zimbabwe,0,116,"8","166","4961",0,"1551",046965d6-ce16-4e3b-b968-32983de7a23d,2021/03/22 10:57:26,surveyor_jr,2021/03/22 10:57:26,surveyor_jr,"1069","0","0","0","0",,"0","0"
2020/04/22 02:00:00,"28","0","0","0","1",0,Zimbabwe,0,0,"0","4","2",0,"1552",dcb9489b-c3e3-4c52-9a05-33b72210d4ac,2021/03/22 10:57:26,surveyor_jr,2021/03/22 10:57:26,surveyor_jr,"22","0","0","0","0",,"0","0"
2021/02/12 23:57:00,"35045","96","2081","329","11",4.613166747,"zimbabwe
",0,96,"0","1393","29959",0,"1553",af7ffe0d-1814-4d8e-9cb7-3461712d44ee,2021/03/22 10:57:26,surveyor_jr,2021/03/22 10:57:26,surveyor_jr,"3693","108","56","43","6","Bulawayo was awaiting results from 2 major testing centers at the time of publishing this report. From all the hospitalized patients, 3 were asymptomatic.","3","0"
2020/06/03 02:00:00,"222","16","0","0","0",0,Zimbabwe,0,0,"0","4","29",0,"1554",6319290d-bb19-4e6b-ad3a-35807a8b2bba,2021/03/22 10:57:26,surveyor_jr,2021/03/22 10:57:26,surveyor_jr,"189","0","0","0","0",,"0","0"
2020/08/15 02:00:00,"5176","104","1389","49","2",7.487401008,Zimbabwe,0,104,"0","130","2047",0,"1555",71f3a132-82dd-42c3-81ad-3815906ccf30,2021/03/22 10:57:26,surveyor_jr,2021/03/22 10:57:26,surveyor_jr,"2999","0","0","0","0",,"0","0"
2020/08/06 02:00:00,"4395","56","768","0","13",7.291666667,Zimbabwe,1503,54,"2","97","1345",0,"1556",eabb6193-21a1-4943-b40a-384b28e1f8ca,2021/03/22 10:57:26,surveyor_jr,2021/03/22 10:57:26,surveyor_jr,"2953","0","0","0","0",,"0","0"
2020/07/16 02:00:00,"1362","273","492","30","3",55.48780488,Zimbabwe,0,0,"0","23","425",0,"1557",26828874-4e51-4aaa-b2c4-389737303395,2021/03/22 10:57:26,surveyor_jr,2021/03/22 10:57:26,surveyor_jr,"914","0","0","0","0",,"0","0"
2020/09/16 02:00:00,"7598","22","647","40","0",3.400309119,Zimbabwe,0,21,"1","224","5823",0,"1558",e3e866a7-741a-4b0c-86f4-38dc3d51b892,2021/03/22 10:57:26,surveyor_jr,2021/03/22 10:57:26,surveyor_jr,"1551","0","0","0","0",,"0","0"
2021/03/14 02:00:00,"36484","13","1127","32","2",1.15350488,Zimbabwe,0,13,"0","1503","34043",0,"1559",47891f37-c24e-423b-81d2-39af38c5abfa,2021/03/22 10:57:26,surveyor_jr,2021/03/22 10:57:26,surveyor_jr,"938","94","13","0","0",,"81","36359"
2020/09/01 02:00:00,"6559","62","1013","20","1",6.120434353,Zimbabwe,0,51,"11","203","5241",0,"1560",f758649c-89e5-4d46-8b03-3a572bdfbb14,2021/03/22 10:57:26,surveyor_jr,2021/03/22 10:57:26,surveyor_jr,"1115","0","0","0","0",,"0","0"
2020/08/03 02:00:00,"4075","154","1449","41","10",10.62801932,Zimbabwe,2150,154,,"80","1238",0,"1561",1c423bf0-f4e4-4825-8089-3a7c5740f62e,2021/03/22 10:57:26,surveyor_jr,2021/03/22 10:57:26,surveyor_jr,"2757","0","0","0","0",,"0","0"
2020/10/11 02:00:00,"8011","1","597","12","0",0.167504188,Zimbabwe,0,1,"0","230","6504",0,"1562",649727f1-e0a7-4d9e-bfe5-3ce303c99132,2021/03/22 10:57:26,surveyor_jr,2021/03/22 10:57:26,surveyor_jr,"1277","0","0","0","0",,"0","0"
2020/06/30 02:00:00,"583","9","0","10","0",0,Zimbabwe,0,0,"0","7","162",0,"1563",d0c233d8-a250-4862-8bd5-3d2412a1c9f5,2021/03/22 10:57:26,surveyor_jr,2021/03/22 10:57:26,surveyor_jr,"414","0","0","0","0",,"0","0"
2020/12/10 10:29:00,"11081","74","1703","106","1",4.345273048,Zimbabwe,0,74,"0","305","9253",0,"1564",c3ac0f64-0994-47eb-951b-3d578655c098,2021/03/22 10:57:26,surveyor_jr,2021/03/22 10:57:26,surveyor_jr,"1523","0","0","0","0",,"0","0"
2020/03/31 02:00:00,"8","0","0","0","0",0,Zimbabwe,0,0,"0","1","0",0,"1565",480fd198-9b84-4218-9ad2-3d59897f198d,2021/03/22 10:57:26,surveyor_jr,2021/03/22 10:57:26,surveyor_jr,"7","0","0","0","0",,"0","0"
2020/12/21 23:42:00,"12422","97","1205","88","2",8.049792531,Zimbabwe,0,97,"0","322","10112",0,"1566",508578e2-8237-4a9b-8d5a-3df2ac43dba2,2021/03/22 10:57:26,surveyor_jr,2021/03/22 10:57:26,surveyor_jr,"1988","0","0","0","0",,"0","0"
2021/02/07 23:22:00,"34552","65","1064","168","10",6.109022556,"zimbabwe
",0,65,"0","1326","28551",0,"1567",ef7ed334-00ab-4098-8e27-3e75f8434d76,2021/03/22 10:57:26,surveyor_jr,2021/03/22 10:57:26,surveyor_jr,"4675","84","56","9","8",From the  hospitalized cases 11 were asymptomatic.,"11","0"
2020/10/19 02:00:00,"8159","12","564","5","1",2.127659574,Zimbabwe,0,12,"0","232","7683",0,"1568",aa8ecd82-6a1a-40b8-a13d-3eac11579582,2021/03/22 10:57:26,surveyor_jr,2021/03/22 10:57:26,surveyor_jr,"244","0","0","0","0",,"0","0"
2020/12/11 22:13:00,"11162","81","1444","64","1",5.609418283,Zimbabwe,0,81,"0","306","9324",0,"1569",96e8fa7b-cdf2-46e8-a30c-3f3919ac1c37,2021/03/22 10:57:26,surveyor_jr,2021/03/22 10:57:26,surveyor_jr,"1532","0","0","0","0",,"0","0"
2021/02/25 23:46:00,"35994","34","2965","45","2",1.146711636,"zimbabwe
",0,30,"4","1458","32455",0,"1570",f796cb55-e1cc-453d-886f-3f69d25b345f,2021/03/22 10:57:26,surveyor_jr,2021/03/22 10:57:26,surveyor_jr,"2081","153","44","32","5",,"72","11007"
2020/08/31 02:00:00,"6497","85","836","160","6",10.16746411,Zimbabwe,0,80,"5","202","5221",0,"1571",48137c67-60bf-4e77-b83e-3ff010f7344f,2021/03/22 10:57:26,surveyor_jr,2021/03/22 10:57:26,surveyor_jr,"1074","0","0","0","0",,"0","0"
2020/05/24 02:00:00,"79","0","0","2","0",0,Zimbabwe,0,0,"0","4","25",0,"1572",c9204ab6-d774-4c83-a406-40204e3e0d0b,2021/03/22 10:57:26,surveyor_jr,2021/03/22 10:57:26,surveyor_jr,"50","0","0","0","0",,"0","0"
2020/06/26 02:00:00,"559","8","0","7","0",0,Zimbabwe,0,0,"0","6","135",0,"1573",119e4f79-880a-4aa1-8ee7-40abe2df5b6a,2021/03/22 10:57:26,surveyor_jr,2021/03/22 10:57:26,surveyor_jr,"418","0","0","0","0",,"0","0"
2020/11/04 02:00:00,"8427","17","854","25","2",1.990632319,Zimbabwe,0,17,"0","248","7967",0,"1574",99503f86-182b-43d6-8972-417cd79f175f,2021/03/22 10:57:26,surveyor_jr,2021/03/22 10:57:26,surveyor_jr,"212","0","0","0","0",,"0","0"
2020/06/01 02:00:00,"203","25","0","0","0",0,Zimbabwe,0,0,"0","4","29",0,"1575",69379230-bccb-43b5-9a94-4273ee39233b,2021/03/22 10:57:26,surveyor_jr,2021/03/22 10:57:26,surveyor_jr,"170","0","0","0","0",,"0","0"
2020/06/24 02:00:00,"530","5","0","59","2",0,Zimbabwe,0,0,"0","6","123",0,"1576",f92d193c-189a-4d35-8567-431c62af0617,2021/03/22 10:57:26,surveyor_jr,2021/03/22 10:57:26,surveyor_jr,"401","0","0","0","0",,"0","0"
2020/11/06 02:00:00,"8471","27","756","8","2",3.571428571,Zimbabwe,0,27,"0","250","7983",0,"1577",c78e4cdd-0d2b-4ddf-acfb-43bee9a3df47,2021/03/22 10:57:26,surveyor_jr,2021/03/22 10:57:26,surveyor_jr,"238","0","0","0","0",,"0","0"
2020/04/27 02:00:00,"32","0","0","0","0",0,Zimbabwe,0,0,"0","4","5",0,"1578",0e7af0cb-5f5b-4544-816d-43c85bbeda4b,2021/03/22 10:57:26,surveyor_jr,2021/03/22 10:57:26,surveyor_jr,"23","0","0","0","0",,"0","0"
2020/08/12 02:00:00,"4893","75","1411","76","18",5.315379164,Zimbabwe,0,74,"1","122","1927",0,"1579",a736e8e1-5cc8-4084-9afc-454ce10466ef,2021/03/22 10:57:26,surveyor_jr,2021/03/22 10:57:26,surveyor_jr,"2844","0","0","0","0",,"0","0"
2020/06/20 02:00:00,"486","7","0","1","0",0,Zimbabwe,0,0,"0","4","64",0,"1580",5800a740-f1d5-4d69-836c-463369fb1522,2021/03/22 10:57:26,surveyor_jr,2021/03/22 10:57:26,surveyor_jr,"418","0","0","0","0",,"0","0"
2021/01/31 23:26:00,"33388","115","1762","683","24",6.526674234,Zimbabwe,0,115,"0","1217","26044",0,"1581",1c4f39ed-e2d9-4aab-9de7-46cbbd6dd971,2021/03/22 10:57:26,surveyor_jr,2021/03/22 10:57:26,surveyor_jr,"6127","77","64","9","4",,"0","0"
2021/01/30 22:52:00,"33273","321","1985","489","15",16.17128463,zimbabwe,0,321,"0","1193","25361",0,"1582",b3631300-d1aa-4e26-82fa-47892e912178,2021/03/22 10:57:26,surveyor_jr,2021/03/22 10:57:26,surveyor_jr,"6719","108","87","16","5",,"0","0"
2021/01/13 23:42:00,"24256","1017","3507","262","38",28.99914457,Zimbabwe,0,1017,"0","589","13658",0,"1583",22bd3e77-a565-4867-83ac-48e7e58aa583,2021/03/22 10:57:26,surveyor_jr,2021/03/22 10:57:26,surveyor_jr,"10009","0","0","0","0",,"0","0"
2021/02/04 22:40:00,"34171","207","3076","368","19",6.729518856,"zimbabwe
",0,207,"0","1288","27759",0,"1584",1e12c1d2-dfc9-4fe1-b65a-490e9a079895,2021/03/22 10:57:26,surveyor_jr,2021/03/22 10:57:26,surveyor_jr,"5124","171","89","59","13",,"10","0"
2020/11/07 02:00:00,"8498","27","687","12","1",3.930131004,Zimbabwe,0,27,"0","251","7995",0,"1585",5e62548f-524d-43a6-825b-49e01143e252,2021/03/22 10:57:26,surveyor_jr,2021/03/22 10:57:26,surveyor_jr,"252","0","0","0","0",,"0","0"
2020/08/01 02:00:00,"3659","490","1445","7","2",33.9100346,Zimbabwe,55,485,"5","69","1016",0,"1586",f70626a7-44d1-4815-b6dc-4a3b9b3923f3,2021/03/22 10:57:26,surveyor_jr,2021/03/22 10:57:26,surveyor_jr,"2574","0","0","0","0",,"0","0"
2020/12/10 00:56:00,"11007","95","1541","85","1",6.164828034,Zimbabwe,0,95,"0","304","9147",0,"1587",55af7c01-ceeb-4d07-9069-4a7f770c5e52,2021/03/22 10:57:26,surveyor_jr,2021/03/22 10:57:26,surveyor_jr,"1556","0","0","0","0",,"0","0"
2020/10/02 02:00:00,"7858","8","692","10","0",1.156069364,Zimbabwe,0,6,"2","228","6322",0,"1588",a137dac1-6df8-4c30-9ed2-4ae9b71007c5,2021/03/22 10:57:26,surveyor_jr,2021/03/22 10:57:26,surveyor_jr,"1308","0","0","0","0",,"0","0"
2020/07/31 02:00:00,"3169","77","1001","80","14",7.692307692,Zimbabwe,135,67,"10","67","1011",0,"1589",fa0134f7-80fc-4866-8937-512c529fda5a,2021/03/22 10:57:26,surveyor_jr,2021/03/22 10:57:26,surveyor_jr,"2091","0","0","0","0",,"0","0"
2020/10/21 02:00:00,"8215","28","805","33","3",3.47826087,Zimbabwe,0,28,"0","236","7725",0,"1590",388811d8-f822-4250-b9c6-515fac12f419,2021/03/22 10:57:26,surveyor_jr,2021/03/22 10:57:26,surveyor_jr,"254","0","0","0","0",,"0","0"
2020/12/02 09:26:00,"10243","114","1862","28","0",6.12244898,Zimbabwe,0,114,"0","277","8671",0,"1591",f8a4fc7a-626d-4a6e-9e79-51a9e7f15a17,2021/03/22 10:57:26,surveyor_jr,2021/03/22 10:57:26,surveyor_jr,"1295","0","0","0","0",,"0","0"
2020/10/27 02:00:00,"8315","12","1050","7","0",1.142857143,Zimbabwe,0,11,"1","242","7804",0,"1592",81c75858-a6c4-4c0d-9d01-527a0877ac18,2021/03/22 10:57:26,surveyor_jr,2021/03/22 10:57:26,surveyor_jr,"269","0","0","0","0",,"0","0"
2021/03/16 02:00:00,"36535","31","2062","73","3",1.503394762,Zimbabwe,0,31,"0","1507","34124",0,"1593",d1780736-2dae-4bdd-a99a-5394a342caba,2021/03/22 10:57:26,surveyor_jr,2021/03/22 10:57:26,surveyor_jr,"904","57","27","14","2",,"14","39550"
2021/01/01 22:49:00,"14084","217","3679","97","6",5.898341941,Zimbabwe,0,216,"1","369","11347",0,"1594",f18079e2-6bf8-400f-913b-552b1bda0e88,2021/03/22 10:57:26,surveyor_jr,2021/03/22 10:57:26,surveyor_jr,"2368","0","0","0","0",,"0","0"
2021/02/09 23:21:00,"34781","123","2447","464","14",5.026563139,"zimbabwe
",0,123,"0","1353","29289",0,"1595",22deba80-00b2-4a52-8f77-558d7f6e16bc,2021/03/22 10:57:26,surveyor_jr,2021/03/22 10:57:26,surveyor_jr,"4139","103","63","15","8","From the Hospitalized cases, 17 were asymptomatic. 14 COVID-19 deaths were reported today of which 10 of them occurred at institutional level  with 4 at community level.","17","0"
2021/01/17 23:28:00,"27203","322","1485","640","30",21.68350168,Zimbabwe,0,321,"1","713","16512",0,"1596",cc44e666-1900-40b4-8716-5599ee99fb0e,2021/03/22 10:57:26,surveyor_jr,2021/03/22 10:57:26,surveyor_jr,"9978","0","0","0","0",,"0","0"
2021/02/03 00:59:00,"33814","0","4160","211","0",0,"zimbabwe
",0,266,"0","1254","26794",0,"1597",abf4855d-611a-4085-8c4a-55f6f71a68e9,2021/03/22 10:57:26,surveyor_jr,2021/03/22 10:57:26,surveyor_jr,"5766","148","79","59","10",Mater Dei and Thorngroove did not report today,"0","0"
2020/04/09 02:00:00,"12","2","0","0","0",0,Zimbabwe,0,0,"0","3","0",0,"1598",68ff64bf-53eb-4ca4-ae54-5651623ec0ec,2021/03/22 10:57:26,surveyor_jr,2021/03/22 10:57:26,surveyor_jr,"9","0","0","0","0",,"0","0"
2020/10/20 02:00:00,"8187","28","791","9","1",3.539823009,Zimbabwe,0,20,"8","233","7692",0,"1599",9faf60de-c6fe-4777-835d-570f44a39638,2021/03/22 10:57:26,surveyor_jr,2021/03/22 10:57:26,surveyor_jr,"262","0","0","0","0",,"0","0"
2020/06/15 02:00:00,"386","4","0","0","0",0,Zimbabwe,0,0,"0","4","54",0,"1600",b9337c19-09e4-4609-990b-572299097d5b,2021/03/22 10:57:26,surveyor_jr,2021/03/22 10:57:26,surveyor_jr,"328","0","0","0","0",,"0","0"
2020/10/23 02:00:00,"8257","15","1039","29","0",1.443695861,Zimbabwe,0,15,"0","236","7771",0,"1601",92d7efa3-f1e5-4c96-a391-57587f64056c,2021/03/22 10:57:26,surveyor_jr,2021/03/22 10:57:26,surveyor_jr,"250","0","0","0","0",,"0","0"
2021/01/20 00:51:00,"28675","783","4725","738","52",16.57142857,Zimbabwe,0,783,"0","825","18110",0,"1602",06040282-7eb2-4dc2-9904-575c26bff4d2,2021/03/22 10:57:26,surveyor_jr,2021/03/22 10:57:26,surveyor_jr,"9740","283","186","84","13",,"0","0"
2020/10/01 02:00:00,"7850","12","1039","9","0",1.154956689,Zimbabwe,0,12,"0","228","6312",0,"1603",edc7794c-9702-4069-a008-57fc4edcfb3d,2021/03/22 10:57:26,surveyor_jr,2021/03/22 10:57:26,surveyor_jr,"1310","0","0","0","0",,"0","0"
2020/09/11 02:00:00,"7479","26","1051","25","2",2.473834443,Zimbabwe,0,26,"0","224","5660",0,"1604",0ac1234e-bb71-4e0b-a836-5988d93a32b9,2021/03/22 10:57:26,surveyor_jr,2021/03/22 10:57:26,surveyor_jr,"1595","0","0","0","0",,"0","0"
2020/12/24 22:46:00,"12786","130","1870","55","9",6.951871658,Zimbabwe,0,130,"0","339","10314",0,"1605",b5b6b3c9-f40c-4556-8cc4-59931d97513d,2021/03/22 10:57:26,surveyor_jr,2021/03/22 10:57:26,surveyor_jr,"2133","0","0","0","0",,"0","0"
2020/06/02 02:00:00,"206","3","0","0","0",0,Zimbabwe,0,0,"0","4","29",0,"1606",93edeff2-63f2-4e4a-93da-5a2ad1a3a365,2021/03/22 10:57:26,surveyor_jr,2021/03/22 10:57:26,surveyor_jr,"173","0","0","0","0",,"0","0"
2020/09/19 02:00:00,"7672","25","539","31","1",4.638218924,Zimbabwe,0,25,"0","225","5914",0,"1607",e35b29b0-d2de-4023-99b9-5b35c7d8a664,2021/03/22 10:57:26,surveyor_jr,2021/03/22 10:57:26,surveyor_jr,"1533","0","0","0","0",,"0","0"
2020/09/26 02:00:00,"7803","16","543","10","0",2.946593002,Zimbabwe,0,16,"0","227","6067",0,"1608",1ab4a1d8-b3f9-4d28-a91c-5d532104cf6a,2021/03/22 10:57:26,surveyor_jr,2021/03/22 10:57:26,surveyor_jr,"1509","0","0","0","0",,"0","0"
2021/03/17 02:00:00,"36552","17","1510","12","1",1.125827815,Zimbabwe,0,17,"0","1508","34136",0,"1609",497aa833-26a0-46ae-be53-5dae9bd94a06,2021/03/22 10:57:26,surveyor_jr,2021/03/22 10:57:26,surveyor_jr,"908","46","26","11","2",,"7","39607"
2020/11/18 02:00:00,"8981","36","1246","20","1",2.889245586,Zimbabwe,0,36,"0","261","8184",0,"1610",ffe4b38c-2201-4c9d-80a7-5e39c49317ca,2021/03/22 10:57:26,surveyor_jr,2021/03/22 10:57:26,surveyor_jr,"536","0","0","0","0",,"0","0"
2020/09/03 02:00:00,"6678","40","1095","13","0",3.652968037,Zimbabwe,0,5,"35","206","5263",0,"1611",a52d22c0-2e9a-45f6-a489-5e65147c7b78,2021/03/22 10:57:26,surveyor_jr,2021/03/22 10:57:26,surveyor_jr,"1209","0","0","0","0",,"0","0"
2020/05/15 02:00:00,"42","4","0","0","0",0,Zimbabwe,0,0,"0","4","13",0,"1612",3d6bf58f-f82a-4136-a5a6-5f83ff142c0d,2021/03/22 10:57:26,surveyor_jr,2021/03/22 10:57:26,surveyor_jr,"25","0","0","0","0",,"0","0"
2020/07/27 02:00:00,"2704","192","1485","24","2",12.92929293,Zimbabwe,0,0,"0","36","604",0,"1613",e905b01d-0639-45cb-9373-60f8ed8389a0,2021/03/22 10:57:26,surveyor_jr,2021/03/22 10:57:26,surveyor_jr,"2064","0","0","0","0",,"0","0"
2020/10/17 02:00:00,"8110","11","804","0","0",1.368159204,Zimbabwe,0,10,"1","231","7673",0,"1614",31ed5fc6-5979-4011-8375-622632bf316d,2021/03/22 10:57:26,surveyor_jr,2021/03/22 10:57:26,surveyor_jr,"206","0","0","0","0",,"0","0"
2021/01/25 00:42:00,"31320","313","2311","873","31",13.54392038,Zimbabwe,0,313,"0","1005","22250",0,"1615",3270c44a-7cdf-4818-90e0-63f738f5d5ab,2021/03/22 10:57:26,surveyor_jr,2021/03/22 10:57:26,surveyor_jr,"8065","105","91","9","5",,"0","0"
2020/04/29 02:00:00,"34","2","0","0","0",0,Zimbabwe,0,0,"0","4","5",0,"1616",dcbb4181-8602-4ff7-8c3e-64482999182c,2021/03/22 10:57:26,surveyor_jr,2021/03/22 10:57:26,surveyor_jr,"25","0","0","0","0",,"0","0"
2021/01/03 22:48:00,"15265","774","3313","211","3",23.36251132,Zimbabwe,0,774,"0","380","11574",0,"1617",ff2441b8-702b-4e24-9ea2-64f65ef70bc3,2021/03/22 10:57:26,surveyor_jr,2021/03/22 10:57:26,surveyor_jr,"3311","0","0","0","0",,"0","0"
2020/10/04 02:00:00,"7888","3","217","32","0",1.382488479,Zimbabwe,0,3,"0","228","6359",0,"1618",8920d895-3338-4866-955e-6696b6c53e5a,2021/03/22 10:57:26,surveyor_jr,2021/03/22 10:57:26,surveyor_jr,"1301","0","0","0","0",,"0","0"
2020/08/29 02:00:00,"6406","18","1114","13","1",1.615798923,Zimbabwe,0,18,"0","196","5056",0,"1619",d6847bd4-a0f7-4353-aa6b-66b28d111db9,2021/03/22 10:57:26,surveyor_jr,2021/03/22 10:57:26,surveyor_jr,"1154","0","0","0","0",,"0","0"
2020/06/07 02:00:00,"283","9","0","1","0",0,Zimbabwe,0,0,"0","4","34",0,"1620",25ca55d0-c048-407f-aee4-66b82e463216,2021/03/22 10:57:26,surveyor_jr,2021/03/22 10:57:26,surveyor_jr,"245","0","0","0","0",,"0","0"
2020/04/05 02:00:00,"10","1","0","0","0",0,Zimbabwe,0,0,"0","1","0",0,"1621",79b3e337-01d4-404a-aa66-66c7c086ab0e,2021/03/22 10:57:26,surveyor_jr,2021/03/22 10:57:26,surveyor_jr,"9","0","0","0","0",,"0","0"
2020/05/02 02:00:00,"34","0","0","0","0",0,Zimbabwe,0,0,"0","4","5",0,"1622",48ad452b-8da0-49ad-a9b0-6716bf71a16d,2021/03/22 10:57:26,surveyor_jr,2021/03/22 10:57:26,surveyor_jr,"25","0","0","0","0",,"0","0"
2021/01/08 23:30:00,"19660","985","2746","101","22",35.87035688,Zimbabwe,0,984,"1","468","12184",0,"1623",8ea6aa6b-a11f-427f-9d0a-6797fe744346,2021/03/22 10:57:26,surveyor_jr,2021/03/22 10:57:26,surveyor_jr,"7008","0","0","0","0",,"0","0"
2021/01/21 00:33:00,"29408","733","4418","1143","54",16.59121775,Zimbabwe,0,733,"0","879","19253",0,"1624",da73c825-898e-44d2-94e7-67ab62c45046,2021/03/22 10:57:26,surveyor_jr,2021/03/22 10:57:26,surveyor_jr,"9276","257","181","56","20",,"0","0"
2020/08/11 02:00:00,"4818","70","1795","20","0",3.899721448,Zimbabwe,0,70,"0","104","1620",0,"1625",f0b5d97b-818f-4461-93c9-69d5076f7e18,2021/03/22 10:57:26,surveyor_jr,2021/03/22 10:57:26,surveyor_jr,"3094","0","0","0","0",,"0","0"
2020/12/29 23:57:00,"13325","177","2373","362","5",7.458912769,Zimbabwe,0,144,"33","359","11067",0,"1626",d4f95fd3-8c87-4386-baf0-6a64191775cf,2021/03/22 10:57:26,surveyor_jr,2021/03/22 10:57:26,surveyor_jr,"1899","0","0","0","0",,"0","0"
2020/04/18 02:00:00,"24","0","0","0","0",0,Zimbabwe,0,0,"0","3","2",0,"1627",f979a7f8-e3a2-46c4-8618-6a71cfce2262,2021/03/22 10:57:26,surveyor_jr,2021/03/22 10:57:26,surveyor_jr,"19","0","0","0","0",,"0","0"
2021/02/14 00:15:00,"35104","59","1318","130","5",4.476479514,Zimbabwe,0,59,"0","1398","30089",0,"1628",a0fb2a8f-acb6-4fb3-bb8f-6afb2691f313,2021/03/22 10:57:26,surveyor_jr,2021/03/22 10:57:26,surveyor_jr,"3617","101","56","34","3",From the hosptialized cases 8 were asymptomatic. ,"8","0"
2021/01/26 23:23:00,"32004","358","3061","536","28",11.69552434,Zimbabwe,0,358,"0","1103","23413",0,"1629",d8efaadf-288b-478f-be7a-6b51906eddcf,2021/03/22 10:57:26,surveyor_jr,2021/03/22 10:57:26,surveyor_jr,"7488","213","139","62","12",,"0","0"
2020/04/17 02:00:00,"24","1","0","0","0",0,Zimbabwe,0,0,"0","3","2",0,"1630",a28cfcfb-dd0c-4155-b497-6b51b6e1fcde,2021/03/22 10:57:26,surveyor_jr,2021/03/22 10:57:26,surveyor_jr,"19","0","0","0","0",,"0","0"
2020/11/29 01:49:00,"9822","108","1721","2","0",6.275421267,Zimbabwe,0,108,"0","275","8472",0,"1631",007be807-efb1-4369-865a-6d0b89e3b732,2021/03/22 10:57:26,surveyor_jr,2021/03/22 10:57:26,surveyor_jr,"1075","0","0","0","0",,"0","0"
2020/10/26 02:00:00,"8303","27","698","0","5",3.868194842,Zimbabwe,0,27,"0","242","7797",0,"1632",66263965-6073-4cfb-a5a4-6d52090cb904,2021/03/22 10:57:26,surveyor_jr,2021/03/22 10:57:26,surveyor_jr,"264","0","0","0","0",,"0","0"
2020/08/05 02:00:00,"4339","118","1660","26","3",7.108433735,Zimbabwe,138,117,"1","84","1264",0,"1633",a00f863d-e853-4a04-8282-6e072d02b0a3,2021/03/22 10:57:26,surveyor_jr,2021/03/22 10:57:26,surveyor_jr,"2991","0","0","0","0",,"0","0"
2020/08/08 02:00:00,"4575","124","1212","71","0",10.2310231,Zimbabwe,213,118,"6","102","1437",0,"1634",4c91405f-dbe2-4fd3-af0e-6e3ec4c059a7,2021/03/22 10:57:26,surveyor_jr,2021/03/22 10:57:26,surveyor_jr,"3036","0","0","0","0",,"0","0"
2020/07/26 02:00:00,"2512","78","1339","0","0",5.825242718,Zimbabwe,0,0,"0","34","542",0,"1635",bd9105ab-4717-4b8d-9fbb-6e42c8f31b60,2021/03/22 10:57:26,surveyor_jr,2021/03/22 10:57:26,surveyor_jr,"1936","0","0","0","0",,"0","0"
2020/07/17 02:00:00,"1420","58","979","13","1",5.924412666,Zimbabwe,0,0,"0","24","438",0,"1636",15147c18-bad8-40c2-8378-70223459f2e2,2021/03/22 10:57:26,surveyor_jr,2021/03/22 10:57:26,surveyor_jr,"958","0","0","0","0",,"0","0"
2021/01/21 23:31:00,"30047","639","3257","316","38",19.61928155,Zimbabwe,0,639,"0","917","19569",0,"1637",f2e232ac-f96b-43ae-8e03-71746cd40596,2021/03/22 10:57:26,surveyor_jr,2021/03/22 10:57:26,surveyor_jr,"9561","272","173","81","18",,"0","0"
2020/10/12 02:00:00,"8021","10","481","1122","0",2.079002079,Zimbabwe,0,10,"0","230","7627",0,"1638",c4afcbc0-9bbd-4521-9f40-739dbcada52c,2021/03/22 10:57:26,surveyor_jr,2021/03/22 10:57:26,surveyor_jr,"164","0","0","0","0",,"0","0"
2020/05/09 02:00:00,"36","1","0","0","0",0,Zimbabwe,0,0,"0","4","9",0,"1639",f30e6f96-336c-465b-a8df-73e01bb5b010,2021/03/22 10:57:26,surveyor_jr,2021/03/22 10:57:26,surveyor_jr,"23","0","0","0","0",,"0","0"
2020/07/29 02:00:00,"2879","62","1791","283","1",3.46175321,Zimbabwe,68917,1837,"1042","41","924",0,"1640",610bc6b9-fe9c-4c9b-bbd4-73ea89e0d8fe,2021/03/22 10:57:26,surveyor_jr,2021/03/22 10:57:26,surveyor_jr,"1914","0","0","0","0",,"0","0"
2020/07/13 02:00:00,"1034","49","412","0","1",11.89320388,Zimbabwe,0,0,"0","19","343",0,"1641",05b56230-ab63-4886-abf3-754d3271d573,2021/03/22 10:57:26,surveyor_jr,2021/03/22 10:57:26,surveyor_jr,"672","0","0","0","0",,"0","0"
2020/04/16 02:00:00,"23","0","0","1","0",0,Zimbabwe,0,0,"0","3","2",0,"1642",13985569-6938-45ab-b17e-77e26a1f4c02,2021/03/22 10:57:26,surveyor_jr,2021/03/22 10:57:26,surveyor_jr,"18","0","0","0","0",,"0","0"
2021/03/04 23:13:00,"36223","44","2054","240","5",2.142161636,Zimbabwe,0,44,"0","1483","33632",0,"1643",6e79e235-f6c0-4b91-a8ae-7868334a2ebb,2021/03/22 10:57:26,surveyor_jr,2021/03/22 10:57:26,surveyor_jr,"1108","146","59","16","6",30658 are the Cumulative vaccinated. Asymptomatic were 65,,
2020/11/01 02:00:00,"8374","7","574","33","0",1.219512195,Zimbabwe,0,6,"1","243","7927",0,"1644",d277299f-0235-4880-9dd2-7883c45e6688,2021/03/22 10:57:26,surveyor_jr,2021/03/22 10:57:26,surveyor_jr,"204","0","0","0","0",,"0","0"
2020/09/10 02:00:00,"7453","24","969","93","0",2.476780186,Zimbabwe,0,20,"4","222","5635",0,"1645",ddaefb1a-33b2-44da-b7d5-78a8a3e2cc19,2021/03/22 10:57:26,surveyor_jr,2021/03/22 10:57:26,surveyor_jr,"1596","0","0","0","0",,"0","0"
2020/12/31 22:59:00,"13867","242","1677","96","3",14.43053071,Zimbabwe,0,242,"0","363","11250",0,"1646",5046003e-f59d-49fa-95ec-791991903c3e,2021/03/22 10:57:26,surveyor_jr,2021/03/22 10:57:26,surveyor_jr,"2254","0","0","0","0",,"0","0"
2020/09/28 02:00:00,"7816","4","504","6","1",0.793650794,Zimbabwe,0,4,"0","228","6112",0,"1647",4f3f8b46-5554-46ef-a883-79f21fe8624e,2021/03/22 10:57:26,surveyor_jr,2021/03/22 10:57:26,surveyor_jr,"1476","0","0","0","0",,"0","0"
2020/05/14 02:00:00,"38","1","0","0","0",0,Zimbabwe,0,0,"0","4","13",0,"1648",ea251d25-b7c2-431b-abe9-7ab98240968f,2021/03/22 10:57:26,surveyor_jr,2021/03/22 10:57:26,surveyor_jr,"21","0","0","0","0",,"0","0"
2021/01/09 23:12:00,"20499","839","3010","255","15",27.87375415,Zimbabwe,0,838,"1","483","12439",0,"1649",5da307a3-4d6b-4d78-b853-7ac1294fc5ef,2021/03/22 10:57:26,surveyor_jr,2021/03/22 10:57:26,surveyor_jr,"7577","0","0","0","0",,"0","0"
2020/05/20 02:00:00,"48","2","0","0","0",0,Zimbabwe,0,0,"0","4","18",0,"1650",297f11b6-3a83-411b-b28a-7ad7bf0bbbf1,2021/03/22 10:57:26,surveyor_jr,2021/03/22 10:57:26,surveyor_jr,"26","0","0","0","0",,"0","0"
2020/11/03 02:00:00,"8410","21","745","3","1",2.818791946,Zimbabwe,0,19,"2","246","7942",0,"1651",a9fbc865-df72-4709-af9c-7b46de540f0b,2021/03/22 10:57:26,surveyor_jr,2021/03/22 10:57:26,surveyor_jr,"222","0","0","0","0",,"0","0"
2020/04/21 02:00:00,"28","1","0","0","0",0,Zimbabwe,0,0,"0","3","2",0,"1652",74eb051e-8098-48a9-922b-7b6bace820a1,2021/03/22 10:57:26,surveyor_jr,2021/03/22 10:57:26,surveyor_jr,"23","0","0","0","0",,"0","0"
2020/09/05 02:00:00,"6977","140","629","15","1",22.25755167,Zimbabwe,0,140,"0","207","5360",0,"1653",ae5aca14-d4c0-4a0e-aa75-7bc3cdc60a38,2021/03/22 10:57:26,surveyor_jr,2021/03/22 10:57:26,surveyor_jr,"1410","0","0","0","0",,"0","0"
2020/05/23 02:00:00,"79","23","0","5","0",0,Zimbabwe,0,0,"0","4","23",0,"1654",eda16b1f-1ba0-440d-8e29-7c3ed43e5e97,2021/03/22 10:57:26,surveyor_jr,2021/03/22 10:57:26,surveyor_jr,"52","0","0","0","0",,"0","0"
2020/05/06 02:00:00,"34","0","0","0","0",0,Zimbabwe,0,0,"0","4","5",0,"1655",ef177a06-701c-4664-a6a3-7cade1ffb2eb,2021/03/22 10:57:26,surveyor_jr,2021/03/22 10:57:26,surveyor_jr,"25","0","0","0","0",,"0","0"
2020/05/28 02:00:00,"149","17","0","3","0",0,Zimbabwe,0,0,"0","4","28",0,"1656",08243f1a-9127-4d1d-a312-7e4d8904ed3f,2021/03/22 10:57:26,surveyor_jr,2021/03/22 10:57:26,surveyor_jr,"117","0","0","0","0",,"0","0"
2021/03/06 02:00:00,"36260","12","1600","46","1",0.75,Zimbabwe,0,12,"0","1485","33805",0,"1657",1ff52587-747c-468b-99ea-7ec67f3a78b6,2021/03/22 10:57:26,surveyor_jr,2021/03/22 10:57:26,surveyor_jr,"970","131","37","19","10",,"65","32014"
2020/12/26 23:21:00,"12963","83","1184","51","0",7.010135135,Zimbabwe,0,83,"0","341","10519",0,"1658",2559f556-2b0a-4445-937e-7f9e9e3794ac,2021/03/22 10:57:26,surveyor_jr,2021/03/22 10:57:26,surveyor_jr,"2103","0","0","0","0",,"0","0"
2020/10/13 02:00:00,"8036","15","588","5","0",2.551020408,Zimbabwe,0,15,"0","230","7632",0,"1659",e1711fc7-1299-4f89-8257-80cb5b800cdf,2021/03/22 10:57:26,surveyor_jr,2021/03/22 10:57:26,surveyor_jr,"174","0","0","0","0",,"0","0"
2020/08/30 02:00:00,"6412","6","602","5","0",0.996677741,Zimbabwe,0,6,"0","196","5061",0,"1660",62d87913-be2f-4c03-a2dd-811806fadbb3,2021/03/22 10:57:26,surveyor_jr,2021/03/22 10:57:26,surveyor_jr,"1155","0","0","0","0",,"0","0"
2020/11/08 02:00:00,"8531","33","582","11","2",5.670103093,Zimbabwe,0,33,"0","253","8005",0,"1661",ff030459-0f61-4d4c-91c7-812cd8ffa9f0,2021/03/22 10:57:26,surveyor_jr,2021/03/22 10:57:26,surveyor_jr,"273","0","0","0","0",,"0","0"
2020/07/12 02:00:00,"985","3","517","8","0",0.580270793,Zimbabwe,0,0,"0","18","328",0,"1662",65df8607-34f4-40ae-99e0-82adc0eebfd1,2021/03/22 10:57:26,surveyor_jr,2021/03/22 10:57:26,surveyor_jr,"639","0","0","0","0",,"0","0"
2020/06/10 02:00:00,"326","12","0","3","0",0,Zimbabwe,0,0,"0","4","49",0,"1663",caa00cbd-36d3-4d2a-90c4-82ae7e75f1e3,2021/03/22 10:57:26,surveyor_jr,2021/03/22 10:57:26,surveyor_jr,"273","0","0","0","0",,"0","0"
2020/03/23 02:00:00,"2","0","0","0","1",0,Zimbabwe,0,0,"0","1","0",0,"1664",02a6c95d-2d37-4053-b577-83dbd8c03a35,2021/03/22 10:57:26,surveyor_jr,2021/03/22 10:57:26,surveyor_jr,"1","0","0","0","0",,"0","0"
2020/11/12 02:00:00,"8696","29","1086","14","0",2.670349908,Zimbabwe,0,28,"1","255","8060",0,"1665",3cc5bf4a-2406-4554-b5d4-845415c4f9e8,2021/03/22 10:57:26,surveyor_jr,2021/03/22 10:57:26,surveyor_jr,"381","0","0","0","0",,"0","0"
2020/06/13 02:00:00,"351","6","0","3","0",0,Zimbabwe,0,0,"0","4","54",0,"1666",a972ccd7-d22e-4606-bc68-846d2dc4231f,2021/03/22 10:57:26,surveyor_jr,2021/03/22 10:57:26,surveyor_jr,"293","0","0","0","0",,"0","0"
2020/07/02 02:00:00,"615","10","522","7","0",1.915708812,Zimbabwe,0,0,"0","7","173",0,"1667",d810e64c-e74c-4e08-bed2-855d5407c0fb,2021/03/22 10:57:26,surveyor_jr,2021/03/22 10:57:26,surveyor_jr,"435","0","0","0","0",,"0","0"
2020/03/24 02:00:00,"3","1","0","0","0",0,Zimbabwe,0,0,"0","1","0",0,"1668",54924e04-a19c-489a-ad0f-85d2a92b5760,2021/03/22 10:57:26,surveyor_jr,2021/03/22 10:57:26,surveyor_jr,"2","0","0","0","0",,"0","0"
2020/06/25 02:00:00,"551","21","0","5","0",0,Zimbabwe,0,0,"0","6","128",0,"1669",baa6bea1-cb59-4156-a04f-85e5aeec5da2,2021/03/22 10:57:26,surveyor_jr,2021/03/22 10:57:26,surveyor_jr,"417","0","0","0","0",,"0","0"
2020/11/13 02:00:00,"8765","69","1092","28","2",6.318681319,Zimbabwe,0,69,"0","257","8090",0,"1670",0b4b373e-d4a0-4f95-a95b-8667952df9dd,2021/03/22 10:57:26,surveyor_jr,2021/03/22 10:57:26,surveyor_jr,"418","0","0","0","0",,"0","0"
2020/05/12 02:00:00,"37","0","0","0","0",0,Zimbabwe,0,0,"0","4","12",0,"1671",4c5d49ec-03a9-4ffc-a0f4-8771aa27748a,2021/03/22 10:57:26,surveyor_jr,2021/03/22 10:57:26,surveyor_jr,"21","0","0","0","0",,"0","0"
2020/10/08 02:00:00,"7951","32","929","5","0",3.444564047,Zimbabwe,0,32,"0","229","6448",0,"1672",c1b92620-71d8-4423-b7f6-8840173ad9cb,2021/03/22 10:57:26,surveyor_jr,2021/03/22 10:57:26,surveyor_jr,"1274","0","0","0","0",,"0","0"
2020/12/09 00:49:00,"10912","73","1965","90","9",3.715012723,"Zimbabwe
",0,73,"0","303","9062",0,"1673",de24f803-5e88-454f-8437-89007e6fa3ef,2021/03/22 10:57:26,surveyor_jr,2021/03/22 10:57:26,surveyor_jr,"1547","0","0","0","0",,"0","0"
2020/07/10 02:00:00,"942","16","659","14","1",2.427921093,Zimbabwe,0,0,"0","13","320",0,"1674",fab6cb31-2410-4acc-b072-8931d1fc1f0b,2021/03/22 10:57:26,surveyor_jr,2021/03/22 10:57:26,surveyor_jr,"609","0","0","0","0",,"0","0"
2020/11/30 10:26:00,"10034","84","797","7","1",10.53952321,Zimbabwe,0,61,"23","277","8489",0,"1675",1039ae6e-c323-46c1-80f8-8a4259307316,2021/03/22 10:57:26,surveyor_jr,2021/03/22 10:57:26,surveyor_jr,"1268","0","0","0","0",,"0","0"
2021/03/19 02:00:00,"36652","41","2286","23","1",1.793525809,Zimbabwe,0,41,"0","1510","34249",0,"1676",fe82bfbb-ebf5-40d5-9838-8a6fe02a0a1c,2021/03/22 10:57:26,surveyor_jr,2021/03/22 10:57:26,surveyor_jr,"893","52","33","8","2",,"9","41687"
2020/09/09 02:00:00,"7429","41","1053","65","4",3.893637227,Zimbabwe,0,23,"18","222","5542",0,"1677",54dd8a3b-91d1-4519-b2b8-8a769a19f660,2021/03/22 10:57:26,surveyor_jr,2021/03/22 10:57:26,surveyor_jr,"1665","0","0","0","0",,"0","0"
2020/04/30 02:00:00,"34","0","0","0","0",0,Zimbabwe,0,0,"0","4","5",0,"1678",5c10ed74-0a1b-434b-8afd-8b7cc2c27e78,2021/03/22 10:57:26,surveyor_jr,2021/03/22 10:57:26,surveyor_jr,"25","0","0","0","0",,"0","0"
2021/03/03 00:24:00,"36148","33","2207","84","4",1.495242411,"zimbabwe
",0,33,"0","1472","32989",0,"1679",295a4e30-a171-4a11-8430-8bf47b58d385,2021/03/22 10:57:26,surveyor_jr,2021/03/22 10:57:26,surveyor_jr,"1687","117","34","5","4",,"74","25077"
2021/02/28 00:00:00,"36058","14","1302","51","0",1.075268817,Zimbabwe,0,14,"0","1463","32590",0,"1680",387388b0-f9de-438f-b102-8c15073cc920,2021/03/22 10:57:26,surveyor_jr,2021/03/22 10:57:26,surveyor_jr,"2005","161","38","6","8",,"109","15705"
2020/09/20 02:00:00,"7683","11","628","10","0",1.751592357,Zimbabwe,0,11,"0","225","5924",0,"1681",a50a61e2-e215-434b-bd1e-8c2fbea9eb19,2021/03/22 10:57:26,surveyor_jr,2021/03/22 10:57:26,surveyor_jr,"1534","0","0","0","0",,"0","0"
2021/03/11 02:00:00,"36377","36","1706","19","3",2.110199297,Zimbabwe,0,36,"0","1492","33972",0,"1682",1086a789-fb58-4d1b-8d0c-8c569eee1d72,2021/03/22 10:57:26,surveyor_jr,2021/03/22 10:57:26,surveyor_jr,"913","120","22","19","3",,"76","36019"
2020/12/18 10:41:00,"12047","298","2155","58","2",13.82830626,Zimbabwe,0,181,"0","316","9894",0,"1683",a902a052-16af-4a4b-a5fc-8cd9f719b168,2021/03/22 10:57:26,surveyor_jr,2021/03/22 10:57:26,surveyor_jr,"1837","0","0","0","0",,"0","0"
2020/05/21 02:00:00,"51","3","0","0","0",0,Zimbabwe,0,0,"0","4","18",0,"1684",03bca336-5d12-4e9e-860e-8e2cc9dd51dc,2021/03/22 10:57:26,surveyor_jr,2021/03/22 10:57:26,surveyor_jr,"29","0","0","0","0",,"0","0"
2020/05/25 02:00:00,"79","0","0","0","0",0,Zimbabwe,0,0,"0","4","25",0,"1685",c398d49a-e208-4ba7-8659-8ee092fa49db,2021/03/22 10:57:26,surveyor_jr,2021/03/22 10:57:26,surveyor_jr,"50","0","0","0","0",,"0","0"
2021/02/17 22:59:00,"35423","108","2063","636","4",5.235094523,"zimbabwe
",0,108,"0","1418","31615",0,"1686",16da546f-f3e3-46b2-afd0-8f72c104467d,2021/03/22 10:57:26,surveyor_jr,2021/03/22 10:57:26,surveyor_jr,"2390","126","82","35","5","From the hospitalized cases, 4 were asymptomatic. 4 deaths were recorded today and all of them were at institutional level.","4","0"
2020/05/26 02:00:00,"79","0","0","0","0",0,Zimbabwe,0,0,"0","4","25",0,"1687",82c31039-55a1-4eeb-a29c-9028a907014f,2021/03/22 10:57:26,surveyor_jr,2021/03/22 10:57:26,surveyor_jr,"50","0","0","0","0",,"0","0"
2021/02/03 23:21:00,"33964","150","2829","597","15",5.302226935,"zimbabwe
",0,150,"0","1269","27391",0,"1688",632aeae8-b67d-4823-9612-90a3b7593adc,2021/03/22 10:57:26,surveyor_jr,2021/03/22 10:57:26,surveyor_jr,"5304","178","98","65","15",All facilities submitted data today,"0","0"
2020/11/14 02:00:00,"8786","21","580","8","0",3.620689655,Zimbabwe,0,21,"0","257","8096",0,"1689",7d606088-02d7-4609-8ca1-9180720c63a9,2021/03/22 10:57:26,surveyor_jr,2021/03/22 10:57:26,surveyor_jr,"433","0","0","0","0",,"0","0"
2020/07/20 02:00:00,"1713","102","502","0","1",20.3187251,Zimbabwe,0,0,"0","26","472",0,"1690",4e4e833e-945f-480e-b433-91e3a448be2c,2021/03/22 10:57:26,surveyor_jr,2021/03/22 10:57:26,surveyor_jr,"1215","0","0","0","0",,"0","0"
2020/09/02 02:00:00,"6638","79","939","9","3",8.413205538,Zimbabwe,0,59,"20","206","5250",0,"1691",21768f9f-2696-4eb6-b1de-91fa34e2536a,2021/03/22 10:57:26,surveyor_jr,2021/03/22 10:57:26,surveyor_jr,"1182","0","0","0","0",,"0","0"
2020/06/28 02:00:00,"564","0","0","0","0",0,Zimbabwe,0,0,"0","6","142",0,"1692",728ca1bd-be63-4c48-8f1f-9258b4c82bad,2021/03/22 10:57:26,surveyor_jr,2021/03/22 10:57:26,surveyor_jr,"416","0","0","0","0",,"0","0"
2020/08/20 02:00:00,"5745","102","1256","83","1",8.121019108,Zimbabwe,0,102,"0","151","4525",0,"1693",06e10dcb-186e-497b-b884-93afd5a78e6d,2021/03/22 10:57:26,surveyor_jr,2021/03/22 10:57:26,surveyor_jr,"1069","0","0","0","0",,"0","0"
2020/05/16 02:00:00,"44","2","0","4","0",0,Zimbabwe,0,0,"0","4","17",0,"1694",1141c509-669d-43f8-b1f2-94acfe1a5e85,2021/03/22 10:57:26,surveyor_jr,2021/03/22 10:57:26,surveyor_jr,"23","0","0","0","0",,"0","0"
2020/10/22 02:00:00,"8242","27","827","17","0",3.264812576,Zimbabwe,0,15,"12","236","7742",0,"1695",886c5223-b743-4058-95b4-96925432a105,2021/03/22 10:57:26,surveyor_jr,2021/03/22 10:57:26,surveyor_jr,"264","0","0","0","0",,"0","0"
2020/06/23 02:00:00,"525","13","0","0","0",0,Zimbabwe,0,0,"0","4","64",0,"1696",2653ebbc-8a9e-457e-b97d-99eb56dc5658,2021/03/22 10:57:26,surveyor_jr,2021/03/22 10:57:26,surveyor_jr,"457","0","0","0","0",,"0","0"
2020/11/17 02:00:00,"8945","48","875","49","3",5.485714286,Zimbabwe,0,47,"1","260","8164",0,"1697",f55bc9ca-b98c-4c0a-9e4a-9a7a5fb37a3c,2021/03/22 10:57:26,surveyor_jr,2021/03/22 10:57:26,surveyor_jr,"521","0","0","0","0",,"0","0"
2021/01/04 23:23:00,"15829","564","1874","142","4",30.09605123,Zimbabwe,0,564,"0","384","11716",0,"1698",3c0ef4b1-f89d-4a68-9671-9adad03f9144,2021/03/22 10:57:26,surveyor_jr,2021/03/22 10:57:26,surveyor_jr,"3729","0","0","0","0",,"0","0"
2020/09/21 02:00:00,"7706","23","263","24","1",8.745247148,Zimbabwe,0,23,"0","226","5948",0,"1699",b82b1e98-3e80-4e21-a240-9af46fe37e78,2021/03/22 10:57:26,surveyor_jr,2021/03/22 10:57:26,surveyor_jr,"1532","0","0","0","0",,"0","0"
2020/11/28 01:53:00,"9714","91","907","73","1",10.03307607,Zimbabwe,0,91,"0","275","8470",0,"1700",d5415c46-cdea-4924-b535-9bbbed0fabab,2021/03/22 10:57:26,surveyor_jr,2021/03/22 10:57:26,surveyor_jr,"969","0","0","0","0",,"0","0"
2020/05/10 02:00:00,"36","0","0","0","0",0,Zimbabwe,0,0,"0","4","9",0,"1701",bd78d47e-5631-4d37-8152-9bf7d95b9090,2021/03/22 10:57:26,surveyor_jr,2021/03/22 10:57:26,surveyor_jr,"23","0","0","0","0",,"0","0"
2020/07/04 02:00:00,"698","75","733","5","1",10.2319236,Zimbabwe,0,0,"0","8","181",0,"1702",ce58ff6c-a5ab-47a0-9b0b-9c0336a0e2f5,2021/03/22 10:57:26,surveyor_jr,2021/03/22 10:57:26,surveyor_jr,"509","0","0","0","0",,"0","0"
2021/02/03 00:35:00,"33814","266","4160","211","20",6.394230769,"zimbabwe
",0,266,"0","1254","26794",0,"1703",91816a78-9d31-4ebc-8478-9c11487627aa,2021/03/22 10:57:26,surveyor_jr,2021/03/22 10:57:26,surveyor_jr,"5766","148","79","59","10",Mater Dei and Thorngroove did not report.,"0","0"
2020/04/13 02:00:00,"16","3","0","0","0",0,Zimbabwe,0,0,"0","3","0",0,"1704",f1203e50-aab6-41f0-a651-9d2c2a66ac48,2021/03/22 10:57:26,surveyor_jr,2021/03/22 10:57:26,surveyor_jr,"13","0","0","0","0",,"0","0"
2020/07/09 02:00:00,"926","41","580","100","3",7.068965517,Zimbabwe,0,0,"0","12","306",0,"1705",a8da6d1f-488e-41ed-ad74-9ec05236a1da,2021/03/22 10:57:26,surveyor_jr,2021/03/22 10:57:26,surveyor_jr,"608","0","0","0","0",,"0","0"
2020/04/10 02:00:00,"13","1","0","0","0",0,Zimbabwe,0,0,"0","3","0",0,"1706",27cadf25-73f0-406b-a416-9ee0de5cc24d,2021/03/22 10:57:26,surveyor_jr,2021/03/22 10:57:26,surveyor_jr,"10","0","0","0","0",,"0","0"
2020/07/03 02:00:00,"623","8","499","3","0",1.603206413,Zimbabwe,0,0,"0","7","176",0,"1707",a6ad6e87-5f0b-4dbb-9176-a03205399ba6,2021/03/22 10:57:26,surveyor_jr,2021/03/22 10:57:26,surveyor_jr,"440","0","0","0","0",,"0","0"
2021/02/08 22:53:00,"34658","106","2557","274","13",4.145482988,"zimbabwe
",0,106,"0","1339","28825",0,"1708",83cde2eb-b065-4178-8bf9-a078962aa8a7,2021/03/22 10:57:26,surveyor_jr,2021/03/22 10:57:26,surveyor_jr,"4494","166","98","42","12",From the hospitalized cases today 14 were reported to be Asymptomatic. 13 deaths were reported today of which 8 of the deaths occurred at Institutional level with the remaining 5 at community level.,"14","0"
2020/03/20 02:00:00,"1","1","0","0","0",0,Zimbabwe,0,0,"0","0","0",0,"1709",cc0bcd9d-14a5-4379-a03e-a2309328be30,2021/03/22 10:57:26,surveyor_jr,2021/03/22 10:57:26,surveyor_jr,"1","0","0","0","0",,"0","0"
2021/01/02 23:08:00,"14491","407","1834","16","8",22.19193021,Zimbabwe,0,407,"0","377","11363",0,"1710",36b9769a-52c7-467f-8913-a2a7d78d9615,2021/03/22 10:57:26,surveyor_jr,2021/03/22 10:57:26,surveyor_jr,"2751","0","0","0","0",,"0","0"
2020/05/22 02:00:00,"56","5","0","0","0",0,Zimbabwe,0,0,"0","4","18",0,"1711",400e3195-14d1-404b-acde-a2fc2ffc9dc4,2021/03/22 10:57:26,surveyor_jr,2021/03/22 10:57:26,surveyor_jr,"34","0","0","0","0",,"0","0"
2020/05/17 02:00:00,"46","2","0","1","0",0,Zimbabwe,0,0,"0","4","18",0,"1712",08a8febd-2a2d-4289-ab65-a3580a4c5340,2021/03/22 10:57:26,surveyor_jr,2021/03/22 10:57:26,surveyor_jr,"24","0","0","0","0",,"0","0"
2020/07/07 02:00:00,"787","53","592","4","0",8.952702703,Zimbabwe,0,0,"0","9","201",0,"1713",ab5031ec-b70f-46f5-b15a-a3a31461568f,2021/03/22 10:57:26,surveyor_jr,2021/03/22 10:57:26,surveyor_jr,"577","0","0","0","0",,"0","0"
2021/03/01 22:42:00,"36115","26","2041","239","5",1.27388535,"zimbabwe
",0,26,"0","1468","32905",0,"1714",775a6121-5268-4861-afa6-a3d47bfce3cd,2021/03/22 10:57:26,surveyor_jr,2021/03/22 10:57:26,surveyor_jr,"1742","157","44","35","10",Lockdown measures loosened by the President.,"68","21456"
2020/07/21 02:00:00,"1820","107","592","16","0",18.07432432,Zimbabwe,0,0,"0","26","488",0,"1715",e7dc01ad-3479-4992-8920-a41983932769,2021/03/22 10:57:26,surveyor_jr,2021/03/22 10:57:26,surveyor_jr,"1306","0","0","0","0",,"0","0"
2020/07/23 02:00:00,"2124","90","1248","0","2",7.211538462,Zimbabwe,0,0,"0","28","510",0,"1716",5ae1323c-9137-4793-816d-a52e0ba33b81,2021/03/22 10:57:26,surveyor_jr,2021/03/22 10:57:26,surveyor_jr,"1586","0","0","0","0",,"0","0"
2020/11/11 02:00:00,"8667","57","613","6","0",9.298531811,Zimbabwe,0,33,"24","255","8046",0,"1717",f3bece93-7cf3-4c77-bcda-a613dae57afd,2021/03/22 10:57:26,surveyor_jr,2021/03/22 10:57:26,surveyor_jr,"366","0","0","0","0",,"0","0"
2021/01/06 23:30:00,"17804","610","4696","153","13",12.98977853,Zimbabwe,0,610,"0","431","11966",0,"1718",ba2c194c-bdd3-4b5a-96d2-a6891df1997a,2021/03/22 10:57:26,surveyor_jr,2021/03/22 10:57:26,surveyor_jr,"5407","0","0","0","0",,"0","0"
2020/06/17 02:00:00,"401","10","0","1","0",0,Zimbabwe,0,0,"0","4","63",0,"1719",cf80d63e-2b1b-45f7-a12c-a848562fde32,2021/03/22 10:57:26,surveyor_jr,2021/03/22 10:57:26,surveyor_jr,"334","0","0","0","0",,"0","0"
2020/12/03 09:43:00,"10424","181","1294","83","3",13.98763524,Zimbabwe ,0,178,"3","280","8754",0,"1720",68eebf12-83a7-4125-921a-a8719c9c82bb,2021/03/22 10:57:26,surveyor_jr,2021/03/22 10:57:26,surveyor_jr,"1390","0","0","0","0",,"0","0"
2020/12/13 22:35:00,"11246","27","1187","92","0",2.274641955,"Zimbabwe
",0,27,"0","307","9451",0,"1721",1488bc0b-f09b-4bbf-8513-aa081a2e4c4f,2021/03/22 10:57:26,surveyor_jr,2021/03/22 10:57:26,surveyor_jr,"1488","0","0","0","0",,"0","0"
2020/12/17 01:15:00,"11749","227","1352","103","3",16.78994083,Zimbabwe,0,227,"0","313","9702",0,"1722",28a92f0d-93d7-4114-9f03-aab4ef8df596,2021/03/22 10:57:26,surveyor_jr,2021/03/22 10:57:26,surveyor_jr,"1734","0","0","0","0",,"0","0"
2020/12/23 23:00:00,"12656","112","1501","100","4",7.461692205,Zimbabwe,0,111,"1","330","10259",0,"1723",ac4842ab-8abb-4755-84cb-ab3d3b0709e8,2021/03/22 10:57:26,surveyor_jr,2021/03/22 10:57:26,surveyor_jr,"2067","0","0","0","0",,"0","0"
2020/06/11 02:00:00,"335","9","0","2","0",0,Zimbabwe,0,0,"0","4","51",0,"1724",63a3e620-7ab6-4216-87d3-ad7b48bd4380,2021/03/22 10:57:26,surveyor_jr,2021/03/22 10:57:26,surveyor_jr,"280","0","0","0","0",,"0","0"
2020/06/08 02:00:00,"287","4","0","12","0",0,Zimbabwe,0,0,"0","4","46",0,"1725",f2eb7b3b-cdba-4efa-9cdc-ad9dc3020562,2021/03/22 10:57:26,surveyor_jr,2021/03/22 10:57:26,surveyor_jr,"237","0","0","0","0",,"0","0"
2020/04/23 02:00:00,"28","0","0","0","0",0,Zimbabwe,0,0,"0","4","2",0,"1726",18a451e7-bc34-49a4-8a68-ae1618a19d78,2021/03/22 10:57:26,surveyor_jr,2021/03/22 10:57:26,surveyor_jr,"22","0","0","0","0",,"0","0"
2021/03/09 02:00:00,"36321","32","2056","47","2",1.556420233,Zimbabwe,0,32,"0","1489","33919",0,"1727",ffb69d0b-82cb-401e-a232-ae7a480291e6,2021/03/22 10:57:26,surveyor_jr,2021/03/22 10:57:26,surveyor_jr,"913","137","30","24","13",,"70","35761"
2020/10/16 02:00:00,"8099","24","615","4","0",3.902439024,Zimbabwe,0,24,"0","231","7673",0,"1728",c580458b-6262-4c01-85a5-aeeb171b6496,2021/03/22 10:57:26,surveyor_jr,2021/03/22 10:57:26,surveyor_jr,"195","0","0","0","0",,"0","0"
2021/02/19 22:58:00,"35710","167","2385","151","10",7.002096436,"zimbabwe
",0,167,"0","1430","31972",0,"1729",a04244fd-5a7a-4d9d-b8a5-b034d4941dcc,2021/03/22 10:57:26,surveyor_jr,2021/03/22 10:57:26,surveyor_jr,"2308","98","62","28","4","Among the hospitalized, 4 were asymptomatic. Cases begin to rise again.","4","39"
2020/08/04 02:00:00,"4221","146","1080","181","1",13.51851852,Zimbabwe,1533,146,"0","81","1264",0,"1730",545cf96b-5ff5-4fbb-9f08-b06d1d849871,2021/03/22 10:57:26,surveyor_jr,2021/03/22 10:57:26,surveyor_jr,"2876","0","0","0","0",,"0","0"
2020/03/30 02:00:00,"8","1","0","0","0",0,Zimbabwe,0,0,"0","1","0",0,"1731",e142da25-c3ad-4529-969f-b13acfdd7701,2021/03/22 10:57:26,surveyor_jr,2021/03/22 10:57:26,surveyor_jr,"7","0","0","0","0",,"0","0"
2021/02/21 23:16:00,"35796","28","1212","29","4",2.310231023,"zimbabwe
",0,28,"0","1436","32125",0,"1732",90b854ca-0872-47d9-8f68-b13bac6e553b,2021/03/22 10:57:26,surveyor_jr,2021/03/22 10:57:26,surveyor_jr,"2235","102","37","4","2","From the hospitalized cases, 59 were asymptomatic.","59","39"
2020/09/27 02:00:00,"7812","9","238","39","0",3.781512605,Zimbabwe,0,9,"0","227","6106",0,"1733",547e4168-2d7a-4450-ac14-b25de5e8cceb,2021/03/22 10:57:26,surveyor_jr,2021/03/22 10:57:26,surveyor_jr,"1479","0","0","0","0",,"0","0"
2021/03/18 02:00:00,"36611","59","2484","90","1",2.375201288,Zimbabwe,0,59,"0","1509","34226",0,"1734",82387043-f0cb-4434-be55-b29c0456352e,2021/03/22 10:57:26,surveyor_jr,2021/03/22 10:57:26,surveyor_jr,"876","51","32","9","2",,"8","40002"
2021/01/11 00:01:00,"21477","978","4936","143","24",19.81361426,Zimbabwe,0,978,"0","507","12582",0,"1735",c2b548e7-beb7-4f4b-8e18-b2a85a72da30,2021/03/22 10:57:26,surveyor_jr,2021/03/22 10:57:26,surveyor_jr,"8388","0","0","0","0",,"0","0"
2020/07/28 02:00:00,"2817","113","1169","62","4",9.666381523,Zimbabwe,0,0,"0","40","887",0,"1736",cd2c479f-9efd-4972-83ec-b381a094e824,2021/03/22 10:57:26,surveyor_jr,2021/03/22 10:57:26,surveyor_jr,"1890","0","0","0","0",,"0","0"
2020/10/05 02:00:00,"7898","10","929","65","0",1.076426265,Zimbabwe,0,10,"0","228","6424",0,"1737",cdc3ee41-bb94-470c-b6be-b51c96c51f6a,2021/03/22 10:57:26,surveyor_jr,2021/03/22 10:57:26,surveyor_jr,"1246","0","0","0","0",,"0","0"
2020/10/18 02:00:00,"8147","37","263","5","0",14.06844106,Zimbabwe,0,37,"0","231","7678",0,"1738",866bb80b-c165-4613-bd31-b57a486889d1,2021/03/22 10:57:26,surveyor_jr,2021/03/22 10:57:26,surveyor_jr,"238","0","0","0","0",,"0","0"
2020/06/18 02:00:00,"463","62","0","0","0",0,Zimbabwe,0,0,"0","4","63",0,"1739",f21f2730-091b-459c-81f1-b5870bfc0bc7,2021/03/22 10:57:26,surveyor_jr,2021/03/22 10:57:26,surveyor_jr,"396","0","0","0","0",,"0","0"
2020/11/16 02:00:00,"8897","68","848","20","0",8.018867925,Zimbabwe,0,68,"0","257","8116",0,"1740",3287d3b8-a168-452e-a0a0-b5ac40370b9c,2021/03/22 10:57:26,surveyor_jr,2021/03/22 10:57:26,surveyor_jr,"524","0","0","0","0",,"0","0"
2020/08/26 02:00:00,"6251","55","878","40","13",6.264236902,Zimbabwe,0,36,"19","179","5001",0,"1741",f17ed00a-f6bf-45e5-a7de-b76ac571e277,2021/03/22 10:57:26,surveyor_jr,2021/03/22 10:57:26,surveyor_jr,"1071","0","0","0","0",,"0","0"
2020/06/05 02:00:00,"265","31","0","2","0",0,Zimbabwe,0,0,"0","4","33",0,"1742",6ee5e423-68f5-49ec-82e0-b86661ba8fe5,2021/03/22 10:57:26,surveyor_jr,2021/03/22 10:57:26,surveyor_jr,"228","0","0","0","0",,"0","0"
2020/08/21 02:00:00,"5815","70","1810","62","1",3.867403315,Zimbabwe,0,70,"0","152","4587",0,"1743",6c34f78f-d513-4492-9d11-b88aebb095d0,2021/03/22 10:57:26,surveyor_jr,2021/03/22 10:57:26,surveyor_jr,"1076","0","0","0","0",,"0","0"
2020/09/07 02:00:00,"7298","182","416","82","2",43.75,Zimbabwe,0,163,"18","210","5422",0,"1744",f40f8f2a-7c5d-439d-a4a7-b893e8f276bb,2021/03/22 10:57:26,surveyor_jr,2021/03/22 10:57:26,surveyor_jr,"1666","0","0","0","0",,"0","0"
2021/01/05 22:53:00,"17194","1365","4880","97","34",27.97131148,Zimbabwe,0,1365,"0","418","11813",0,"1745",b235ab44-817c-4dbf-a707-ba21829734d7,2021/03/22 10:57:26,surveyor_jr,2021/03/22 10:57:26,surveyor_jr,"4963","0","0","0","0",,"0","0"
2020/08/22 02:00:00,"5893","78","1001","42","1",7.792207792,Zimbabwe,0,78,"0","153","4629",0,"1746",31d2331c-3883-4599-bf2a-bb26d20309f3,2021/03/22 10:57:26,surveyor_jr,2021/03/22 10:57:26,surveyor_jr,"1111","0","0","0","0",,"0","0"
2020/07/11 02:00:00,"982","40","394","0","5",10.15228426,Zimbabwe,0,0,"0","18","320",0,"1747",200a3bfc-9b61-4526-90ef-bb2f801c0b33,2021/03/22 10:57:26,surveyor_jr,2021/03/22 10:57:26,surveyor_jr,"644","0","0","0","0",,"0","0"
2020/04/20 02:00:00,"27","3","0","0","0",0,Zimbabwe,0,0,"0","3","2",0,"1748",cc69553e-75b7-4a03-9146-bb516ea3e9ae,2021/03/22 10:57:26,surveyor_jr,2021/03/22 10:57:26,surveyor_jr,"22","0","0","0","0",,"0","0"
2021/03/20 02:00:00,"36662","10","744","8","0",1.344086022,"zimbabwe
",0,10,"0","1510","34257",0,"1749",1e670cdf-903c-4729-aa4f-bc83b88525f9,2021/03/22 10:57:26,surveyor_jr,2021/03/22 10:57:26,surveyor_jr,"895","51","31","9","4",,"7","42210"
2020/12/12 02:51:00,"11219","57","1364","35","1",4.17888563,Zimbabwe,0,56,"1","307","9359",0,"1750",c78b380a-814c-4504-af14-bc85e6246c82,2021/03/22 10:57:26,surveyor_jr,2021/03/22 10:57:26,surveyor_jr,"1553","0","0","0","0",,"0","0"
2020/12/06 22:51:00,"10718","101","548","36","0",18.43065693,"zimbabwe
",0,46,"55","291","8880",0,"1751",ea8a1b70-c22c-46e2-8913-bd726ff747b2,2021/03/22 10:57:26,surveyor_jr,2021/03/22 10:57:26,surveyor_jr,"1547","0","0","0","0",,"0","0"
2020/12/15 01:37:00,"11358","112","1626","103","2",6.888068881,Zimbabwe,0,112,"0","309","9554",0,"1752",b512c2c0-758e-4668-899b-bde0d136c79f,2021/03/22 10:57:26,surveyor_jr,2021/03/22 10:57:26,surveyor_jr,"1495","0","0","0","0",,"0","0"
2020/09/12 02:00:00,"7508","29","1189","15","0",2.43902439,Zimbabwe,0,29,"0","224","5675",0,"1753",c1795318-a231-4799-bed2-be669186c37a,2021/03/22 10:57:26,surveyor_jr,2021/03/22 10:57:26,surveyor_jr,"1609","0","0","0","0",,"0","0"
2020/05/04 02:00:00,"34","0","0","0","0",0,Zimbabwe,0,0,"0","4","5",0,"1754",1695a3c7-2574-4ad7-aecf-bf0806458679,2021/03/22 10:57:26,surveyor_jr,2021/03/22 10:57:26,surveyor_jr,"25","0","0","0","0",,"0","0"
2020/07/30 02:00:00,"3092","213","1340","37","12",15.89552239,Zimbabwe,1851,205,"8","53","1004",0,"1755",85b20aaf-89f9-4615-a064-bfeccc8627b9,2021/03/22 10:57:26,surveyor_jr,2021/03/22 10:57:26,surveyor_jr,"2035","0","0","0","0",,"0","0"
2020/04/15 02:00:00,"23","1","0","1","0",0,Zimbabwe,0,0,"0","3","1",0,"1756",874bda1d-06a4-44a2-94f6-c02495923bd7,2021/03/22 10:57:26,surveyor_jr,2021/03/22 10:57:26,surveyor_jr,"19","0","0","0","0",,"0","0"
2021/01/07 23:49:00,"18675","871","3826","117","15",22.76529012,Zimbabwe,0,871,"0","446","12083",0,"1757",af3293d3-a2f9-46c5-a26b-c20a6acdf3a7,2021/03/22 10:57:26,surveyor_jr,2021/03/22 10:57:26,surveyor_jr,"6146","0","0","0","0",,"0","0"
2020/05/08 02:00:00,"35","1","0","0","0",0,Zimbabwe,0,0,"0","4","9",0,"1758",700fd60f-c251-4d44-925d-c35f3a0d02f3,2021/03/22 10:57:26,surveyor_jr,2021/03/22 10:57:26,surveyor_jr,"22","0","0","0","0",,"0","0"
2020/10/28 02:00:00,"8320","5","571","41","0",0.875656743,Zimbabwe,0,5,"0","242","7845",0,"1759",c89c22e8-70b6-46e2-98a8-c43fbac2b513,2021/03/22 10:57:26,surveyor_jr,2021/03/22 10:57:26,surveyor_jr,"233","0","0","0","0",,"0","0"
2020/11/15 02:00:00,"8829","43","960","0","0",4.479166667,Zimbabwe,0,43,"0","257","8096",0,"1760",fedf0cd5-efc5-4fae-b6a1-c5af0522327a,2021/03/22 10:57:26,surveyor_jr,2021/03/22 10:57:26,surveyor_jr,"476","0","0","0","0",,"0","0"
2020/09/18 02:00:00,"7647","14","755","42","0",1.854304636,Zimbabwe,0,14,"0","224","5883",0,"1761",51b79d44-1fff-47a5-9fa0-c8bd97ba5e07,2021/03/22 10:57:26,surveyor_jr,2021/03/22 10:57:26,surveyor_jr,"1540","0","0","0","0",,"0","0"
2020/08/27 02:00:00,"6292","41","951","9","10",4.311251314,Zimbabwe,0,38,"3","189","5010",0,"1762",551601dd-5fc5-401a-9005-c8bfc1a42d65,2021/03/22 10:57:26,surveyor_jr,2021/03/22 10:57:26,surveyor_jr,"1093","0","0","0","0",,"0","0"
2021/02/05 23:02:00,"34331","160","2645","386","15",6.049149338,"zimbabwe
",0,160,"0","1303","28145",0,"1763",4c9daf61-8006-4ff1-b5b2-c8d2d83d4d8d,2021/03/22 10:57:26,surveyor_jr,2021/03/22 10:57:26,surveyor_jr,"4883","174","91","58","12",From the hospitalized cases 13 were asymptomatic. 15 deaths reported today pf which 11 occurred at institutional level and the remaining 4 were at community level.,"13","0"
2021/03/08 02:00:00,"36289","18","1764","38","2",1.020408163,Zimbabwe,0,18,"0","1487","33872",0,"1764",781b9e26-34bb-4362-86c0-cb0c0f42594d,2021/03/22 10:57:26,surveyor_jr,2021/03/22 10:57:26,surveyor_jr,"930","136","37","23","6",,"70","35518"
2020/12/22 23:26:00,"12544","122","1425","47","4",8.561403509,Zimbabwe,0,105,"17","326","10159",0,"1765",753cf3da-cb6f-4f0a-8808-cb38619d47fa,2021/03/22 10:57:26,surveyor_jr,2021/03/22 10:57:26,surveyor_jr,"2059","0","0","0","0",,"0","0"
2020/12/07 10:04:00,"10839","121","1270","92","3",9.527559055,Zimbabwe,0,121,"0","294","8972",0,"1766",15992f78-8240-4f08-9a43-cb5506a4a22c,2021/03/22 10:57:26,surveyor_jr,2021/03/22 10:57:26,surveyor_jr,"1573","0","0","0","0",,"0","0"
2020/06/16 02:00:00,"391","5","0","8","0",0,Zimbabwe,0,0,"0","4","62",0,"1767",7052a303-1e99-4ef0-acb7-cb5c30e70bc8,2021/03/22 10:57:26,surveyor_jr,2021/03/22 10:57:26,surveyor_jr,"325","0","0","0","0",,"0","0"
2021/01/22 23:53:00,"30523","476","3829","1511","45",12.43144424,Zimbabwe,0,476,"0","962","21080",0,"1768",b5710a13-6e1c-46e0-a986-cbf65b6055c3,2021/03/22 10:57:26,surveyor_jr,2021/03/22 10:57:26,surveyor_jr,"8481","280","179","81","20",,"0","0"
2020/10/15 02:00:00,"8075","20","818","29","0",2.444987775,Zimbabwe,0,17,"3","231","7669",0,"1769",80cfb4fa-9d51-4827-99c3-cc029ebc750e,2021/03/22 10:57:26,surveyor_jr,2021/03/22 10:57:26,surveyor_jr,"175","0","0","0","0",,"0","0"
2020/06/04 02:00:00,"234","12","0","2","0",0,Zimbabwe,0,0,"0","4","31",0,"1770",d88501d7-9da8-4490-b6a8-ccc556cc959b,2021/03/22 10:57:26,surveyor_jr,2021/03/22 10:57:26,surveyor_jr,"199","0","0","0","0",,"0","0"
2020/11/30 00:41:00,"9950","128","965","10","1",13.2642487,Zimbabwe,0,128,"0","276","8482",0,"1771",28279270-b3bd-425c-9847-cd0b62f7a74e,2021/03/22 10:57:26,surveyor_jr,2021/03/22 10:57:26,surveyor_jr,"1192","0","0","0","0",,"0","0"
2021/01/25 23:19:00,"31646","326","2374","627","70",13.73209773,ZImbabwe,0,326,"0","1075","22877",0,"1772",1a9f0c38-7df5-43da-9b70-cddead3423c9,2021/03/22 10:57:26,surveyor_jr,2021/03/22 10:57:26,surveyor_jr,"7694","255","163","74","18",,"0","0"
2020/12/18 01:56:00,"11749","0","1959","134","1",0,Zimbabwe,0,117,"0","314","9836",0,"1773",3b6f6cb4-b191-4f3a-9dd8-ce4c9880dcb0,2021/03/22 10:57:26,surveyor_jr,2021/03/22 10:57:26,surveyor_jr,"1599","0","0","0","0",,"0","0"
2020/08/14 02:00:00,"5072","82","1211","71","0",6.771263419,Zimbabwe,0,82,"0","128","2047",0,"1774",276b5293-e61d-47d1-9a15-ceb596a9f975,2021/03/22 10:57:26,surveyor_jr,2021/03/22 10:57:26,surveyor_jr,"2897","0","0","0","0",,"0","0"
2020/09/30 02:00:00,"7838","1","467","181","0",0.214132762,Zimbabwe,0,1,"0","228","6303",0,"1775",42697f5c-1bdd-437c-b8d3-cf7354694db4,2021/03/22 10:57:26,surveyor_jr,2021/03/22 10:57:26,surveyor_jr,"1307","0","0","0","0",,"0","0"
2021/01/12 23:39:00,"23239","942","4462","183","23",21.11160914,Zimbabwe,0,942,"0","551","13396",0,"1776",7f86150a-2bb3-4941-a040-cf9f8befb4df,2021/03/22 10:57:26,surveyor_jr,2021/03/22 10:57:26,surveyor_jr,"9292","0","0","0","0",,"0","0"
2020/08/16 02:00:00,"5261","85","1546","45","2",5.498059508,Zimbabwe,0,81,"4","132","2092",0,"1777",1501f241-701d-45c2-94c1-d0fe77bc8eb6,2021/03/22 10:57:26,surveyor_jr,2021/03/22 10:57:26,surveyor_jr,"3037","0","0","0","0",,"0","0"
2020/08/24 02:00:00,"6070","140","770","78","0",18.18181818,Zimbabwe,0,134,"5","155","4950",0,"1778",f0a80863-cb3f-443a-bbec-d1a3b05e2efd,2021/03/22 10:57:26,surveyor_jr,2021/03/22 10:57:26,surveyor_jr,"965","0","0","0","0",,"0","0"
2021/03/21 02:00:00,"36665","3","660","12","2",0.454545455,Zimbabwe,0,3,"0","1512","34269",0,"1779",0f0d60d8-517b-4657-9b62-d1dd1f9952e4,2021/03/22 10:57:26,surveyor_jr,2021/03/22 10:57:26,surveyor_jr,"884","44","24","9","3",,"8","42729"
2020/09/22 02:00:00,"7711","5","637","31","0",0.784929356,Zimbabwe,0,5,"0","226","5979",0,"1780",d8266dbf-49a4-4322-9004-d2ce35b9ebda,2021/03/22 10:57:26,surveyor_jr,2021/03/22 10:57:26,surveyor_jr,"1506","0","0","0","0",,"0","0"
2020/09/13 02:00:00,"7526","18","367","3","0",4.904632153,Zimbabwe,0,18,"0","224","5678",0,"1781",0c978a5d-0190-4323-93d4-d390852738f4,2021/03/22 10:57:26,surveyor_jr,2021/03/22 10:57:26,surveyor_jr,"1624","0","0","0","0",,"0","0"
2021/02/01 23:38:00,"33548","160","2433","539","17",6.576243321,"zimbabwe
",0,160,"0","1234","26583",0,"1782",619a278a-b15d-42ba-af28-d3a456732a37,2021/03/22 10:57:26,surveyor_jr,2021/03/22 10:57:26,surveyor_jr,"5731","177","99","69","9","Mater Dei did not report on hospitalization today. From the 17 deaths reported , 10 occurred at Institutional level while the remaining 7 were at community level.","0","0"
2020/07/15 02:00:00,"1089","25","603","0","0",4.145936982,Zimbabwe,0,0,"0","20","395",0,"1783",4ead06d6-70ea-4649-b62b-d43b3e803cb5,2021/03/22 10:57:26,surveyor_jr,2021/03/22 10:57:26,surveyor_jr,"674","0","0","0","0",,"0","0"
2020/04/02 02:00:00,"9","0","0","0","0",0,Zimbabwe,0,0,"0","1","0",0,"1784",fb5886c8-4b4d-4aba-ba97-d465a61cd158,2021/03/22 10:57:26,surveyor_jr,2021/03/22 10:57:26,surveyor_jr,"8","0","0","0","0",,"0","0"
2020/05/03 02:00:00,"34","0","0","0","0",0,Zimbabwe,0,0,"0","4","5",0,"1785",aaa25755-9697-4e4a-be86-d4a0375b91d6,2021/03/22 10:57:26,surveyor_jr,2021/03/22 10:57:26,surveyor_jr,"25","0","0","0","0",,"0","0"
2020/12/01 10:27:00,"10129","95","1029","154","0",9.232264334,Zimbabwe,0,95,"0","277","8643",0,"1786",165ce6de-6f83-4e55-a018-d5c9ad628041,2021/03/22 10:57:26,surveyor_jr,2021/03/22 10:57:26,surveyor_jr,"1209","0","0","0","0",,"0","0"
2020/08/10 02:00:00,"4748","99","2816","87","0",3.515625,Zimbabwe,0,68,"31","104","1544",0,"1787",426469da-db75-4656-a6df-d5cb2555f5a4,2021/03/22 10:57:26,surveyor_jr,2021/03/22 10:57:26,surveyor_jr,"3100","0","0","0","0",,"0","0"
2020/06/06 02:00:00,"274","9","0","0","0",0,Zimbabwe,0,0,"0","4","33",0,"1788",0d098912-92c6-4d41-9566-d64b331699e1,2021/03/22 10:57:26,surveyor_jr,2021/03/22 10:57:26,surveyor_jr,"237","0","0","0","0",,"0","0"
2020/09/24 02:00:00,"7752","27","721","36","0",3.74479889,Zimbabwe,0,26,"1","227","6043",0,"1789",9ef06a81-a7c0-4fce-bf98-d6e925c22ade,2021/03/22 10:57:26,surveyor_jr,2021/03/22 10:57:26,surveyor_jr,"1482","0","0","0","0",,"0","0"
2020/03/28 02:00:00,"7","0","0","0","0",0,Zimbabwe,0,0,"0","1","0",0,"1790",0cf32fbd-a39e-43f6-9389-d6f05f9d545a,2021/03/22 10:57:26,surveyor_jr,2021/03/22 10:57:26,surveyor_jr,"6","0","0","0","0",,"0","0"
2020/07/01 02:00:00,"605","22","380","4","0",5.789473684,Zimbabwe,0,0,"0","7","166",0,"1791",61de744d-2172-4fc5-8207-d7d230446712,2021/03/22 10:57:26,surveyor_jr,2021/03/22 10:57:26,surveyor_jr,"432","0","0","0","0",,"0","0"
2020/04/25 02:00:00,"31","0","0","0","0",0,Zimbabwe,0,0,"0","4","2",0,"1792",c85b4ed5-2163-47d8-ba0d-d825bc925ff7,2021/03/22 10:57:26,surveyor_jr,2021/03/22 10:57:26,surveyor_jr,"25","0","0","0","0",,"0","0"
2021/02/16 23:10:00,"35315","93","3130","220","4",2.971246006,"zimbabwe
",0,93,"0","1414","30979",0,"1793",0994922a-7113-43ef-86f0-d827be870a0d,2021/03/22 10:57:26,surveyor_jr,2021/03/22 10:57:26,surveyor_jr,"2922","106","65","34","4",3 cases from the hospitalized were asymptomatic.,"3","0"
2020/05/05 02:00:00,"34","0","0","0","0",0,Zimbabwe,0,0,"0","4","5",0,"1794",09166188-ef07-4212-b0bf-d93f4d5a1351,2021/03/22 10:57:26,surveyor_jr,2021/03/22 10:57:26,surveyor_jr,"25","0","0","0","0",,"0","0"
2020/11/22 10:40:00,"9220","48","1404","15","3",3.418803419,Zimbabwe,0,47,"1","268","8250",0,"1795",0869dfa0-5b06-4b79-83fc-d95ebcc288b4,2021/03/22 10:57:26,surveyor_jr,2021/03/22 10:57:26,surveyor_jr,"702","0","0","0","0",,"0","0"
2020/08/13 02:00:00,"4990","97","1108","307","6",8.754512635,Zimbabwe,0,97,"0","128","1998",0,"1796",a2309665-be9a-42e7-9278-d9e2160f5701,2021/03/22 10:57:26,surveyor_jr,2021/03/22 10:57:26,surveyor_jr,"2864","0","0","0","0",,"0","0"
2020/06/12 02:00:00,"345","10","0","0","0",0,Zimbabwe,0,0,"0","4","51",0,"1797",2c753893-42d3-49b5-8513-d9e8c90abbbc,2021/03/22 10:57:26,surveyor_jr,2021/03/22 10:57:26,surveyor_jr,"290","0","0","0","0",,"0","0"
2020/05/13 02:00:00,"37","0","0","1","0",0,Zimbabwe,0,0,"0","4","13",0,"1798",7c58b8c1-eac2-4262-b22c-da9434a12002,2021/03/22 10:57:26,surveyor_jr,2021/03/22 10:57:26,surveyor_jr,"20","0","0","0","0",,"0","0"
2020/12/30 23:46:00,"13625","300","2462","87","1",12.18521527,Zimbabwe,0,287,"13","360","11154",0,"1799",280ba128-3ebc-419d-a9a9-db2a4cbe2c42,2021/03/22 10:57:26,surveyor_jr,2021/03/22 10:57:26,surveyor_jr,"2111","0","0","0","0",,"0","0"
2021/02/23 23:48:00,"35910","48","1873","72","7",2.562733582,"zimbabwe
",0,48,"0","1448","32288",0,"1800",88d220c8-dcdf-4bfd-a101-dc2600e86b9d,2021/03/22 10:57:26,surveyor_jr,2021/03/22 10:57:26,surveyor_jr,"2174","156","52","36","4",,"64","2727"
2021/03/12 02:00:00,"36423","46","2109","24","4",2.181128497,Zimbabwe,0,46,"0","1496","33996",0,"1801",ea56ec4f-049c-47c5-9699-dd09986d8353,2021/03/22 10:57:26,surveyor_jr,2021/03/22 10:57:26,surveyor_jr,"931","126","24","18","2",,"82","36283"
2021/01/29 00:31:00,"32646","342","4164","732","38",8.213256484,"zimbabwe
",0,342,"0","1160","24419",0,"1802",918b1250-b3ed-43f7-9b91-dd5b830cc0c4,2021/03/22 10:57:26,surveyor_jr,2021/03/22 10:57:26,surveyor_jr,"7067",,,,,,"0","0"
2021/02/11 22:58:00,"34949","85","2237","159","18",3.799731784,"zimbabwe
",0,85,"0","1382","29630",0,"1803",1e04b9f0-660f-48d6-adbc-dd7bb9ec7108,2021/03/22 10:57:26,surveyor_jr,2021/03/22 10:57:26,surveyor_jr,"3937","114","59","41","7","From the hospitalized cases today, only 7 were asymptomatic. 18 deaths were reported in today and 13 deaths were at institutional level while 5 were at community level.","18","0"
2021/01/29 23:52:00,"32952","306","4254","453","18",7.193229901,zimbabwe,0,306,"0","1178","24872",0,"1804",2c57d1d8-6efd-46b8-ada9-dde7ec51da59,2021/03/22 10:57:26,surveyor_jr,2021/03/22 10:57:26,surveyor_jr,"6902","200","116","72","12",,"0","0"
2020/11/21 10:38:00,"9172","52","604","11","0",8.609271523,Zimbabwe,0,52,"0","265","8235",0,"1805",c40a7073-d860-4880-88bf-debfef1e7e4d,2021/03/22 10:57:26,surveyor_jr,2021/03/22 10:57:26,surveyor_jr,"672","0","0","0","0",,"0","0"
2021/02/20 22:55:00,"35768","58","1436","124","2",4.038997214,"zimbabwe
",0,58,"0","1432","32096",0,"1806",c1d9820b-661e-443c-b1f7-df2640778d6d,2021/03/22 10:57:26,surveyor_jr,2021/03/22 10:57:26,surveyor_jr,"2240","155","47","30","5","From the hospitalized cases, 73 were asymptomatic.","73","39"
2021/02/15 22:37:00,"35222","50","1481","158","10",3.376097232,"zimbabwe
",0,50,"0","1410","30759",0,"1807",8cd3b553-78db-4432-a821-dfc552a98aee,2021/03/22 10:57:26,surveyor_jr,2021/03/22 10:57:26,surveyor_jr,"3053","109","59","39","3",From the hospitalized patients only 8 were asymptomatic.,"8","0"
2020/07/08 02:00:00,"885","98","606","5","0",16.17161716,Zimbabwe,0,0,"0","9","206",0,"1808",4f26db32-5646-4d33-a915-e00d45e8b50f,2021/03/22 10:57:26,surveyor_jr,2021/03/22 10:57:26,surveyor_jr,"670","0","0","0","0",,"0","0"
2020/08/02 02:00:00,"3921","262","1608","5","1",16.29353234,Zimbabwe,66,234,"28","70","1057",0,"1809",0396d349-5816-4255-9584-e0fd5a67cfd1,2021/03/22 10:57:26,surveyor_jr,2021/03/22 10:57:26,surveyor_jr,"2794","0","0","0","0",,"0","0"
2020/08/09 02:00:00,"4649","74","1293","21","2",5.723124517,Zimbabwe,4,57,"17","104","1524",0,"1810",3c359ce1-63e4-4a49-ab13-e1143c7112e7,2021/03/22 10:57:26,surveyor_jr,2021/03/22 10:57:26,surveyor_jr,"3021","0","0","0","0",,"0","0"
2020/09/29 02:00:00,"7837","21","467","10","0",4.496788009,Zimbabwe,0,21,"0","228","6122",0,"1811",3e4342e0-522f-47ed-ac2b-e1750a19dadb,2021/03/22 10:57:26,surveyor_jr,2021/03/22 10:57:26,surveyor_jr,"1487","0","0","0","0",,"0","0"
2020/03/22 02:00:00,"2","0","0","0","0",0,Zimbabwe,0,0,"0","0","0",0,"1812",5fe17134-fd5e-48d5-9c98-e1ebac76c5a0,2021/03/22 10:57:26,surveyor_jr,2021/03/22 10:57:26,surveyor_jr,"2","0","0","0","0",,"0","0"
2020/11/26 10:21:00,"9623","115","1770","61","0",6.497175141,Zimbabwe,0,115,"0","274","8397",0,"1813",579ee249-bb0b-41f5-a18b-e24e10e4d2f9,2021/03/22 10:57:26,surveyor_jr,2021/03/22 10:57:26,surveyor_jr,"952","0","0","0","0",,"0","0"
2020/07/18 02:00:00,"1478","58","541","1","1",10.72088725,Zimbabwe,0,0,"0","25","439",0,"1814",298f4f8e-b4d6-4384-a74a-e35b5c10a87d,2021/03/22 10:57:26,surveyor_jr,2021/03/22 10:57:26,surveyor_jr,"1014","0","0","0","0",,"0","0"
2020/11/10 02:00:00,"8610","49","1151","17","1",4.25716768,Zimbabwe,0,20,"29","255","8040",0,"1815",741cc27b-5b9d-485c-ad6b-e558bf5b9cb1,2021/03/22 10:57:26,surveyor_jr,2021/03/22 10:57:26,surveyor_jr,"315","0","0","0","0",,"0","0"
2020/07/24 02:00:00,"2296","172","1055","4","4",16.30331754,Zimbabwe,0,0,"0","32","514",0,"1816",ee3b2c31-4174-445b-b6e7-e6c2dd93c259,2021/03/22 10:57:26,surveyor_jr,2021/03/22 10:57:26,surveyor_jr,"1750","0","0","0","0",,"0","0"
2021/03/07 02:00:00,"36271","11","535","29","0",2.056074766,Zimbabwe,0,11,"0","1485","33834",0,"1817",989440d1-d377-4f02-bb57-e837a362c2a0,2021/03/22 10:57:26,surveyor_jr,2021/03/22 10:57:26,surveyor_jr,"952","130","23","19","10",,"78","32240"
2021/01/18 23:51:00,"27892","689","3829","860","60",17.99425437,Zimbabwe,0,689,"0","773","17372",0,"1818",62dd947e-d3f6-45f9-8be2-e8d440b6ce59,2021/03/22 10:57:26,surveyor_jr,2021/03/22 10:57:26,surveyor_jr,"9747","0","0","0","0",,"0","0"
2020/09/23 02:00:00,"7725","14","630","28","1",2.222222222,Zimbabwe,0,14,"0","227","6007",0,"1819",06381e98-569a-437e-b393-eaf25e9114cd,2021/03/22 10:57:26,surveyor_jr,2021/03/22 10:57:26,surveyor_jr,"1491","0","0","0","0",,"0","0"
2020/06/09 02:00:00,"314","27","0","0","0",0,Zimbabwe,0,0,"0","4","46",0,"1820",1b4e81db-7ee6-4172-9bec-eb0d5b79a472,2021/03/22 10:57:26,surveyor_jr,2021/03/22 10:57:26,surveyor_jr,"264","0","0","0","0",,"0","0"
2020/03/27 02:00:00,"7","2","0","0","0",0,Zimbabwe,0,0,"0","1","0",0,"1821",41771748-0fa7-4b1a-87af-eb6cae715875,2021/03/22 10:57:26,surveyor_jr,2021/03/22 10:57:26,surveyor_jr,"6","0","0","0","0",,"0","0"
2021/02/18 23:33:00,"35543","120","3978","206","2",3.016591252,"zimbabwe
",0,120,"0","1420","31821",0,"1822",c0a58681-bd13-48c4-907c-eb8c27270ec2,2021/03/22 10:57:26,surveyor_jr,2021/03/22 10:57:26,surveyor_jr,"2302","117","83","27","5","From the hospitalized cases, 2 were asymptomatic. Harare cases are from a closed constriction compound (a localized outbreak). The vaccination program has been launched by The Hon Vice President & Minister of Health. All deaths were at institutional level.","2","0"
2020/10/06 02:00:00,"7915","17","899","16","1",1.890989989,Zimbabwe,0,15,"2","229","6440",0,"1823",e50b8376-cef9-4a97-9893-ecd581ee8468,2021/03/22 10:57:26,surveyor_jr,2021/03/22 10:57:26,surveyor_jr,"1246","0","0","0","0",,"0","0"
2021/01/23 23:46:00,"31007","484","2545","297","12",19.01768173,Zimbabwe,0,484,"0","974","21377",0,"1824",8afa2010-bc85-4b92-bc7c-ef341264c902,2021/03/22 10:57:26,surveyor_jr,2021/03/22 10:57:26,surveyor_jr,"8656","278","172","89","17",,"0","0"
2020/10/25 02:00:00,"8276","7","816","12","1",0.857843137,Zimbabwe,0,7,"0","237","7797",0,"1825",dab4a459-e6b5-4297-95d5-eff0041eb3a1,2021/03/22 10:57:26,surveyor_jr,2021/03/22 10:57:26,surveyor_jr,"242","0","0","0","0",,"0","0"
2020/10/24 02:00:00,"8269","12","626","14","0",1.916932907,Zimbabwe,0,11,"1","236","7785",0,"1826",eda1875a-d8d9-4515-a8a1-eff5a6f03457,2021/03/22 10:57:26,surveyor_jr,2021/03/22 10:57:26,surveyor_jr,"248","0","0","0","0",,"0","0"
2020/12/27 22:00:00,"13077","114","1015","74","8",11.23152709,Zimbabwe,0,114,"0","349","10593",0,"1827",32a774bd-3323-4f3d-9d2a-f14b01803646,2021/03/22 10:57:26,surveyor_jr,2021/03/22 10:57:26,surveyor_jr,"2135","0","0","0","0",,"0","0"
2020/07/25 02:00:00,"2434","138","2096","4","2",6.583969466,Zimbabwe,0,0,"0","34","518",0,"1828",1385c346-3c50-4705-960b-f14bf7702683,2021/03/22 10:57:26,surveyor_jr,2021/03/22 10:57:26,surveyor_jr,"1882","0","0","0","0",,"0","0"
2020/09/17 02:00:00,"7633","35","1011","18","0",3.461918892,Zimbabwe,0,32,"2","224","5841",0,"1829",1582686a-d0ac-4424-bc57-f18d7be02145,2021/03/22 10:57:26,surveyor_jr,2021/03/22 10:57:26,surveyor_jr,"1568","0","0","0","0",,"0","0"
2020/04/24 02:00:00,"31","3","0","0","0",0,Zimbabwe,0,0,"0","4","2",0,"1830",8d3854f4-6de3-4f69-944a-f1e5fecf8af4,2021/03/22 10:57:26,surveyor_jr,2021/03/22 10:57:26,surveyor_jr,"25","0","0","0","0",,"0","0"
2020/12/28 23:14:00,"13148","71","951","112","5",7.465825447,Zimbabwe,0,69,"4","354","10705",0,"1831",50aeb96b-ebf4-4437-a55b-f2eb7fd02280,2021/03/22 10:57:26,surveyor_jr,2021/03/22 10:57:26,surveyor_jr,"2089","0","0","0","0",,"0","0"
2020/11/05 02:00:00,"8444","17","855","8","0",1.988304094,Zimbabwe,0,16,"1","248","7967",0,"1832",581d57c0-125e-4244-a2da-f2fa93071db4,2021/03/22 10:57:26,surveyor_jr,2021/03/22 10:57:26,surveyor_jr,"229","0","0","0","0",,"0","0"
2020/10/09 02:00:00,"7994","43","123","28","0",34.95934959,Zimbabwe,0,42,"1","229","6474",0,"1833",6aec7b48-148e-4ec5-bb7b-f2fbcceb85b9,2021/03/22 10:57:26,surveyor_jr,2021/03/22 10:57:26,surveyor_jr,"1291","0","0","0","0",,"0","0"
2020/06/27 02:00:00,"564","5","0","7","0",0,Zimbabwe,0,0,"0","6","142",0,"1834",959f27c4-67e7-4ae7-ad3a-f3244adaecc1,2021/03/22 10:57:26,surveyor_jr,2021/03/22 10:57:26,surveyor_jr,"416","0","0","0","0",,"0","0"
2020/08/17 02:00:00,"5308","47","898","1756","3",5.233853007,Zimbabwe,0,42,"5","135","3848",0,"1835",23fe563f-129e-4290-97ab-f3f8f815486b,2021/03/22 10:57:26,surveyor_jr,2021/03/22 10:57:26,surveyor_jr,"1325","0","0","0","0",,"0","0"
2020/07/05 02:00:00,"714","16","411","0","0",3.892944039,Zimbabwe,0,0,"0","8","181",0,"1836",94abe421-477b-492e-98aa-f43dabc4465b,2021/03/22 10:57:26,surveyor_jr,2021/03/22 10:57:26,surveyor_jr,"525","0","0","0","0",,"0","0"
2020/11/09 02:00:00,"8561","30","697","17","1",4.304160689,Zimbabwe,0,30,"0","254","8023",0,"1837",57ee4bef-bcad-45c0-9b0d-f44161c3b3cc,2021/03/22 10:57:26,surveyor_jr,2021/03/22 10:57:26,surveyor_jr,"284","0","0","0","0",,"0","0"
2020/03/19 02:00:00,"0","0","34711","0","0",0,Zimbabwe,0,0,"0","0","0",0,"1838",667a5061-b9cd-4956-951a-f49e1858cde5,2021/03/22 10:57:26,surveyor_jr,2021/03/22 10:57:26,surveyor_jr,"0","0","0","0","0",,"0","0"
2020/06/29 02:00:00,"574","10","0","10","1",0,Zimbabwe,0,0,"0","7","152",0,"1839",bf7ab0d8-1a79-463c-8e9b-f5b8729bd3b0,2021/03/22 10:57:26,surveyor_jr,2021/03/22 10:57:26,surveyor_jr,"415","0","0","0","0",,"0","0"
2020/05/30 02:00:00,"174","14","0","0","0",0,Zimbabwe,0,0,"0","4","29",0,"1840",bf5f3dd0-a2a5-4414-b27c-f5e11a2ff533,2021/03/22 10:57:26,surveyor_jr,2021/03/22 10:57:26,surveyor_jr,"141","0","0","0","0",,"0","0"
2020/03/26 02:00:00,"5","2","0","0","0",0,Zimbabwe,0,0,"0","1","0",0,"1841",401db645-b5a6-49c9-8025-f7be1cce5053,2021/03/22 10:57:26,surveyor_jr,2021/03/22 10:57:26,surveyor_jr,"4","0","0","0","0",,"0","0"
2020/04/28 02:00:00,"32","0","0","0","0",0,Zimbabwe,0,0,"0","4","5",0,"1842",7e5f5bd6-ebdb-4022-8200-f7d92261a104,2021/03/22 10:57:26,surveyor_jr,2021/03/22 10:57:26,surveyor_jr,"23","0","0","0","0",,"0","0"
2021/01/15 00:05:00,"25368","1112","3106","1056","47",35.80167418,Zimbabwe,0,1147,"0","636","14714",0,"1843",4fb08799-aaf7-49f8-9f1e-f83ea1052db5,2021/03/22 10:57:26,surveyor_jr,2021/03/22 10:57:26,surveyor_jr,"10018","0","0","0","0",,"0","0"
2020/04/12 02:00:00,"13","0","0","0","0",0,Zimbabwe,0,0,"0","3","0",0,"1844",526aada6-f8ac-48c9-a72c-f84084326c72,2021/03/22 10:57:26,surveyor_jr,2021/03/22 10:57:26,surveyor_jr,"10","0","0","0","0",,"0","0"
2020/06/14 02:00:00,"382","31","0","0","0",0,Zimbabwe,0,0,"0","4","54",0,"1845",c40f497e-de54-4c00-b1a5-f8dd4e57a059,2021/03/22 10:57:26,surveyor_jr,2021/03/22 10:57:26,surveyor_jr,"324","0","0","0","0",,"0","0"
2021/01/15 23:21:00,"26109","741","3386","700","30",21.88422918,Zimbabwe,0,741,"0","666","15414",0,"1846",6138c43c-6f71-4952-b9ed-f91de9ca138a,2021/03/22 10:57:26,surveyor_jr,2021/03/22 10:57:26,surveyor_jr,"10029","0","0","0","0",,"0","0"
2020/10/03 02:00:00,"7885","27","421","5","0",6.413301663,Zimbabwe,0,22,"5","228","6327",0,"1847",469e32f9-cb59-4dca-91f3-f99850467610,2021/03/22 10:57:26,surveyor_jr,2021/03/22 10:57:26,surveyor_jr,"1330","0","0","0","0",,"0","0"
2020/07/06 02:00:00,"734","20","312","16","1",6.41025641,Zimbabwe,0,0,"0","9","197",0,"1848",fd578770-c15d-48a8-9b87-f9f3b075aad1,2021/03/22 10:57:26,surveyor_jr,2021/03/22 10:57:26,surveyor_jr,"528","0","0","0","0",,"0","0"
2021/02/23 01:53:00,"35862","66","1643","91","5",4.017041996,"zimbabwe
",0,66,"0","1441","32216",0,"1849",03ab937f-bdde-4f0f-a629-fa809838ed05,2021/03/22 10:57:26,surveyor_jr,2021/03/22 10:57:26,surveyor_jr,"2205","147","43","36","5",63 were asymptomatic.,"63","1314"
2020/09/25 02:00:00,"7787","35","667","14","0",5.247376312,Zimbabwe,0,16,"18","227","6055",0,"1850",afa97527-25ae-449e-909a-fb4233cae47f,2021/03/22 10:57:26,surveyor_jr,2021/03/22 10:57:26,surveyor_jr,"1505","0","0","0","0",,"0","0"
2021/03/04 00:36:00,"36179","31","1903","403","6",1.629006831,"zimbabwe
",0,31,"0","1478","33392",0,"1851",19a2eba1-d832-409c-b359-fb4542d634c9,2021/03/22 10:57:26,surveyor_jr,2021/03/22 10:57:26,surveyor_jr,"1309","141","20","6","2",,"103","27970"
2020/10/30 02:00:00,"8362","13","911","20","0",1.427003293,Zimbabwe,0,13,"0","242","7884",0,"1852",ef7e242c-a400-43a2-a878-fb652d122d36,2021/03/22 10:57:26,surveyor_jr,2021/03/22 10:57:26,surveyor_jr,"236","0","0","0","0",,"0","0"
2020/03/21 02:00:00,"2","1","0","0","0",0,Zimbabwe,0,0,"0","0","0",0,"1853",f34d5cd0-d9d5-4d54-9f43-fcd7e31a542f,2021/03/22 10:57:26,surveyor_jr,2021/03/22 10:57:26,surveyor_jr,"2","0","0","0","0",,"0","0"
2020/04/14 02:00:00,"22","6","0","0","0",0,Zimbabwe,0,0,"0","3","0",0,"1854",409951e8-ac89-47d5-b4e1-fdc05475d3ce,2021/03/22 10:57:26,surveyor_jr,2021/03/22 10:57:26,surveyor_jr,"19","0","0","0","0",,"0","0"
2020/11/20 10:28:00,"9120","74","950","34","0",7.789473684,Zimbabwe,0,74,"0","265","8229",0,"1855",a3206f8d-678e-441c-a23f-fe3f308378ad,2021/03/22 10:57:26,surveyor_jr,2021/03/22 10:57:26,surveyor_jr,"626","0","0","0","0",,"0","0"
2020/08/18 02:00:00,"5378","70","1229","257","6",5.695687551,Zimbabwe,0,67,"3","141","4105",0,"1856",35b806f0-bb53-48d4-aafa-feda0c7dfaf4,2021/03/22 10:57:26,surveyor_jr,2021/03/22 10:57:26,surveyor_jr,"1132","0","0","0","0",,"0","0"
2020/12/20 23:07:00,"12325","174","2144","40","2",8.115671642,Zimbabwe,0,174,"0","320","10024",0,"1857",349fe212-ba9a-4c68-84e7-ff69e0719c8f,2021/03/22 10:57:26,surveyor_jr,2021/03/22 10:57:26,surveyor_jr,"1981","0","0","0","0",,"0","0"
2021/03/22 22:01:00,"36684","19","2342","46","2",0.8,,,19,"0","1514","34315",,"1858",c740bee6-f3b9-4a4e-9cdf-6660bc33a7af,2021/03/22 22:03:39,surveyor_jr,2021/03/22 22:03:39,surveyor_jr,"855","54","21","11","2",second dosages for the vaccination process underway,"20","43294"
2021/03/23 21:47:00,"36717","33","1743","132","2",1.9,,,33,"0","1516","34447",,"1859",a2a53854-c057-4af0-927f-1d4115da0303,2021/03/23 21:49:29,surveyor_jr,2021/03/23 21:49:29,surveyor_jr,"754","54","22","9","3",,"20","44135"
2021/03/24 21:47:00,"36749","32","3518","29","0",0.9,,,32,"0","1516","34476",,"1860",e48ef91b-f2b7-490e-98d2-2d5bc92b3839,2021/03/24 21:51:53,surveyor_jr,2021/03/24 21:51:53,surveyor_jr,"757","47","21","9","3",,"14","49404"
2021/03/26 00:12:00,"36778","29","1914","79","2",1.5,,,27,"2","1518","34555",,"1861",56b0e0cd-279a-4c6c-bbbf-e95aebadbbeb,2021/03/26 00:14:51,surveyor_jr,2021/03/26 00:14:51,surveyor_jr,"705","55","15","18","4",,"18","54892"
2021/03/26 21:52:00,"36805","27","3074","17","0",0.9,,,27,"0","1518","34572",,"1862",63dd777a-ec1d-4108-8de9-f16d02e06be8,2021/03/26 21:58:19,surveyor_jr,2021/03/26 21:58:19,surveyor_jr,"715","45","21","8","2",,"14","61093"
2021/03/27 22:27:00,"36818","13","1990","3","1",0.7,,,13,"0","1519","34575",,"1863",34eb8ce0-44ec-4cdc-bb78-dc9a0542127f,2021/03/27 22:30:12,surveyor_jr,2021/03/27 22:30:12,surveyor_jr,"724","33","16","1","2",Parirenyatwa and UBH did not report,"14","65466"
2021/03/28 22:32:00,"36822","4","1098","28","1",0.4,,,4,"0","1520","34603",,"1864",7781f801-1059-4e16-9b31-95c6c38b8a8a,2021/03/28 22:35:06,surveyor_jr,2021/03/28 22:35:06,surveyor_jr,"699","22","8","0","0",,"14","68511"
2021/03/29 22:17:11,"36839","17","1467","14","0",1.2,"Zimbabwe
",,17,"0","1520","34617",,"1865",ad4b6100-c069-41bd-918d-beac1c504245,2021/03/29 22:22:02,surveyor_jr,2021/03/29 22:22:02,surveyor_jr,"702","33","15","13","3",50% of reporting sites did not report. ,"2","69751"
2021/03/30 08:29:00,"36858","19","2675","19","1",0.7,,,19,"0","1521","34636",,"1866",2f7022c9-cb16-4f27-ac2a-74a664494d9b,2021/03/31 08:31:32,surveyor_jr,2021/03/31 08:31:32,surveyor_jr,"701","47","26","9","3",,"9","72944"
2021/03/31 23:26:00,"36882","24","1440","50","2",1.7,,,24,"0","1523","34686",,"1867",d177b073-d6e2-451f-bf3f-a98fb3de7411,2021/03/31 23:28:47,surveyor_jr,2021/03/31 23:28:47,surveyor_jr,"673","43","20","11","3",,"9","76995"
2021/04/01 21:57:00,"36896","14","2337","12","0",0.6,,,14,"0","1523","34698",,"1868",9dbc91fd-9f8b-4b78-ac75-4e5705cd6201,2021/04/01 22:00:33,surveyor_jr,2021/04/01 22:00:33,surveyor_jr,"675","34","18","7","3",,"6","87791"
2021/04/02 21:43:00,"36903","7","1362","10","1",0.5,,,7,"0","1524","34708",,"1869",39483831-4eab-4493-9906-4a890453b140,2021/04/02 21:45:29,surveyor_jr,2021/04/02 21:45:29,surveyor_jr,"671","30","17","7","3",,"3","103815"
2021/04/03 01:58:00,"36911","8","1081","24","0",0.7,,,8,"0","1524","34732",,"1870",7ced4edd-0c6c-41e9-898e-b5d0d8c87c15,2021/04/04 02:00:52,surveyor_jr,2021/04/04 02:00:52,surveyor_jr,"655","32","16","8","4",,"4","111588"
2021/04/04 22:00:00,"36923","12","1115","16","1",1.1,,,12,"0","1525","34748",,"1871",bed08463-3b15-4224-88f1-c629fefd264f,2021/04/04 22:02:53,surveyor_jr,2021/04/04 22:02:53,surveyor_jr,"650","10","7","0","0",,"3","117297"
2021/04/05 23:52:06,"36934","11","1171","10","0",0.9,Zimbabwe ,,11,"0","1525","34758",,"1872",25f99ade-7a80-4e69-a016-5823fddae356,2021/04/05 23:54:55,surveyor_jr,2021/04/05 23:54:55,surveyor_jr,"651","14","4","7","0","Midlands, Mash Central, Masvingo and Mash West did not report","0","123454"
2021/04/06 21:37:00,"36966","32","1604","23","6",2,,,32,"0","1531","34781",,"1873",da9a5119-5f30-49ac-aa8d-ba4652206514,2021/04/06 21:40:31,surveyor_jr,2021/04/06 21:40:31,surveyor_jr,"654","18","7","9","2",,"0","139133"
2021/04/07 21:27:00,"36984","18","3301","22","0",0.55,,,18,"0","1531","34803",,"1874",56af6930-3322-491e-8816-8671097d822f,2021/04/07 21:29:01,surveyor_jr,2021/04/07 21:29:01,surveyor_jr,"650","26","9","8","3",,"6","153238"
2021/04/08 22:22:00,"37052","68","1841","11","1",3.7,,,68,"0","1532","34814",,"1875",0520ca77-3c5f-4995-af0f-0eeee415b6ce,2021/04/08 22:26:06,surveyor_jr,2021/04/08 22:26:06,surveyor_jr,"706","27","15","9","2",55 cases are from a boarding school in Mzingwane,"1","166543"
2021/04/09 06:46:00,"37147","95","2407","17","3",4,,,95,"0","1535","34831",,"1876",9f71fa2e-51af-4284-b194-497ae9db9559,2021/04/10 06:49:05,surveyor_jr,2021/04/10 06:49:05,surveyor_jr,"781","24","13","8","3",Mash-West and Masvingo did not report,"0","178237"
2021/04/10 22:47:00,"37273","126","2167","31","3",5.8,,,126,"0","1538","34862",,"1877",e536c0e5-36bc-4084-b9e1-c6844b2f460e,2021/04/10 22:51:00,surveyor_jr,2021/04/10 22:51:00,surveyor_jr,"873","35","23","9","3",Mat North and Masvingo did not report. 100 more cases from the same boarding school in Mat South (Sacred High): the outbreak is localized at the school.,"0","193936"
2021/04/11 06:37:23,"37288","15","1257","11","0",1.2,Zimbabwe ,,15,"0","1538","34873",,"1878",f780eb2e-9ba2-49e0-9401-ad9d65ef9f0e,2021/04/12 06:40:53,surveyor_jr,2021/04/12 06:40:53,surveyor_jr,"877","4","4","0","0","Only 4 provinces (Masvingo, Mat South, Mash East and Mash Central reported today)","0","194594"
2021/04/12 22:57:00,"37307","19","1111","28","4",1.7,,,19,"0","1542","34901",,"1879",5dab45e4-8f13-4de5-8973-ad18e3eadc0d,2021/04/12 22:59:35,surveyor_jr,2021/04/12 22:59:35,surveyor_jr,"864","30","14","11","5","Midlands, Masvingo and Bulawayo did not report","0","205275"
2021/04/13 22:53:29,"37330","23","1950","31","1",1.2,Zimbabwe,,23,"0","1543","34932",,"1880",ea350db4-b82b-414e-8981-e336a84041cb,2021/04/13 22:56:13,surveyor_jr,2021/04/13 22:56:13,surveyor_jr,"855","36","19","9","5","Midlands,  Masvingo and Bulawayo did not report","3","218516"
2021/04/14 00:00:00,"37369","39","2375","14","5",1.6,,,39,"0","1548","34946",,"1881",ab35571e-173d-4f1b-aa9f-d44cb25ffc0f,2021/04/15 00:02:46,surveyor_jr,2021/04/15 00:02:46,surveyor_jr,"875","31","21","6","4","Midlands, Masvingo and Bulawayo did not report","0","231632"
2021/04/15 23:09:15,"37422","53","2711","15","2",2,Zimbabwe ,,53,"0","1550","34961",,"1882",d34df40e-c925-40ff-9058-5cbdb8a62404,2021/04/15 23:11:06,surveyor_jr,2021/04/15 23:11:06,surveyor_jr,"911","28","14","8","3","Midlands, Masvingo, Mash West and Wilkins Hopsital did not report today. ","3","252932"
2021/04/16 00:21:36,"37354","112","2021","20","1",5.5,Zimbabwe,,112,"0","1551","34981",,"1883",cfcbefaf-6197-4d3d-bfe4-a9d3a2f590c4,2021/04/17 00:24:22,surveyor_jr,2021/04/17 00:24:22,surveyor_jr,"1002","35","26","7","2","Midlands, Masvingo, Mat South and UBH did not report today","0","269732"
2021/04/17 22:46:00,"37699","165","2311","24","1",7.1,,,165,"0","1552","35005",,"1884",9afea712-b17c-4856-94e5-7ba3c78f4d4e,2021/04/17 22:49:23,surveyor_jr,2021/04/17 22:49:23,surveyor_jr,"1142","34","25","7","2","High cases from Manicaland are from an outbreak at a school in the Province. Masvingo, Mat North and Wilkins did not report today.","0","276095"
2021/04/18 22:31:00,"37751","52","1111","14","1",4.7,,,52,"0","1553","35019",,"1885",f267ad59-a3c8-41f9-848b-98864a4ee068,2021/04/18 22:34:15,surveyor_jr,2021/04/18 22:34:15,surveyor_jr,"1179","8","7","1","0","ONLY Mat North, Mash East and Mash Central reported on admissions today.","0","278583"
2021/04/19 00:01:00,"37859","108","1863","12","0",5.8,,,108,"0","1553","35031",,"1886",a1abc65a-607a-4c28-9918-1f3eed93ea4f,2021/04/20 00:05:06,surveyor_jr,2021/04/20 00:05:06,surveyor_jr,"1275","22","14","5","3","The 1010 cases from Mat South today include 32 cases recorded yesterday but were reported after the report had been published. Midlands, Mat North, Masvingo, Mash Central and Arundel did not report today.","0","280568"
2021/04/20 22:31:00,"37875","16","2493","27","1",0.64,,,16,"0","1554","35058",,"1887",e2de0b38-7f1d-47e7-90a4-1e39ab13d2d8,2021/04/20 22:35:58,surveyor_jr,2021/04/20 22:35:58,surveyor_jr,"1263","44","33","6","3","Masvingo, UBHI did not report today","2","288229"
2021/04/21 22:48:40,"37980","105","1930","7","1",5.4,Zimbabwe ,,105,"0","1555","35065",,"1888",7cd3519e-d951-4207-a55b-79378b99b82f,2021/04/21 22:52:22,surveyor_jr,2021/04/21 22:52:22,surveyor_jr,"1360","41","27","8","4","The 74 cases from Manicaland are from the same school with an outbreak initially reported on 17 April. Midlands, Masvingo, Manicaland and UBH did not report today. ","2","295631"
2021/04/22 22:20:00,"38018","38","1945","8","0",2,,,38,"0","1555","35073",,"1889",2f6afc53-2554-460b-a68f-1538343b5ae0,2021/04/22 22:23:31,surveyor_jr,2021/04/22 22:23:31,surveyor_jr,"1390","58","35","8","13",9 cases in Manicaland are from the same school which initially reported an outbreak on the 17th of April while 7 are from a different school in the same province. UBH did not report today.,"2","308071"
