Date,Total_Cumulative_Cases,New_Cases,PCR,Recovered,Deaths,Daily_Positive__age,Country,RDT,Local_Transmissions,Imported_Cases,Cum_Deaths,Cum_Recovery,CFR_,ObjectId,GlobalID,CreationDate,Creator,EditDate,Editor,active_cases
2020/03/19 00:00:00,"0",,"34711",,,,Zimbabwe,,,,"0","0",,"1",13b36c6d-d2e2-4540-855c-417a46f62235,2020/11/19 17:18:52,surveyor_jr,2020/12/16 08:47:35,surveyor_jr,"0"
2020/03/20 00:00:00,"1",,,,,,Zimbabwe,,,,"0","0",,"2",d6239990-39de-4a03-a9f6-ec0f9d38db4a,2020/11/19 17:18:52,surveyor_jr,2020/12/16 08:47:35,surveyor_jr,"1"
2020/03/21 00:00:00,"2",,,,,,Zimbabwe,,,,"0","0",,"3",ddd6a289-6657-4799-a3dc-e7dbeb34e739,2020/11/19 17:18:52,surveyor_jr,2020/12/16 08:47:35,surveyor_jr,"2"
2020/03/22 00:00:00,"2",,,,,,Zimbabwe,,,,"0","0",,"4",9c8098e3-5f1d-4614-8cb8-b5e88f56b76e,2020/11/19 17:18:52,surveyor_jr,2020/12/16 08:47:35,surveyor_jr,"2"
2020/03/23 00:00:00,"2",,,,,,Zimbabwe,,,,"1","0",,"5",f4881e39-382e-4541-8e8f-0de143272e88,2020/11/19 17:18:52,surveyor_jr,2020/12/16 08:47:35,surveyor_jr,"1"
2020/03/24 00:00:00,"3",,,,,,Zimbabwe,,,,"1","0",,"6",04bcf030-8047-42d9-af88-47fea0d23cd7,2020/11/19 17:18:52,surveyor_jr,2020/12/16 08:47:35,surveyor_jr,"2"
2020/03/25 00:00:00,"3",,,,,,Zimbabwe,,,,"1","0",,"7",123fdb44-3ae6-4047-8953-be3e61567448,2020/11/19 17:18:52,surveyor_jr,2020/12/16 08:47:35,surveyor_jr,"2"
2020/03/26 00:00:00,"5",,,,,,Zimbabwe,,,,"1","0",,"8",3b0aab6d-dd81-4bad-a63d-9da73ad7568d,2020/11/19 17:18:52,surveyor_jr,2020/12/16 08:47:35,surveyor_jr,"4"
2020/03/27 00:00:00,"7",,,,,,Zimbabwe,,,,"1","0",,"9",727c0fb3-f50d-4147-899a-7937335dfc90,2020/11/19 17:18:52,surveyor_jr,2020/12/16 08:47:35,surveyor_jr,"6"
2020/03/28 00:00:00,"7",,,,,,Zimbabwe,,,,"1","0",,"10",6ce76161-92b8-4087-bbc3-fb5f3563d816,2020/11/19 17:18:52,surveyor_jr,2020/12/16 08:47:35,surveyor_jr,"6"
2020/03/29 00:00:00,"7",,,,,,Zimbabwe,,,,"1","0",,"11",d0d33d48-0370-4a8d-a41c-ec07a5617bc7,2020/11/19 17:18:52,surveyor_jr,2020/12/16 08:47:35,surveyor_jr,"6"
2020/03/30 00:00:00,"8",,,,,,Zimbabwe,,,,"1","0",,"12",ad1ccc1e-de3f-4e3c-acdf-a70e05a63aee,2020/11/19 17:18:52,surveyor_jr,2020/12/16 08:47:35,surveyor_jr,"7"
2020/03/31 00:00:00,"8",,,,,,Zimbabwe,,,,"1","0",,"13",7295f636-d640-40ce-8011-05f226709344,2020/11/19 17:18:52,surveyor_jr,2020/12/16 08:47:35,surveyor_jr,"7"
2020/04/01 00:00:00,"9",,,,,,Zimbabwe,,,,"1","0",,"14",29f61f5b-c094-49b1-9cc7-2bb78cdcc25a,2020/11/19 17:18:52,surveyor_jr,2020/12/16 08:47:35,surveyor_jr,"8"
2020/04/02 00:00:00,"9",,,,,,Zimbabwe,,,,"1","0",,"15",84031d53-b84e-4c85-a878-4b24a5b1a625,2020/11/19 17:18:52,surveyor_jr,2020/12/16 08:47:35,surveyor_jr,"8"
2020/04/03 00:00:00,"9",,,,,,Zimbabwe,,,,"1","0",,"16",2869cd49-96ae-4fea-8172-f8a0779939ac,2020/11/19 17:18:52,surveyor_jr,2020/12/16 08:47:35,surveyor_jr,"8"
2020/04/04 00:00:00,"9",,,,,,Zimbabwe,,,,"1","0",,"17",6f85892e-df56-4901-a42e-c9eb618a02b5,2020/11/19 17:18:52,surveyor_jr,2020/12/16 08:47:35,surveyor_jr,"8"
2020/04/05 00:00:00,"10",,,,,,Zimbabwe,,,,"1","0",,"18",42845888-10b5-47ba-b302-96d0d26f8b51,2020/11/19 17:18:52,surveyor_jr,2020/12/16 08:47:35,surveyor_jr,"9"
2020/04/06 00:00:00,"10",,,,,,Zimbabwe,,,,"1","0",,"19",99e7405a-cefa-4439-8ea1-eb7f07414dc6,2020/11/19 17:18:52,surveyor_jr,2020/12/16 08:47:35,surveyor_jr,"9"
2020/04/07 00:00:00,"10",,,,,,Zimbabwe,,,,"2","0",,"20",58ddc9a4-95b2-4752-a145-1721632794ca,2020/11/19 17:18:52,surveyor_jr,2020/12/16 08:47:35,surveyor_jr,"8"
2020/04/08 00:00:00,"10",,,,,,Zimbabwe,,,,"3","0",,"21",6f5aa3c4-2e7a-48af-a823-9dd67a8bd62c,2020/11/19 17:18:52,surveyor_jr,2020/12/16 08:47:35,surveyor_jr,"7"
2020/04/09 00:00:00,"12",,,,,,Zimbabwe,,,,"3","0",,"22",fdb737fd-bdff-4a43-b45b-73555b561125,2020/11/19 17:18:52,surveyor_jr,2020/12/16 08:47:35,surveyor_jr,"9"
2020/04/10 00:00:00,"13",,,,,,Zimbabwe,,,,"3","0",,"23",70e530ec-5cbd-45a5-8d65-65320160b647,2020/11/19 17:18:52,surveyor_jr,2020/12/16 08:47:35,surveyor_jr,"10"
2020/04/11 00:00:00,"13",,,,,,Zimbabwe,,,,"3","0",,"24",e021af2a-b6e5-4fce-b131-cf06597cf300,2020/11/19 17:18:52,surveyor_jr,2020/12/16 08:47:35,surveyor_jr,"10"
2020/04/12 00:00:00,"13",,,,,,Zimbabwe,,,,"3","0",,"25",b6fd3f69-684e-40f9-ac4d-79e9fe9869af,2020/11/19 17:18:52,surveyor_jr,2020/12/16 08:47:35,surveyor_jr,"10"
2020/04/13 00:00:00,"16",,,,,,Zimbabwe,,,,"3","0",,"26",5e1c945e-8ca7-414f-862b-675249ae542b,2020/11/19 17:18:52,surveyor_jr,2020/12/16 08:47:35,surveyor_jr,"13"
2020/04/14 00:00:00,"22",,,,,,Zimbabwe,,,,"3","0",,"27",ac1b44d2-7a54-4d40-9c4a-19a7db272543,2020/11/19 17:18:52,surveyor_jr,2020/12/16 08:47:35,surveyor_jr,"19"
2020/04/15 00:00:00,"23",,,,,,Zimbabwe,,,,"3","1",,"28",cc3fbaa9-98a5-4d54-b115-a067385179fe,2020/11/19 17:18:52,surveyor_jr,2020/12/16 08:47:35,surveyor_jr,"19"
2020/04/16 00:00:00,"23",,,,,,Zimbabwe,,,,"3","2",,"29",01817764-db31-4e17-a9b9-f10f951de208,2020/11/19 17:18:52,surveyor_jr,2020/12/16 08:47:35,surveyor_jr,"18"
2020/04/17 00:00:00,"24",,,,,,Zimbabwe,,,,"3","2",,"30",d0d66916-c988-4321-8ee2-f4c5fc94597a,2020/11/19 17:18:52,surveyor_jr,2020/12/16 08:47:35,surveyor_jr,"19"
2020/04/18 00:00:00,"24",,,,,,Zimbabwe,,,,"3","2",,"31",36bd6a09-8f87-49c9-90a3-c096ca6ed73e,2020/11/19 17:18:52,surveyor_jr,2020/12/16 08:47:35,surveyor_jr,"19"
2020/04/19 00:00:00,"24",,,,,,Zimbabwe,,,,"3","2",,"32",d9f5cae4-152c-4ebc-b3bf-ae3b270680c3,2020/11/19 17:18:52,surveyor_jr,2020/12/16 08:47:35,surveyor_jr,"19"
2020/04/20 00:00:00,"27",,,,,,Zimbabwe,,,,"3","2",,"33",01461f5d-6182-4831-808a-55061a2dfba7,2020/11/19 17:18:52,surveyor_jr,2020/12/16 08:47:35,surveyor_jr,"22"
2020/04/21 00:00:00,"28",,,,,,Zimbabwe,,,,"3","2",,"34",b7df5119-df59-4f03-82a3-916634f70bc5,2020/11/19 17:18:52,surveyor_jr,2020/12/16 08:47:35,surveyor_jr,"23"
2020/04/22 00:00:00,"28",,,,,,Zimbabwe,,,,"4","2",,"35",b6bb933b-4d0e-4b13-bde5-5b6565c34287,2020/11/19 17:18:52,surveyor_jr,2020/12/16 08:47:35,surveyor_jr,"22"
2020/04/23 00:00:00,"28",,,,,,Zimbabwe,,,,"4","2",,"36",1e7b3c8a-5f59-4aec-8446-e645445e5779,2020/11/19 17:18:52,surveyor_jr,2020/12/16 08:47:35,surveyor_jr,"22"
2020/04/24 00:00:00,"31",,,,,,Zimbabwe,,,,"4","2",,"37",5f80b68b-5dca-48d7-acf1-aa619f3d3e72,2020/11/19 17:18:52,surveyor_jr,2020/12/16 08:47:35,surveyor_jr,"25"
2020/04/25 00:00:00,"31",,,,,,Zimbabwe,,,,"4","2",,"38",7b5df18f-fd8d-4125-a16f-39ffdec9fa33,2020/11/19 17:18:52,surveyor_jr,2020/12/16 08:47:35,surveyor_jr,"25"
2020/04/26 00:00:00,"32",,,,,,Zimbabwe,,,,"4","5",,"39",c4f9dd09-694d-4a07-a3f6-d3af333d6a4a,2020/11/19 17:18:52,surveyor_jr,2020/12/16 08:47:35,surveyor_jr,"23"
2020/04/27 00:00:00,"32",,,,,,Zimbabwe,,,,"4","5",,"40",d70f7377-8d8b-4929-93ae-86674abeecfc,2020/11/19 17:18:52,surveyor_jr,2020/12/16 08:47:35,surveyor_jr,"23"
2020/04/28 00:00:00,"32",,,,,,Zimbabwe,,,,"4","5",,"41",31f38b64-51b3-4741-999a-a8688577e1e9,2020/11/19 17:18:52,surveyor_jr,2020/12/16 08:47:35,surveyor_jr,"23"
2020/04/29 00:00:00,"34",,,,,,Zimbabwe,,,,"4","5",,"42",532f55e8-3431-4998-b7cc-44689d5b9d87,2020/11/19 17:18:52,surveyor_jr,2020/12/16 08:47:35,surveyor_jr,"25"
2020/04/30 00:00:00,"34",,,,,,Zimbabwe,,,,"4","5",,"43",e9e081b2-2b78-4298-a387-e6f604a7c685,2020/11/19 17:18:52,surveyor_jr,2020/12/16 08:47:35,surveyor_jr,"25"
2020/05/01 00:00:00,"34",,,,,,Zimbabwe,,,,"4","5",,"44",8bc538b0-7f72-4ff0-add6-daa8c0404e85,2020/11/19 17:18:52,surveyor_jr,2020/12/16 08:47:35,surveyor_jr,"25"
2020/05/02 00:00:00,"34",,,,,,Zimbabwe,,,,"4","5",,"45",bc47d7d7-79d7-4b27-8df0-0783fc328f86,2020/11/19 17:18:52,surveyor_jr,2020/12/16 08:47:35,surveyor_jr,"25"
2020/05/03 00:00:00,"34",,,,,,Zimbabwe,,,,"4","5",,"46",c8ecb787-7a88-4aad-9edd-9e4376685e79,2020/11/19 17:18:52,surveyor_jr,2020/12/16 08:47:35,surveyor_jr,"25"
2020/05/04 00:00:00,"34",,,,,,Zimbabwe,,,,"4","5",,"47",40546fe5-c1ba-4d56-bf6e-d9a593016a72,2020/11/19 17:18:52,surveyor_jr,2020/12/16 08:47:35,surveyor_jr,"25"
2020/05/05 00:00:00,"34",,,,,,Zimbabwe,,,,"4","5",,"48",87230d6a-028f-4384-869a-fb927fa7df10,2020/11/19 17:18:52,surveyor_jr,2020/12/16 08:47:35,surveyor_jr,"25"
2020/05/06 00:00:00,"34",,,,,,Zimbabwe,,,,"4","5",,"49",caf6714e-d353-4c53-a831-aa272cd9925e,2020/11/19 17:18:52,surveyor_jr,2020/12/16 08:47:35,surveyor_jr,"25"
2020/05/07 00:00:00,"34",,,,,,Zimbabwe,,,,"4","9",,"50",b6e9c69b-de6e-4ddc-998a-08658af893c0,2020/11/19 17:18:52,surveyor_jr,2020/12/16 08:47:35,surveyor_jr,"21"
2020/05/08 00:00:00,"35",,,,,,Zimbabwe,,,,"4","9",,"51",0e3b95e5-616b-418b-8978-db988d9dadc5,2020/11/19 17:18:52,surveyor_jr,2020/12/16 08:47:35,surveyor_jr,"22"
2020/05/09 00:00:00,"36",,,,,,Zimbabwe,,,,"4","9",,"52",13f92781-409f-497d-8110-3a7b164c7a12,2020/11/19 17:18:52,surveyor_jr,2020/12/16 08:47:35,surveyor_jr,"23"
2020/10/13 00:00:00,"8036","15","588","5","0",2.55102040816327,Zimbabwe,,15,"0","230","7632",,"53",0edb8812-2909-4d37-b50d-ec852ab324ec,2020/11/19 17:18:52,surveyor_jr,2020/12/16 08:47:35,surveyor_jr,"174"
2020/10/14 00:00:00,"8055","19","615","8","1",3.08943089430894,Zimbabwe,,18,"1","231","7640",,"54",3460fdac-c352-4b4e-9349-56e5ed728a61,2020/11/19 17:18:52,surveyor_jr,2020/12/16 08:47:35,surveyor_jr,"184"
2020/10/15 00:00:00,"8075","20","818","29","0",2.44498777506112,Zimbabwe,,17,"3","231","7669",,"55",f128d684-a1a6-40ef-90a0-4f817a355f4a,2020/11/19 17:18:52,surveyor_jr,2020/12/16 08:47:35,surveyor_jr,"175"
2020/10/16 00:00:00,"8099","24","615","4","0",3.90243902439024,Zimbabwe,,24,"0","231","7673",,"56",81bee9eb-7286-4161-a8dd-b2380204f311,2020/11/19 17:18:52,surveyor_jr,2020/12/16 08:47:35,surveyor_jr,"195"
2020/10/17 00:00:00,"8110","11","804","0","0",1.3681592039801,Zimbabwe,,10,"1","231","7673",,"57",cbdae6c3-38ba-4a61-afd7-f7b42e4c8b08,2020/11/19 17:18:52,surveyor_jr,2020/12/16 08:47:35,surveyor_jr,"206"
2020/10/18 00:00:00,"8147","37","263","5","0",14.0684410646388,Zimbabwe,,37,"0","231","7678",,"58",9de0613f-b812-4202-8abb-6e500b6d2f12,2020/11/19 17:18:52,surveyor_jr,2020/12/16 08:47:35,surveyor_jr,"238"
2020/10/19 00:00:00,"8159","12","564","5","1",2.12765957446809,Zimbabwe,,12,"0","232","7683",,"59",949d1d63-b2d5-4756-9cd7-8f485ea70bb6,2020/11/19 17:18:52,surveyor_jr,2020/12/16 08:47:35,surveyor_jr,"244"
2020/10/20 00:00:00,"8187","28","791","9","1",3.53982300884956,Zimbabwe,,20,"8","233","7692",,"60",9d3cad05-d5b9-4c21-b378-7963f76a4c04,2020/11/19 17:18:52,surveyor_jr,2020/12/16 08:47:35,surveyor_jr,"262"
2020/10/21 00:00:00,"8215","28","805","33","3",3.47826086956522,Zimbabwe,,28,"0","236","7725",,"61",c1b88444-99b2-4bea-8199-3f8b26e01ad7,2020/11/19 17:18:52,surveyor_jr,2020/12/16 08:47:35,surveyor_jr,"254"
2020/10/22 00:00:00,"8242","27","827","17","0",3.26481257557437,Zimbabwe,,15,"12","236","7742",,"62",f4897352-f26f-4ca0-9b5f-fda0cce1b39b,2020/11/19 17:18:52,surveyor_jr,2020/12/16 08:47:35,surveyor_jr,"264"
2020/10/23 00:00:00,"8257","15","1039","29","0",1.4436958614052,Zimbabwe,,15,"0","236","7771",,"63",d62dc773-dcb6-411d-8d44-bca334104bee,2020/11/19 17:18:52,surveyor_jr,2020/12/16 08:47:35,surveyor_jr,"250"
2020/10/24 00:00:00,"8269","12","626","14","0",1.91693290734824,Zimbabwe,,11,"1","236","7785",,"64",44cb8747-4d00-4e26-87af-cf359aeb064c,2020/11/19 17:18:52,surveyor_jr,2020/12/16 08:47:35,surveyor_jr,"248"
2020/10/25 00:00:00,"8276","7","816","12","1",0.857843137254902,Zimbabwe,,7,"0","237","7797",,"65",306e77d9-e885-46f3-9096-ac6c6b9a3f15,2020/11/19 17:18:52,surveyor_jr,2020/12/16 08:47:35,surveyor_jr,"242"
2020/10/26 00:00:00,"8303","27","698","0","5",3.86819484240688,Zimbabwe,,27,"0","242","7797",,"66",80457027-48de-468d-9871-a289736995ab,2020/11/19 17:18:52,surveyor_jr,2020/12/16 08:47:35,surveyor_jr,"264"
2020/10/27 00:00:00,"8315","12","1050","7","0",1.14285714285714,Zimbabwe,,11,"1","242","7804",,"67",41f029f1-4a5f-49a2-b6c4-c52001fa0553,2020/11/19 17:18:52,surveyor_jr,2020/12/16 08:47:35,surveyor_jr,"269"
2020/10/28 00:00:00,"8320","5","571","41","0",0.875656742556918,Zimbabwe,,5,"0","242","7845",,"68",7da8f04f-34b4-4d0a-afce-8ac248d46f47,2020/11/19 17:18:52,surveyor_jr,2020/12/16 08:47:35,surveyor_jr,"233"
2020/10/29 00:00:00,"8349","29","1143","19","0",2.53718285214348,Zimbabwe,,28,"1","242",,,"69",27fa0d91-bf52-42bb-a4c4-af708cbbaed3,2020/11/19 17:18:52,surveyor_jr,2020/12/16 08:47:35,surveyor_jr,
2020/10/30 00:00:00,"8362","13","911","20","0",1.42700329308452,Zimbabwe,,13,"0","242","7884",,"70",5c3d7f70-8130-4b71-9c6a-096edbd4b9aa,2020/11/19 17:18:52,surveyor_jr,2020/12/16 08:47:35,surveyor_jr,"236"
2020/10/31 00:00:00,"8367","5","681","10","1",0.734214390602056,Zimbabwe,,5,"0","243","7894",,"71",31013f80-67b1-4377-8acb-797d4376f450,2020/11/19 17:18:52,surveyor_jr,2020/12/16 08:47:35,surveyor_jr,"230"
2020/11/01 00:00:00,"8374","7","574","33","0",1.21951219512195,Zimbabwe,,6,"1","243","7927",,"72",7519b714-69bb-4087-ab6c-449acdcf5334,2020/11/19 17:18:52,surveyor_jr,2020/12/16 08:47:35,surveyor_jr,"204"
2020/11/02 00:00:00,"8389","15","610","12","2",2.45901639344262,Zimbabwe,,15,"0","245","7939",,"73",3ad00fff-6b25-48f9-9828-19e3d5f89483,2020/11/19 17:18:52,surveyor_jr,2020/12/16 08:47:35,surveyor_jr,"205"
2020/11/03 00:00:00,"8410","21","745","3","1",2.81879194630872,Zimbabwe,,19,"2","246","7942",,"74",b0dfcaf7-e52b-47fa-96fe-cd064e66387a,2020/11/19 17:18:52,surveyor_jr,2020/12/16 08:47:35,surveyor_jr,"222"
2020/11/04 00:00:00,"8427","17","854","25","2",1.99063231850117,Zimbabwe,,17,"0","248","7967",,"75",c319987f-f9eb-41c7-80dd-b57684baf38b,2020/11/19 17:18:52,surveyor_jr,2020/12/16 08:47:35,surveyor_jr,"212"
2020/11/05 00:00:00,"8444","17","855","8","0",1.98830409356725,Zimbabwe,,16,"1","248","7967",,"76",b9b19e84-0f44-40dc-89f6-8f2fbf63dc16,2020/11/19 17:18:52,surveyor_jr,2020/12/16 08:47:35,surveyor_jr,"229"
2020/11/06 00:00:00,"8471","27","756","8","2",3.57142857142857,Zimbabwe,,27,"0","250","7983",,"77",73a97cdd-49a3-4cf6-8c34-4c290e56af1c,2020/11/19 17:18:52,surveyor_jr,2020/12/16 08:47:35,surveyor_jr,"238"
2020/11/07 00:00:00,"8498","27","687","12","1",3.93013100436681,Zimbabwe,,27,"0","251","7995",,"78",afb82864-9e4f-4a17-84fb-acd532b11808,2020/11/19 17:18:52,surveyor_jr,2020/12/16 08:47:35,surveyor_jr,"252"
2020/11/08 00:00:00,"8531","33","582","11","2",5.67010309278351,Zimbabwe,,33,"0","253","8005",,"79",b3ff08a2-0439-46c5-8c9b-a692d499d15b,2020/11/19 17:18:52,surveyor_jr,2020/12/16 08:47:35,surveyor_jr,"273"
2020/11/09 00:00:00,"8561","30","697","17","1",4.30416068866571,Zimbabwe,,30,"0","254","8023",,"80",4b67969e-6876-4328-a1b4-36f391e17661,2020/11/19 17:18:52,surveyor_jr,2020/12/16 08:47:35,surveyor_jr,"284"
2020/11/10 00:00:00,"8610","49","1151","17","1",4.25716768027802,Zimbabwe,,20,"29","255","8040",,"81",6b493e4c-84b3-49a1-a736-b9187a30e3af,2020/11/19 17:18:52,surveyor_jr,2020/12/16 08:47:35,surveyor_jr,"315"
2020/11/11 00:00:00,"8667","57","613","6","0",9.29853181076672,Zimbabwe,,33,"24","255","8046",,"82",6df46159-9e37-4cf2-a7c2-8cc55a1e9490,2020/11/19 17:18:52,surveyor_jr,2020/12/16 08:47:35,surveyor_jr,"366"
2020/11/12 00:00:00,"8696","29","1086","14","0",2.67034990791897,Zimbabwe,,28,"1","255","8060",,"83",40fd7019-382c-4a98-94f6-e9e474d53bba,2020/11/19 17:18:52,surveyor_jr,2020/12/16 08:47:35,surveyor_jr,"381"
2020/11/13 00:00:00,"8765","69","1092","28","2",6.31868131868132,Zimbabwe,,69,"0","257","8090",,"84",3a2096e6-083e-4ccc-961c-41e146a47e05,2020/11/19 17:18:52,surveyor_jr,2020/12/16 08:47:35,surveyor_jr,"418"
2020/11/14 00:00:00,"8786","21","580","8","0",3.62068965517241,Zimbabwe,,21,"0","257","8096",,"85",959e014d-cb38-4bf5-bcf1-ee809624c0fa,2020/11/19 17:18:52,surveyor_jr,2020/12/16 08:47:35,surveyor_jr,"433"
2020/11/15 00:00:00,"8829","43","960","0","0",4.47916666666667,Zimbabwe,,43,"0","257","8096",,"86",9ef05976-2f57-4f29-bbad-a808fabb347f,2020/11/19 17:18:52,surveyor_jr,2020/12/16 08:47:35,surveyor_jr,"476"
2020/11/16 00:00:00,"8897","68","848","20","0",8.0188679245283,Zimbabwe,,68,"0","257","8116",,"87",e92d3838-7873-44b8-915c-52e0cbefecb6,2020/11/19 17:18:52,surveyor_jr,2020/12/16 08:47:35,surveyor_jr,"524"
2020/11/17 00:00:00,"8945","498","875","49","2",56.9142857142857,Zimbabwe,,47,"1","260","8164",,"88",dadaa367-bb90-498a-af4a-c9194020b79f,2020/11/19 17:18:52,surveyor_jr,2020/12/16 08:47:35,surveyor_jr,"521"
2020/11/18 00:00:00,"8981","36","1246","20","1",2.8892455858748,Zimbabwe,,36,"0","261","8184",,"89",3d2adb94-5ab0-41c1-bd0a-311174324153,2020/11/19 17:18:52,surveyor_jr,2020/12/16 08:47:35,surveyor_jr,"536"
2020/11/19 00:00:00,,,,,,,Zimbabwe,,,,,,,"90",b0377ad3-f4d3-45a8-9d0a-733b7be95430,2020/11/19 17:18:52,surveyor_jr,2020/12/16 08:47:35,surveyor_jr,
2020/11/20 00:00:00,,,,,,,Zimbabwe,,,,,,,"91",d11f806f-745c-42a5-a6c3-894c453b24cc,2020/11/19 17:18:52,surveyor_jr,2020/12/16 08:47:35,surveyor_jr,
2020/11/21 00:00:00,,,,,,,Zimbabwe,,,,,,,"92",d2fefe30-cd54-4de7-9112-16e912b15201,2020/11/19 17:18:52,surveyor_jr,2020/12/16 08:47:35,surveyor_jr,
2020/11/22 00:00:00,,,,,,,Zimbabwe,,,,,,,"93",36f88d7d-d0c9-408f-905c-7b33a113d44b,2020/11/19 17:18:52,surveyor_jr,2020/12/16 08:47:35,surveyor_jr,
2020/11/23 00:00:00,,,,,,,Zimbabwe,,,,,,,"94",73020980-a8b4-4986-b50b-a0efc37b9fa4,2020/11/19 17:18:52,surveyor_jr,2020/12/16 08:47:35,surveyor_jr,
2020/11/24 00:00:00,,,,,,,Zimbabwe,,,,,,,"95",9cff174f-2a63-4277-8177-3dc4622452f9,2020/11/19 17:18:52,surveyor_jr,2020/12/16 08:47:35,surveyor_jr,
2020/11/25 00:00:00,,,,,,,Zimbabwe,,,,,,,"96",b0564da3-b7e3-457b-8d74-e0a048c939e3,2020/11/19 17:18:52,surveyor_jr,2020/12/16 08:47:35,surveyor_jr,
2020/11/26 00:00:00,,,,,,,Zimbabwe,,,,,,,"97",48f4fc38-6be7-4657-aede-165fe8bd53e6,2020/11/19 17:18:52,surveyor_jr,2020/12/16 08:47:35,surveyor_jr,
2020/11/27 00:00:00,,,,,,,Zimbabwe,,,,,,,"98",6224e51f-edf9-470f-a793-f484a87a4202,2020/11/19 17:18:52,surveyor_jr,2020/12/16 08:47:35,surveyor_jr,
2020/11/28 00:00:00,,,,,,,Zimbabwe,,,,,,,"99",0a503c8d-5225-4f62-9d2c-05a813da07e9,2020/11/19 17:18:52,surveyor_jr,2020/12/16 08:47:35,surveyor_jr,
2020/11/29 00:00:00,,,,,,,Zimbabwe,,,,,,,"100",792ccaa9-bba9-4eb7-a6e2-83eba6585074,2020/11/19 17:18:52,surveyor_jr,2020/12/16 08:47:35,surveyor_jr,
2020/11/30 00:00:00,,,,,,,Zimbabwe,,,,,,,"101",ef0dfaf2-b760-42a5-be50-cfdd2784e4d6,2020/11/19 17:18:52,surveyor_jr,2020/12/16 08:47:35,surveyor_jr,
2020/12/01 00:00:00,,,,,,,Zimbabwe,,,,,,,"102",c3d40dfd-7e57-4bca-8820-4909905053c4,2020/11/19 17:18:52,surveyor_jr,2020/12/16 08:47:35,surveyor_jr,
2020/12/02 00:00:00,,,,,,,Zimbabwe,,,,,,,"103",58ce290b-b47a-4673-a954-6a1ffbd9feda,2020/11/19 17:18:52,surveyor_jr,2020/12/16 08:47:35,surveyor_jr,
,,,,,,,Zimbabwe,,,,,,,"104",3ed47362-18cc-4f58-b521-964eb9eff804,2020/11/19 17:18:52,surveyor_jr,2020/12/16 08:47:35,surveyor_jr,
2020/08/22 00:00:00,"5893","78","1001","42","1",7.79220779220779,Zimbabwe,,78,"0","153","4629",,"105",9d9b69ea-1f4e-48be-bcec-4de279fa3c5e,2020/11/19 17:18:52,surveyor_jr,2020/12/16 08:47:35,surveyor_jr,"1111"
2020/08/23 00:00:00,"5930","37","852","243","2",4.34272300469484,Zimbabwe,,37,"0","155","4872",,"106",d5b1f301-4d09-4264-b816-18ee5e75e6d1,2020/11/19 17:18:52,surveyor_jr,2020/12/16 08:47:35,surveyor_jr,"903"
2020/08/24 00:00:00,"6070","140","770","78","0",18.1818181818182,Zimbabwe,,134,"5","155","4950",,"107",3b3cce3f-da88-42b3-8fe3-89c06c19bc85,2020/11/19 17:18:52,surveyor_jr,2020/12/16 08:47:35,surveyor_jr,"965"
2020/08/25 00:00:00,"6196","126","1574","11","11",8.00508259212198,Zimbabwe,,116,"8","166","4961",,"108",ba11491c-5cbc-4eb2-9675-1a19dd2f4b7d,2020/11/19 17:18:52,surveyor_jr,2020/12/16 08:47:35,surveyor_jr,"1069"
2020/08/26 00:00:00,"6251","55","878","40","13",6.26423690205012,Zimbabwe,,36,"19","179","5001",,"109",650a103f-feca-40ae-a416-d60629ce6198,2020/11/19 17:18:52,surveyor_jr,2020/12/16 08:47:35,surveyor_jr,"1071"
2020/08/27 00:00:00,"6292","41","951","9","10",4.31125131440589,Zimbabwe,,38,"3","189","5010",,"110",50d19473-c034-452f-a4e2-6aab0db65583,2020/11/19 17:18:52,surveyor_jr,2020/12/16 08:47:35,surveyor_jr,"1093"
2020/08/28 00:00:00,"6388","96","1551","33","6",6.18955512572534,Zimbabwe,,76,"20","195","5043",,"111",71e6e247-d6f1-48e7-8e19-931361688d58,2020/11/19 17:18:52,surveyor_jr,2020/12/16 08:47:35,surveyor_jr,"1150"
2020/08/29 00:00:00,"6406","18","1114","13","1",1.61579892280072,Zimbabwe,,18,"0","196","5056",,"112",e2f98b08-07f4-4b4f-ab7a-44fa629d5b3e,2020/11/19 17:18:52,surveyor_jr,2020/12/16 08:47:35,surveyor_jr,"1154"
2020/08/30 00:00:00,"6412","6","602","5","0",0.996677740863787,Zimbabwe,,6,"0","196","5061",,"113",85143ef4-fdd5-4efe-8c4a-cd079014c4af,2020/11/19 17:18:52,surveyor_jr,2020/12/16 08:47:35,surveyor_jr,"1155"
2020/08/31 00:00:00,"6497","85","836","160","6",10.1674641148325,Zimbabwe,,80,"5","202","5221",,"114",468426da-b0ba-4784-80c6-45f6d3652544,2020/11/19 17:18:52,surveyor_jr,2020/12/16 08:47:35,surveyor_jr,"1074"
2020/09/01 00:00:00,"6559","62","1013","20","1",6.12043435340573,Zimbabwe,,51,"11","203","5241",,"115",fbbe4958-f3f1-4ef4-a4fe-a9c82f0e8d34,2020/11/19 17:18:52,surveyor_jr,2020/12/16 08:47:35,surveyor_jr,"1115"
2020/09/02 00:00:00,"6638","79","939","9","3",8.41320553780618,Zimbabwe,,59,"20","206","5250",,"116",0dcea035-c3f0-4cf3-a11c-ff9c99ac9328,2020/11/19 17:18:52,surveyor_jr,2020/12/16 08:47:35,surveyor_jr,"1182"
2020/09/03 00:00:00,"6678","40","1095","13","0",3.65296803652968,Zimbabwe,,5,"35","206","5263",,"117",eb31427e-023a-4c97-bf5c-50b0c803d38b,2020/11/19 17:18:52,surveyor_jr,2020/12/16 08:47:35,surveyor_jr,"1209"
2020/09/04 00:00:00,"6837","159","919","82","0",17.3014145810664,Zimbabwe,,158,"1","206","5345",,"118",9ea9fcb0-8ec5-4fec-b00c-3c59b0e9b8f5,2020/11/19 17:18:52,surveyor_jr,2020/12/16 08:47:35,surveyor_jr,"1286"
2020/09/05 00:00:00,"6977","140","629","15","1",22.2575516693164,Zimbabwe,,140,"0","207","5360",,"119",338edb77-b40b-493f-8f5d-ae693a6e3fbf,2020/11/19 17:18:52,surveyor_jr,2020/12/16 08:47:35,surveyor_jr,"1410"
2020/09/06 00:00:00,"7116","139","665","13","1",20.9022556390977,Zimbabwe,,139,"0","208","5373",,"120",f5b0d82c-05a4-4b13-bd74-e5f5015a4f73,2020/11/19 17:18:52,surveyor_jr,2020/12/16 08:47:35,surveyor_jr,"1535"
2020/09/07 00:00:00,"7298","182","416","82","2",43.75,Zimbabwe,,163,"18","210","5422",,"121",7388c65d-775b-477f-9fab-331589819942,2020/11/19 17:18:52,surveyor_jr,2020/12/16 08:47:35,surveyor_jr,"1666"
2020/09/08 00:00:00,"7388","90","521","22","8",17.2744721689059,Zimbabwe,,90,"0","218","5477",,"122",731dda47-751b-46d5-babc-2cc10c63998d,2020/11/19 17:18:52,surveyor_jr,2020/12/16 08:47:35,surveyor_jr,"1693"
2020/09/09 00:00:00,"7429","41","1053","65","4",3.89363722697056,Zimbabwe,,23,"18","222","5542",,"123",9a9b3461-ff0c-4bfc-b2c2-ae900ac0cd61,2020/11/19 17:18:52,surveyor_jr,2020/12/16 08:47:35,surveyor_jr,"1665"
2020/05/10 00:00:00,"36",,,,,,Zimbabwe,,,,"4","9",,"124",bd9ab457-04a4-4820-9431-70cd9c7e7ffe,2020/11/19 17:18:52,surveyor_jr,2020/12/16 08:47:35,surveyor_jr,"23"
2020/09/10 00:00:00,"7453","24","969","93","0",2.47678018575851,Zimbabwe,,20,"4","222","5635",,"125",d00028bf-77ce-4caa-9bbc-de73f9fb89d6,2020/11/19 17:18:52,surveyor_jr,2020/12/16 08:47:35,surveyor_jr,"1596"
2020/09/11 00:00:00,"7479","26","1051","25","2",2.47383444338725,Zimbabwe,,26,"0","224","5660",,"126",e7c598be-4e83-4ed0-bba8-865356ea21e0,2020/11/19 17:18:52,surveyor_jr,2020/12/16 08:47:35,surveyor_jr,"1595"
2020/09/12 00:00:00,"7508","29","1189","15","0",2.4390243902439,Zimbabwe,,29,"0","224","5675",,"127",42565827-caac-40a4-a6df-dddca807435d,2020/11/19 17:18:52,surveyor_jr,2020/12/16 08:47:35,surveyor_jr,"1609"
2020/09/13 00:00:00,"7526","18","367","3","0",4.90463215258856,Zimbabwe,,18,"0","224","5678",,"128",5df92cfe-414d-4b16-935d-2ea0423f1165,2020/11/19 17:18:52,surveyor_jr,2020/12/16 08:47:35,surveyor_jr,"1624"
2020/09/14 00:00:00,"7531","5","349","12","0",1.43266475644699,Zimbabwe,,5,"0","224","5690",,"129",b6bc309a-82e4-4971-bdf8-9389003fa250,2020/11/19 17:18:52,surveyor_jr,2020/12/16 08:47:35,surveyor_jr,"1617"
2020/09/15 00:00:00,"7576","45","404","93","0",11.1386138613861,Zimbabwe,,44,"1","224","5783",,"130",69d0bced-8ff0-4d42-b9c3-b04e0a6763cf,2020/11/19 17:18:52,surveyor_jr,2020/12/16 08:47:35,surveyor_jr,"1569"
2020/09/16 00:00:00,"7598","22","647","40","0",3.40030911901082,Zimbabwe,,21,"1","224","5823",,"131",8ff9609e-66cb-4d06-b2af-35cfcae0fa94,2020/11/19 17:18:52,surveyor_jr,2020/12/16 08:47:35,surveyor_jr,"1551"
2020/09/17 00:00:00,"7633","35","1011","18","0",3.46191889218595,Zimbabwe,,32,"2","224","5841",,"132",59a789d4-aa3f-432e-844a-ee83459f4477,2020/11/19 17:18:52,surveyor_jr,2020/12/16 08:47:35,surveyor_jr,"1568"
2020/09/18 00:00:00,"7647","14","755","42","0",1.85430463576159,Zimbabwe,,14,"0","224","5883",,"133",38fefb85-b378-4a34-8c99-b3a1cc44977c,2020/11/19 17:18:52,surveyor_jr,2020/12/16 08:47:35,surveyor_jr,"1540"
2020/09/19 00:00:00,"7672","25","539","31","1",4.63821892393321,Zimbabwe,,25,"0","225","5914",,"134",c515b832-bf52-4c08-af63-f04246981e6b,2020/11/19 17:18:52,surveyor_jr,2020/12/16 08:47:35,surveyor_jr,"1533"
2020/09/20 00:00:00,"7683","11","628","10","0",1.7515923566879,Zimbabwe,,11,"0","225","5924",,"135",3eba30d2-3fec-4d1d-9577-3b5e939b5e08,2020/11/19 17:18:52,surveyor_jr,2020/12/16 08:47:35,surveyor_jr,"1534"
2020/09/21 00:00:00,"7706","23","263","24","1",8.74524714828897,Zimbabwe,,23,"0","226","5948",,"136",864c49c3-da9b-4787-8c16-33aaa7a62513,2020/11/19 17:18:52,surveyor_jr,2020/12/16 08:47:35,surveyor_jr,"1532"
2020/09/22 00:00:00,"7711","5","637","31","0",0.784929356357928,Zimbabwe,,5,"0","226","5979",,"137",6c61e1fd-4e95-4cb5-ac90-ba70c859518e,2020/11/19 17:18:52,surveyor_jr,2020/12/16 08:47:35,surveyor_jr,"1506"
2020/09/23 00:00:00,"7725","14","630","28","1",2.22222222222222,Zimbabwe,,14,"0","227","6007",,"138",4c38d190-e361-4756-9505-e7bd5168837a,2020/11/19 17:18:52,surveyor_jr,2020/12/16 08:47:35,surveyor_jr,"1491"
2020/09/24 00:00:00,"7752","27","721","36","0",3.74479889042996,Zimbabwe,,26,"1","227","6043",,"139",710df4da-b90b-4e83-b2bf-d3cdcaa97643,2020/11/19 17:18:52,surveyor_jr,2020/12/16 08:47:35,surveyor_jr,"1482"
2020/09/25 00:00:00,"7787","35","667","14","0",5.24737631184408,Zimbabwe,,16,"18","227","6055",,"140",dd9adbd0-3c37-4af6-b4bb-334200052a45,2020/11/19 17:18:52,surveyor_jr,2020/12/16 08:47:35,surveyor_jr,"1505"
2020/09/26 00:00:00,"7803","16","543","10","0",2.94659300184162,Zimbabwe,,16,"0","227","6067",,"141",3f21a435-a8b8-4ab1-81a5-2e585deb1870,2020/11/19 17:18:52,surveyor_jr,2020/12/16 08:47:35,surveyor_jr,"1509"
2020/09/27 00:00:00,"7812","9","238","39","0",3.78151260504202,Zimbabwe,,9,"0","227","6106",,"142",66a36afb-9532-4b8a-8c1a-8f75b0a4e703,2020/11/19 17:18:52,surveyor_jr,2020/12/16 08:47:35,surveyor_jr,"1479"
2020/09/28 00:00:00,"7816","4","504","6","1",0.793650793650794,Zimbabwe,,4,"0","228","6112",,"143",5a65876b-5016-46f4-a454-ebf2c34a36ca,2020/11/19 17:18:52,surveyor_jr,2020/12/16 08:47:35,surveyor_jr,"1476"
2020/09/29 00:00:00,"7837","21","467","10","0",4.49678800856531,Zimbabwe,,21,"0","228","6122",,"144",7314f9fe-99e2-4861-9d48-4ebac2f93bd8,2020/11/19 17:18:52,surveyor_jr,2020/12/16 08:47:35,surveyor_jr,"1487"
2020/09/30 00:00:00,"7838","1","467","181","0",0.214132762312634,Zimbabwe,,1,"0","228","6303",,"145",b25f79d6-34ee-432a-83f9-67dd8d7a934c,2020/11/19 17:18:52,surveyor_jr,2020/12/16 08:47:35,surveyor_jr,"1307"
2020/10/01 00:00:00,"7850","12","1039","9","0",1.15495668912416,Zimbabwe,,12,"0","228","6312",,"146",d3c0b8ba-ad60-404d-b7c6-20b31992f1e0,2020/11/19 17:18:52,surveyor_jr,2020/12/16 08:47:35,surveyor_jr,"1310"
2020/10/02 00:00:00,"7858","8","692","10","0",1.15606936416185,Zimbabwe,,6,"2","228","6322",,"147",28904481-df81-478c-81d5-c038dfa62159,2020/11/19 17:18:52,surveyor_jr,2020/12/16 08:47:35,surveyor_jr,"1308"
2020/10/03 00:00:00,"7885","27","421","5","0",6.41330166270784,Zimbabwe,,22,"5","228","6327",,"148",c1415b22-a5df-41ac-b7d3-465986b57744,2020/11/19 17:18:52,surveyor_jr,2020/12/16 08:47:35,surveyor_jr,"1330"
2020/10/04 00:00:00,"7888","3","217","32","0",1.38248847926267,Zimbabwe,,3,"0","228","6359",,"149",e076f336-94d4-4636-91dd-5b26d0d027dc,2020/11/19 17:18:52,surveyor_jr,2020/12/16 08:47:35,surveyor_jr,"1301"
2020/10/05 00:00:00,"7898","10","929","65","0",1.07642626480086,Zimbabwe,,10,"0","228","6424",,"150",115d32a5-ad46-41f9-b113-08eb8a9b4ec9,2020/11/19 17:18:52,surveyor_jr,2020/12/16 08:47:35,surveyor_jr,"1246"
2020/10/06 00:00:00,"7915","17","899","16","1",1.89098998887653,Zimbabwe,,15,"2","229","6440",,"151",eb8eb963-c981-455e-9060-42c37c2558f5,2020/11/19 17:18:52,surveyor_jr,2020/12/16 08:47:35,surveyor_jr,"1246"
2020/10/07 00:00:00,"7919","4","759","1","0",0.527009222661397,Zimbabwe,,4,"0","229","6441",,"152",81cfec0e-498f-4812-9aed-7799194b9a48,2020/11/19 17:18:52,surveyor_jr,2020/12/16 08:47:35,surveyor_jr,"1249"
2020/10/08 00:00:00,"7951","32","929","5","0",3.44456404736276,Zimbabwe,,32,"0","229","6448",,"153",b490b294-2930-4d8b-8023-23926804859d,2020/11/19 17:18:52,surveyor_jr,2020/12/16 08:47:35,surveyor_jr,"1274"
2020/10/09 00:00:00,"7994","43","123","28","0",34.9593495934959,Zimbabwe,,42,"1","229","6474",,"154",61b1dca3-33aa-4b21-95c8-1cfdda907381,2020/11/19 17:18:52,surveyor_jr,2020/12/16 08:47:35,surveyor_jr,"1291"
2020/10/10 00:00:00,"8010","16","604","18","1",2.64900662251656,Zimbabwe,,16,"0","230","6492",,"155",3ddf5333-70e3-4565-a6d0-e2ddb291ec96,2020/11/19 17:18:52,surveyor_jr,2020/12/16 08:47:35,surveyor_jr,"1288"
2020/10/11 00:00:00,"8011","1","597","12","0",0.16750418760469,Zimbabwe,,1,"0","230","6504",,"156",5d5d1daf-84f0-41e3-9440-b9cb6ac447e5,2020/11/19 17:18:52,surveyor_jr,2020/12/16 08:47:35,surveyor_jr,"1277"
2020/10/12 00:00:00,"8021","10","481","1122","0",2.07900207900208,Zimbabwe,,10,"0","230","7627",,"157",a572e994-a8b6-4c57-bca3-8f783af41ae0,2020/11/19 17:18:52,surveyor_jr,2020/12/16 08:47:35,surveyor_jr,"164"
2020/05/11 00:00:00,"37",,,,,,Zimbabwe,,,,"4","12",,"158",88d85f45-1eb6-4a39-a880-d207b03ad517,2020/11/19 17:18:52,surveyor_jr,2020/12/16 08:47:35,surveyor_jr,"21"
2020/05/12 00:00:00,"37",,,,,,Zimbabwe,,,,"4","12",,"159",8defead9-306f-4816-ad15-da1556ddd8fb,2020/11/19 17:18:52,surveyor_jr,2020/12/16 08:47:35,surveyor_jr,"21"
2020/05/13 00:00:00,"37",,,,,,Zimbabwe,,,,"4","13",,"160",3dff422d-a151-4fd7-9821-6b60ae607c43,2020/11/19 17:18:52,surveyor_jr,2020/12/16 08:47:35,surveyor_jr,"20"
2020/05/14 00:00:00,"38",,,,,,Zimbabwe,,,,"4","13",,"161",95641d83-5886-4b2c-abd5-f126d0e4cbff,2020/11/19 17:18:52,surveyor_jr,2020/12/16 08:47:35,surveyor_jr,"21"
2020/05/15 00:00:00,"42",,,,,,Zimbabwe,,,,"4","13",,"162",37ff8de6-7c0b-489d-837a-9f3dc9b52026,2020/11/19 17:18:52,surveyor_jr,2020/12/16 08:47:35,surveyor_jr,"25"
2020/05/16 00:00:00,"44",,,,,,Zimbabwe,,,,"4","17",,"163",f37c2f49-79d6-4e6a-9325-56c8d6ca7f2a,2020/11/19 17:18:52,surveyor_jr,2020/12/16 08:47:35,surveyor_jr,"23"
2020/05/17 00:00:00,"46",,,,,,Zimbabwe,,,,"4","18",,"164",1c693ed4-1bd8-4c48-b61f-a79b131511db,2020/11/19 17:18:52,surveyor_jr,2020/12/16 08:47:35,surveyor_jr,"24"
2020/05/18 00:00:00,"46",,,,,,Zimbabwe,,,,"4","18",,"165",3a8aa628-ce67-4017-beda-4dcbe3db6441,2020/11/19 17:18:52,surveyor_jr,2020/12/16 08:47:35,surveyor_jr,"24"
2020/05/19 00:00:00,"46",,,,,,Zimbabwe,,,,"4","18",,"166",68b80fec-1217-4519-90ab-589f087b1001,2020/11/19 17:18:52,surveyor_jr,2020/12/16 08:47:35,surveyor_jr,"24"
2020/05/20 00:00:00,"48",,,,,,Zimbabwe,,,,"4","18",,"167",6434c8c9-f88e-44c6-ad06-618750f6928b,2020/11/19 17:18:52,surveyor_jr,2020/12/16 08:47:35,surveyor_jr,"26"
2020/05/21 00:00:00,"51",,,,,,Zimbabwe,,,,"4","18",,"168",0ed8b36e-c4b7-4953-b77f-1833bd95a257,2020/11/19 17:18:52,surveyor_jr,2020/12/16 08:47:35,surveyor_jr,"29"
2020/05/22 00:00:00,"56",,,,,,Zimbabwe,,,,"4","18",,"169",1491258c-98c2-4af3-8e0c-3c32cbea130f,2020/11/19 17:18:52,surveyor_jr,2020/12/16 08:47:35,surveyor_jr,"34"
2020/05/23 00:00:00,"79",,,,,,Zimbabwe,,,,"4","23",,"170",a4ddb2f0-f14d-44be-bbbb-ecae6eff032d,2020/11/19 17:18:52,surveyor_jr,2020/12/16 08:47:35,surveyor_jr,"52"
2020/05/24 00:00:00,"79",,,,,,Zimbabwe,,,,"4","25",,"171",196f4ba5-6b2d-4a38-bb88-73a261c50bdf,2020/11/19 17:18:52,surveyor_jr,2020/12/16 08:47:35,surveyor_jr,"50"
2020/05/25 00:00:00,"79",,,,,,Zimbabwe,,,,"4","25",,"172",58ee0493-1c07-43f0-96dc-63e2e4c2a7a4,2020/11/19 17:18:52,surveyor_jr,2020/12/16 08:47:35,surveyor_jr,"50"
2020/05/26 00:00:00,"79",,,,,,Zimbabwe,,,,"4","25",,"173",20690288-98ab-45ae-b5a7-5a2293c200d3,2020/11/19 17:18:52,surveyor_jr,2020/12/16 08:47:35,surveyor_jr,"50"
2020/05/27 00:00:00,"132",,,,,,Zimbabwe,,,,"4","25",,"174",3c84e1e6-8916-42b7-8864-5ecda17988bc,2020/11/19 17:18:52,surveyor_jr,2020/12/16 08:47:35,surveyor_jr,"103"
2020/05/28 00:00:00,"149",,,,,,Zimbabwe,,,,"4","28",,"175",28e73565-4b8a-42a3-85f7-1a0e705301ca,2020/11/19 17:18:52,surveyor_jr,2020/12/16 08:47:35,surveyor_jr,"117"
2020/05/29 00:00:00,"160",,,,,,Zimbabwe,,,,"4","29",,"176",afe3770f-df37-4510-ab9f-be4522a69f2c,2020/11/19 17:18:52,surveyor_jr,2020/12/16 08:47:35,surveyor_jr,"127"
2020/05/30 00:00:00,"174",,,,,,Zimbabwe,,,,"4","29",,"177",70bbf825-aed3-4161-b088-feea80fe569b,2020/11/19 17:18:52,surveyor_jr,2020/12/16 08:47:35,surveyor_jr,"141"
2020/05/31 00:00:00,"178",,,,,,Zimbabwe,,,,"4","29",,"178",d262767e-cbbe-40b5-a754-3a7bddd4b9d7,2020/11/19 17:18:52,surveyor_jr,2020/12/16 08:47:35,surveyor_jr,"145"
2020/06/01 00:00:00,"203",,,,,,Zimbabwe,,,,"4","29",,"179",62a5476f-4bc7-449c-88e7-08f74c622c95,2020/11/19 17:18:52,surveyor_jr,2020/12/16 08:47:35,surveyor_jr,"170"
2020/06/02 00:00:00,"206",,,,,,Zimbabwe,,,,"4","29",,"180",5148c5a1-49a6-4b60-a6df-a8c11205e1a2,2020/11/19 17:18:52,surveyor_jr,2020/12/16 08:47:35,surveyor_jr,"173"
2020/06/03 00:00:00,"222",,,,,,Zimbabwe,,,,"4","29",,"181",5c47afcd-2642-43ca-8505-b6e141669cb5,2020/11/19 17:18:52,surveyor_jr,2020/12/16 08:47:35,surveyor_jr,"189"
2020/06/04 00:00:00,"234",,,,,,Zimbabwe,,,,"4","31",,"182",900f114b-e989-4555-9cd2-29cbe83339fc,2020/11/19 17:18:52,surveyor_jr,2020/12/16 08:47:35,surveyor_jr,"199"
2020/06/05 00:00:00,"265",,,,,,Zimbabwe,,,,"4","33",,"183",f99ed946-738c-46e5-90bd-883e7a0e6789,2020/11/19 17:18:52,surveyor_jr,2020/12/16 08:47:35,surveyor_jr,"228"
2020/06/06 00:00:00,"274",,,,,,Zimbabwe,,,,"4","33",,"184",0e7be839-0d80-44c4-8992-f7f93f5e5881,2020/11/19 17:18:52,surveyor_jr,2020/12/16 08:47:35,surveyor_jr,"237"
2020/06/07 00:00:00,"283",,,,,,Zimbabwe,,,,"4","34",,"185",1257b826-4af3-44c7-8084-35a70624133d,2020/11/19 17:18:52,surveyor_jr,2020/12/16 08:47:35,surveyor_jr,"245"
2020/06/08 00:00:00,"287",,,,,,Zimbabwe,,,,"4","46",,"186",5ed3c666-b23b-479c-ab5c-afe0efc1c3e2,2020/11/19 17:18:52,surveyor_jr,2020/12/16 08:47:35,surveyor_jr,"237"
2020/06/09 00:00:00,"314",,,,,,Zimbabwe,,,,"4","46",,"187",1efc2e09-b343-4c99-92ae-29f316c45203,2020/11/19 17:18:52,surveyor_jr,2020/12/16 08:47:35,surveyor_jr,"264"
2020/06/10 00:00:00,"326",,,,,,Zimbabwe,,,,"4","49",,"188",f79e9400-e203-40a1-a6bd-a9b099766750,2020/11/19 17:18:52,surveyor_jr,2020/12/16 08:47:35,surveyor_jr,"273"
2020/06/11 00:00:00,"335",,,,,,Zimbabwe,,,,"4","51",,"189",c468e42a-5959-4c2a-9eb1-a4586a8ed657,2020/11/19 17:18:52,surveyor_jr,2020/12/16 08:47:35,surveyor_jr,"280"
2020/06/12 00:00:00,"345",,,,,,Zimbabwe,,,,"4","51",,"190",4cd04148-fa40-4166-9504-c7e435b87c95,2020/11/19 17:18:52,surveyor_jr,2020/12/16 08:47:35,surveyor_jr,"290"
2020/06/13 00:00:00,"351",,,,,,Zimbabwe,,,,"4","54",,"191",cc75f2f0-dcc3-419f-bfc3-612a53756a71,2020/11/19 17:18:52,surveyor_jr,2020/12/16 08:47:35,surveyor_jr,"293"
2020/06/14 00:00:00,"382",,,,,,Zimbabwe,,,,"4","54",,"192",492dff09-ac7b-4611-87d8-c6205c46368a,2020/11/19 17:18:52,surveyor_jr,2020/12/16 08:47:35,surveyor_jr,"324"
2020/06/15 00:00:00,"386",,,,,,Zimbabwe,,,,"4","54",,"193",ec7a118c-90fa-457d-8ad4-46d72b725baa,2020/11/19 17:18:52,surveyor_jr,2020/12/16 08:47:35,surveyor_jr,"328"
2020/06/16 00:00:00,"391",,,,,,Zimbabwe,,,,"4","62",,"194",704193ee-d0d9-4daa-a106-aad5c40d25a9,2020/11/19 17:18:52,surveyor_jr,2020/12/16 08:47:35,surveyor_jr,"325"
2020/06/17 00:00:00,"401",,,,,,Zimbabwe,,,,"4","63",,"195",6341f6e7-d336-4f6a-b7a1-9edc417ad627,2020/11/19 17:18:52,surveyor_jr,2020/12/16 08:47:35,surveyor_jr,"334"
2020/06/18 00:00:00,"463",,,,,,Zimbabwe,,,,"4","63",,"196",bcdb2770-f891-4a0f-9296-03bd457fc274,2020/11/19 17:18:52,surveyor_jr,2020/12/16 08:47:35,surveyor_jr,"396"
2020/06/19 00:00:00,"479",,,,,,Zimbabwe,,,,"4","63",,"197",0ffbcd6b-9c3b-4b87-8b19-d7a87e46808c,2020/11/19 17:18:52,surveyor_jr,2020/12/16 08:47:35,surveyor_jr,"412"
2020/06/20 00:00:00,"486",,,,,,Zimbabwe,,,,"4","64",,"198",80e7d4a9-bd94-4cf3-8081-09869b6f8823,2020/11/19 17:18:52,surveyor_jr,2020/12/16 08:47:35,surveyor_jr,"418"
2020/06/21 00:00:00,"489",,,,,,Zimbabwe,,,,"4","64",,"199",36135db3-1fb5-4490-807d-a78c55c387ba,2020/11/19 17:18:52,surveyor_jr,2020/12/16 08:47:35,surveyor_jr,"421"
2020/06/22 00:00:00,"512",,,,,,Zimbabwe,,,,"4","64",,"200",33551e78-026a-4930-98c4-312f4c57fc52,2020/11/19 17:18:52,surveyor_jr,2020/12/16 08:47:35,surveyor_jr,"444"
2020/06/23 00:00:00,"525",,,,,,Zimbabwe,,,,"4","64",,"201",7f1e05c9-3ede-46cd-8480-cc236bd62d83,2020/11/19 17:18:52,surveyor_jr,2020/12/16 08:47:35,surveyor_jr,"457"
2020/06/24 00:00:00,"530",,,,,,Zimbabwe,,,,"6","123",,"202",fbee412a-bda6-4c50-bc6b-34b5ebbb8156,2020/11/19 17:18:52,surveyor_jr,2020/12/16 08:47:35,surveyor_jr,"401"
2020/06/25 00:00:00,"551",,,,,,Zimbabwe,,,,"6","128",,"203",d0252df9-260d-42b0-8633-c777f49722e1,2020/11/19 17:18:52,surveyor_jr,2020/12/16 08:47:35,surveyor_jr,"417"
2020/06/26 00:00:00,"559",,,,,,Zimbabwe,,,,"6","135",,"204",8c8f42d5-d698-48f3-8d9a-3950139f18a8,2020/11/19 17:18:52,surveyor_jr,2020/12/16 08:47:35,surveyor_jr,"418"
2020/06/27 00:00:00,"564",,,,,,Zimbabwe,,,,"6","142",,"205",d9f8c4a9-4088-4757-9b7f-3ae77c7a9da1,2020/11/19 17:18:52,surveyor_jr,2020/12/16 08:47:35,surveyor_jr,"416"
2020/06/28 00:00:00,"564",,,,,,Zimbabwe,,,,"6","142",,"206",3e880e9a-d7c9-4b66-9e70-3cb10b469ca3,2020/11/19 17:18:52,surveyor_jr,2020/12/16 08:47:35,surveyor_jr,"416"
2020/06/29 00:00:00,"574",,,,,,Zimbabwe,,,,"7","152",,"207",1c86ef40-7490-40d4-a2ac-3ccb1a23c011,2020/11/19 17:18:52,surveyor_jr,2020/12/16 08:47:35,surveyor_jr,"415"
2020/06/30 00:00:00,"583",,,,,,Zimbabwe,,,,"7","162",,"208",ea0f3b04-d078-4106-a8ba-1c045fa6a719,2020/11/19 17:18:52,surveyor_jr,2020/12/16 08:47:35,surveyor_jr,"414"
2020/07/01 00:00:00,"605","14","380","3","0",3.68421052631579,Zimbabwe,,,,"7","166",,"209",211b7acb-3e60-4f87-a5ae-6797f96d9088,2020/11/19 17:18:52,surveyor_jr,2020/12/16 08:47:35,surveyor_jr,"432"
2020/07/02 00:00:00,"615","12","522","7","0",2.29885057471264,Zimbabwe,,,,"7","173",,"210",30abdeaf-64af-4d1c-a9b7-ea8aedfc162d,2020/11/19 17:18:52,surveyor_jr,2020/12/16 08:47:35,surveyor_jr,"435"
2020/07/03 00:00:00,"623","8","499","3","0",1.60320641282565,Zimbabwe,,,,"7","176",,"211",a753fe02-66f5-402d-b5d0-ab6d2744f821,2020/11/19 17:18:52,surveyor_jr,2020/12/16 08:47:35,surveyor_jr,"440"
2020/07/04 00:00:00,"698","73","733","5","1",9.95907230559345,Zimbabwe,,,,"8","181",,"212",f6a1601b-c4d7-49b2-b617-7905939cb5fe,2020/11/19 17:18:52,surveyor_jr,2020/12/16 08:47:35,surveyor_jr,"509"
2020/07/05 00:00:00,"714","18","411","0","0",4.37956204379562,Zimbabwe,,,,"8","181",,"213",a158d6d1-2cf1-4aaa-a1d7-3d3b9739c584,2020/11/19 17:18:52,surveyor_jr,2020/12/16 08:47:35,surveyor_jr,"525"
2020/07/06 00:00:00,"734","18","312","16","1",5.76923076923077,Zimbabwe,,,,"9","197",,"214",2d5426ee-da20-465b-959d-80559a7599f6,2020/11/19 17:18:52,surveyor_jr,2020/12/16 08:47:35,surveyor_jr,"528"
2020/07/07 00:00:00,"787","53","592","4","0",8.9527027027027,Zimbabwe,,,,"9","201",,"215",bf83a6b6-1fa7-4bf1-96cf-9aa4af19cc6f,2020/11/19 17:18:52,surveyor_jr,2020/12/16 08:47:35,surveyor_jr,"577"
2020/07/08 00:00:00,"885","98","606","5","0",16.1716171617162,Zimbabwe,,,,"9","206",,"216",e1039505-e879-49e8-8e36-a593f1df40e6,2020/11/19 17:18:52,surveyor_jr,2020/12/16 08:47:35,surveyor_jr,"670"
2020/07/09 00:00:00,"926","41","580","100","3",7.06896551724138,Zimbabwe,,,,"12","306",,"217",2aadd4ba-9165-44a1-8af0-dfb3ef79e3d5,2020/11/19 17:18:52,surveyor_jr,2020/12/16 08:47:35,surveyor_jr,"608"
2020/07/10 00:00:00,"942","16","659","14","1",2.42792109256449,Zimbabwe,,,,"13","320",,"218",cfa78a88-e23a-4157-b6b8-a64d5037587d,2020/11/19 17:18:52,surveyor_jr,2020/12/16 08:47:35,surveyor_jr,"609"
2020/07/11 00:00:00,"982","40","394","0","5",10.1522842639594,Zimbabwe,,,,"18","320",,"219",fc4d668e-208a-4c4f-a6f3-4bb51b89f32c,2020/11/19 17:18:52,surveyor_jr,2020/12/16 08:47:35,surveyor_jr,"644"
2020/07/12 00:00:00,"985","3","517","8","0",0.580270793036751,Zimbabwe,,,,"18","328",,"220",1a87e0a9-48e4-4d5a-9d91-dd7a8f558b22,2020/11/19 17:18:52,surveyor_jr,2020/12/16 08:47:35,surveyor_jr,"639"
2020/07/13 00:00:00,"1034","49","412","0","1",11.8932038834951,Zimbabwe,,,,"19","343",,"221",ffe4215d-79e3-4cd8-8f04-793d5fa25a51,2020/11/19 17:18:52,surveyor_jr,2020/12/16 08:47:35,surveyor_jr,"672"
2020/07/14 00:00:00,"1064","30","693","52","1",4.32900432900433,Zimbabwe,,,,"20","343",,"222",3af7a02b-6557-4237-b31f-e3bfb4cafb27,2020/11/19 17:18:52,surveyor_jr,2020/12/16 08:47:35,surveyor_jr,"701"
2020/07/15 00:00:00,"1089","25","603","0","0",4.14593698175788,Zimbabwe,,,,"20","395",,"223",13fac233-377b-4dc8-a5b0-d4c779d673a9,2020/11/19 17:18:52,surveyor_jr,2020/12/16 08:47:35,surveyor_jr,"674"
2020/07/16 00:00:00,"1362","273","492","30","0",55.4878048780488,Zimbabwe,,,,"23","425",,"224",d3bbfd28-319e-43b9-9184-4c767de1d920,2020/11/19 17:18:52,surveyor_jr,2020/12/16 08:47:35,surveyor_jr,"914"
2020/07/17 00:00:00,"1420","58","979","13","0",5.9244126659857,Zimbabwe,,,,"24","438",,"225",ba90fca1-fa11-49ab-a88b-af87d7ab0744,2020/11/19 17:18:52,surveyor_jr,2020/12/16 08:47:35,surveyor_jr,"958"
2020/07/18 00:00:00,"1478","58","541","1","0",10.720887245841,Zimbabwe,,,,"25","439",,"226",107d1c69-a339-4ca8-955d-d16b50116079,2020/11/19 17:18:52,surveyor_jr,2020/12/16 08:47:35,surveyor_jr,"1014"
2020/07/19 00:00:00,"1611","133","802","30","0",16.5835411471322,Zimbabwe,,,,"25","472",,"227",ee3c3b09-22a8-4e6d-949d-d248ca50ca21,2020/11/19 17:18:52,surveyor_jr,2020/12/16 08:47:35,surveyor_jr,"1114"
2020/07/20 00:00:00,"1713","102","502","0","1",20.3187250996016,Zimbabwe,,,,"26","472",,"228",9a6d54b9-0894-47ac-9fb9-43733462eb5b,2020/11/19 17:18:52,surveyor_jr,2020/12/16 08:47:35,surveyor_jr,"1215"
2020/07/21 00:00:00,"1820","107","592","16","0",18.0743243243243,Zimbabwe,,,,"26","488",,"229",781b7c90-7a14-48bd-bdff-417df718769a,2020/11/19 17:18:52,surveyor_jr,2020/12/16 08:47:35,surveyor_jr,"1306"
2020/07/22 00:00:00,"2034","214","1076","22","0",19.8884758364312,Zimbabwe,,,,"26","510",,"230",4e27e744-6f52-421f-80d2-84b23203a973,2020/11/19 17:18:52,surveyor_jr,2020/12/16 08:47:35,surveyor_jr,"1498"
2020/07/23 00:00:00,"2124","90","1248","0","2",7.21153846153846,Zimbabwe,,,,"28","510",,"231",a91c40bb-23b6-4f97-a87f-6d6657b6ac18,2020/11/19 17:18:52,surveyor_jr,2020/12/16 08:47:35,surveyor_jr,"1586"
2020/07/24 00:00:00,"2296","172","1055","4","4",16.303317535545,Zimbabwe,,,,"32","514",,"232",46912a21-e0a5-49c0-9ee2-c8b3c4423e1b,2020/11/19 17:18:52,surveyor_jr,2020/12/16 08:47:35,surveyor_jr,"1750"
2020/07/25 00:00:00,"2434","138","2096","4","2",6.58396946564886,Zimbabwe,,,,"34","518",,"233",6119452f-cb85-493f-9063-e71e5fed6dd2,2020/11/19 17:18:52,surveyor_jr,2020/12/16 08:47:35,surveyor_jr,"1882"
2020/07/26 00:00:00,"2512","78","1339","0","0",5.8252427184466,Zimbabwe,,,,"34","542",,"234",67a31ea4-47a1-4778-9f79-d1ff42469077,2020/11/19 17:18:52,surveyor_jr,2020/12/16 08:47:35,surveyor_jr,"1936"
2020/07/27 00:00:00,"2704","192","1485","24","2",12.9292929292929,Zimbabwe,,,,"36","604",,"235",dc281485-215c-44fd-87ac-c104f108ee75,2020/11/19 17:18:52,surveyor_jr,2020/12/16 08:47:35,surveyor_jr,"2064"
2020/07/28 00:00:00,"2817","113","1169","62","4",9.66638152266895,Zimbabwe,,,,"40","887",,"236",e8c25dc1-c35c-4c2f-ac38-24616f82050f,2020/11/19 17:18:52,surveyor_jr,2020/12/16 08:47:35,surveyor_jr,"1890"
2020/07/29 00:00:00,"2879","62","1791","283","1",3.46175321049693,Zimbabwe,68917,1837,"1042","41","924",,"237",98ae9876-6a5f-4ad2-9243-b9f1a139315d,2020/11/19 17:18:52,surveyor_jr,2020/12/16 08:47:35,surveyor_jr,"1914"
2020/07/30 00:00:00,"3092","213","1340","37","12",15.8955223880597,Zimbabwe,1851,205,"8","53","1004",,"238",71f54c3d-a21a-423a-8dcf-148820ee65f3,2020/11/19 17:18:52,surveyor_jr,2020/12/16 08:47:35,surveyor_jr,"2035"
2020/07/31 00:00:00,"3169","77","1001","80","14",7.69230769230769,Zimbabwe,135,67,"10","67","1011",,"239",22394796-65fe-4ad3-a113-2d5abb675b4e,2020/11/19 17:18:52,surveyor_jr,2020/12/16 08:47:35,surveyor_jr,"2091"
2020/08/01 00:00:00,"3659","490","1445","7","2",33.9100346020761,Zimbabwe,55,485,"5","69","1016",,"240",8c25606b-8904-4b1e-88a4-740ace98bebb,2020/11/19 17:18:52,surveyor_jr,2020/12/16 08:47:35,surveyor_jr,"2574"
2020/08/02 00:00:00,"3921","262","1608","5","1",16.2935323383085,Zimbabwe,66,234,"28","70","1057",,"241",5e24a449-7287-429f-ac2d-c904b9d7f07f,2020/11/19 17:18:52,surveyor_jr,2020/12/16 08:47:35,surveyor_jr,"2794"
2020/08/03 00:00:00,"4075","154","1449","41","10",10.6280193236715,Zimbabwe,2150,154,,"80","1238",,"242",fe0c2a36-620b-409f-8ebe-60a9be136d59,2020/11/19 17:18:52,surveyor_jr,2020/12/16 08:47:35,surveyor_jr,"2757"
2020/08/04 00:00:00,"4221","146","1080","181","1",13.5185185185185,Zimbabwe,1533,146,"0","81","1264",,"243",f3493698-e5d4-4d4e-bd23-a739866a12ea,2020/11/19 17:18:52,surveyor_jr,2020/12/16 08:47:35,surveyor_jr,"2876"
2020/08/05 00:00:00,"4339","118","1660","26","3",7.10843373493976,Zimbabwe,138,117,"1","84","1264",,"244",6302b427-d647-478f-9196-7917ea6f6377,2020/11/19 17:18:52,surveyor_jr,2020/12/16 08:47:35,surveyor_jr,"2991"
2020/08/06 00:00:00,"4395","56","768","0","13",7.29166666666667,Zimbabwe,1503,54,"2","97","1345",,"245",aeac03ed-292b-4789-8484-0b206195e7a9,2020/11/19 17:18:52,surveyor_jr,2020/12/16 08:47:35,surveyor_jr,"2953"
2020/08/07 00:00:00,"4451","56","961","81","5",5.82726326742976,Zimbabwe,1575,54,"2","102","1416",,"246",7fd13852-1f43-4f9d-900a-c047c30a9fc7,2020/11/19 17:18:52,surveyor_jr,2020/12/16 08:47:35,surveyor_jr,"2933"
2020/08/08 00:00:00,"4575","124","1212","71","0",10.2310231023102,Zimbabwe,213,118,"6","102","1437",,"247",4213667f-9ee8-467f-9870-30a8b5244297,2020/11/19 17:18:52,surveyor_jr,2020/12/16 08:47:35,surveyor_jr,"3036"
2020/08/09 00:00:00,"4649","74","1293","21","2",5.723124516628,Zimbabwe,4,57,"17","104","1524",,"248",9be70c06-5e29-41d7-96ef-f3a46bacd4bc,2020/11/19 17:18:52,surveyor_jr,2020/12/16 08:47:35,surveyor_jr,"3021"
2020/08/10 00:00:00,"4748","99","2816","87","0",3.515625,Zimbabwe,,68,"31","104","1544",,"249",3a5c1de1-4256-4854-a843-ff20a9925ab2,2020/11/19 17:18:52,surveyor_jr,2020/12/16 08:47:35,surveyor_jr,"3100"
2020/08/11 00:00:00,"4818","70","1795","20","0",3.89972144846797,Zimbabwe,0,70,"0","104","1620",,"250",c3d10d76-8f7b-4635-9651-5269372095ea,2020/11/19 17:18:52,surveyor_jr,2020/12/16 08:47:35,surveyor_jr,"3094"
2020/08/12 00:00:00,"4893","75","1411","76","18",5.31537916371368,Zimbabwe,,74,"1","122","1927",,"251",b154d4c2-3736-4c77-af7d-cffdbb3c00e0,2020/11/19 17:18:52,surveyor_jr,2020/12/16 08:47:35,surveyor_jr,"2844"
2020/08/13 00:00:00,"4990","97","1108","307","6",8.75451263537906,Zimbabwe,0,97,"0","128","1998",,"252",6e67107b-77da-456b-b539-bbecaae3785c,2020/11/19 17:18:52,surveyor_jr,2020/12/16 08:47:35,surveyor_jr,"2864"
2020/08/14 00:00:00,"5072","82","1211","71","0",6.77126341866226,Zimbabwe,0,82,"0","128","2047",,"253",73270b52-36cf-48cf-b146-4ceeab9452a8,2020/11/19 17:18:52,surveyor_jr,2020/12/16 08:47:35,surveyor_jr,"2897"
2020/08/15 00:00:00,"5176","104","1389","49","2",7.48740100791937,Zimbabwe,,104,"0","130","2047",,"254",d2fde822-ca4a-4d60-beb0-9ca50ca93d22,2020/11/19 17:18:52,surveyor_jr,2020/12/16 08:47:35,surveyor_jr,"2999"
2020/08/16 00:00:00,"5261","85","1546","45","2",5.4980595084088,Zimbabwe,,81,"4","132","2092",,"255",b245bf37-ae9b-4d01-a013-5eaed7656c93,2020/11/19 17:18:52,surveyor_jr,2020/12/16 08:47:35,surveyor_jr,"3037"
2020/08/17 00:00:00,"5308","47","898","1756","3",5.23385300668151,Zimbabwe,,42,"5","135","3848",,"256",c838b054-bf43-436b-b6a5-d1a03b1f34e6,2020/11/19 17:18:52,surveyor_jr,2020/12/16 08:47:35,surveyor_jr,"1325"
2020/08/18 00:00:00,"5378","70","1229","257","6",5.69568755085435,Zimbabwe,,67,"3","141","4105",,"257",7f071089-fd3a-4e0f-bc04-ff1fdfb96b4b,2020/11/19 17:18:52,surveyor_jr,2020/12/16 08:47:35,surveyor_jr,"1132"
2020/08/19 00:00:00,"5643","265","1618","337","9",16.3782447466007,Zimbabwe,,254,"11","150","4442",,"258",8bb999b6-3036-430f-ab15-96d37780c5bc,2020/11/19 17:18:52,surveyor_jr,2020/12/16 08:47:35,surveyor_jr,"1051"
2020/08/20 00:00:00,"5745","102","1256","83","1",8.12101910828025,Zimbabwe,,102,"0","151","4525",,"259",6a52f089-b6be-4b24-ba6b-116a41a0ef64,2020/11/19 17:18:52,surveyor_jr,2020/12/16 08:47:35,surveyor_jr,"1069"
2020/08/21 00:00:00,"5815","70","1810","62","1",3.86740331491713,Zimbabwe,,70,"0","152","4587",,"260",21555d13-82c4-4614-b4b4-18906223cae9,2020/11/19 17:18:52,surveyor_jr,2020/12/16 08:47:35,surveyor_jr,"1076"
2020/11/19 08:50:00,"9046","65","1123","11","4",5.78806767586821,,,65,"0","265","8195",,"261",f7054796-1e7c-446d-bf10-0bb6eeaa7922,2020/11/20 08:53:16,surveyor_jr,2020/12/16 08:47:35,surveyor_jr,"586"
2020/11/20 08:28:00,"9120","74","950","34","0",7.78947368421053,,,74,"0","265","8229",,"262",6b325fdd-a3f2-4725-b2ba-2eea617e4c5e,2020/11/23 08:38:51,surveyor_jr,2020/12/16 08:47:35,surveyor_jr,"626"
2020/11/21 08:38:00,"9172","52","604","11","0",8.60927152317881,,,52,"0","265","8235",,"263",2ba8b8de-5a29-4415-bf9e-dfdfbdbbafca,2020/11/23 08:40:02,surveyor_jr,2020/12/16 08:47:35,surveyor_jr,"672"
2020/11/22 08:40:00,"9220","48","1404","15","3",3.41880341880342,,,47,"1","268","8250",,"264",adb2dd85-c783-4d29-9dce-08342f5faf6e,2020/11/23 08:40:53,surveyor_jr,2020/12/16 08:47:35,surveyor_jr,"702"
2020/11/23 08:32:00,"9308","88","555","23","1",15.8558558558559,,,88,"0","273","8288",,"265",1400c2b6-f4c9-4cd0-93d5-7b9449b71489,2020/11/25 08:36:23,surveyor_jr,2020/12/16 08:47:35,surveyor_jr,"747"
2020/11/24 08:36:00,"9398","90","923","9","1",9.75081256771398,,,90,"0","274","8297",,"266",65b71dd7-10f3-4e7f-8d63-4518308c355e,2020/11/25 08:37:36,surveyor_jr,2020/12/16 08:47:35,surveyor_jr,"827"
2020/11/25 08:28:00,"9508","110","1073","39","0",10.2516309412861,,,106,"4","274","8336",,"267",91bebee4-cf82-4e73-b6e1-7579b579a0a5,2020/11/26 08:30:21,surveyor_jr,2020/12/16 08:47:35,surveyor_jr,"898"
2020/11/26 08:21:00,"9623","115","1770","61","0",6.49717514124294,,,115,"0","274","8397",,"268",5809358f-058b-4b03-8e11-f7ce7dff7a55,2020/11/27 08:22:38,surveyor_jr,2020/12/16 08:47:35,surveyor_jr,"952"
2020/11/27 23:53:00,"9714","91","907","73","1",10.0330760749724,,,91,"0","275","8470",,"269",d65e8edb-fe91-40bf-a9cc-eb90c4e3d4dd,2020/11/27 23:56:51,surveyor_jr,2020/12/16 08:47:35,surveyor_jr,"969"
2020/11/28 23:49:00,"9822","108","1721","2","0",6.2754212667054,,,108,"0","275","8472",,"270",1d7d679e-1b39-42f6-95d8-bf37057b9891,2020/11/28 23:50:13,surveyor_jr,2020/12/16 08:47:35,surveyor_jr,"1075"
2020/11/29 22:41:00,"9950","128","965","10","1",13.2642487046632,,,128,"0","276","8482",,"271",d145e775-d6fe-42c8-a65a-3932ffbbe08e,2020/11/30 08:44:25,surveyor_jr,2020/12/16 08:47:35,surveyor_jr,"1192"
2020/11/30 08:26:00,"10034","84","797","7","1",,,,61,"23","277","8489",,"272",f2825fd5-3c3c-4f3f-85b7-38aad15ba938,2020/12/01 08:27:57,surveyor_jr,2020/12/16 08:47:35,surveyor_jr,"1268"
2020/12/01 08:27:00,"10129","95","1029","154","0",,,,95,"0","277","8643",,"273",18518ee2-8d9f-45fe-a106-8d195c8910dd,2020/12/02 08:29:02,surveyor_jr,2020/12/16 08:47:35,surveyor_jr,"1209"
2020/12/02 07:26:33,"10243","114","1862","28","0",,"Zimbabwe
",,114,"0","277","8671",,"274",a1793603-c8d0-4b65-9b46-71e85dd2cfdb,2020/12/03 07:28:37,,2020/12/16 08:47:35,surveyor_jr,"1295"
2020/12/03 07:43:09,"10424","181","1294","83","3",,Zimbabwe ,,178,"3","280","8754",,"275",e3f4492b-b7d4-4864-94d5-628766f93241,2020/12/04 07:45:38,,2020/12/16 08:47:35,surveyor_jr,"1390"
2020/12/04 06:04:40,"10547","123","1722","48","1",,Zimbabwe,,108,"15","280","8802",,"276",f80943ed-6a23-4031-acea-da2917411c82,2020/12/05 06:06:22,,2020/12/16 08:47:35,surveyor_jr,"1465"
2020/12/05 02:40:22,"10617","70","1577","46","10",,"Zimbabwe
",,50,"20","291","8844",,"277",2600c37d-f387-4eeb-8222-9ca545ae8fd1,2020/12/06 02:41:55,,2020/12/16 08:47:35,surveyor_jr,"1482"
2020/12/06 20:51:00,"10718","101","548","36","0",,,,46,"55","291","8880",,"278",6b6202dc-1a07-483a-b03c-f83c0de0ef41,2020/12/06 20:57:36,surveyor_jr,2020/12/16 08:47:35,surveyor_jr,"1547"
,,,,,,,,,,,,,,"279",3c304636-e146-4b64-b709-64f1c7479afc,2020/12/06 21:06:36,,2020/12/16 08:47:35,surveyor_jr,
2020/12/07 08:04:13,"10839","121","1270","92","3",,Zimbabwe,,121,"0","294","8972",,"280",49e9e18a-bb72-483a-ad7e-52059c00ac87,2020/12/08 08:06:15,,2020/12/16 08:47:35,surveyor_jr,"1573"
2020/12/08 22:49:02,"10912","73","1965","90","9",,"Zimbabwe
",,73,"0","303","9062",,"281",37370e26-86ce-4a0f-81f4-160a28910832,2020/12/08 22:50:39,,2020/12/16 08:47:35,surveyor_jr,"1547"
2020/12/09 22:56:25,"11007","95","1541","85","1",,Zimbabwe,,95,"0","304","9147",,"282",832a708e-a7c6-442b-911b-52d9d06e658d,2020/12/09 22:57:28,,2020/12/16 08:47:35,surveyor_jr,"1556"
2020/12/10 08:29:11,"11081","74","1703","106","1",,Zimbabwe,,74,"0","305","9253",,"283",b739208c-ba5a-451f-8101-5bc29f3eeb6d,2020/12/11 08:31:12,,2020/12/16 08:47:35,surveyor_jr,"1523"
2020/12/11 20:13:29,"11162","81","1444","64","1",,Zimbabwe,,81,"0","306","9324",,"284",38e8fd69-d011-4f84-b7b6-ba65075e227c,2020/12/11 20:14:42,,2020/12/16 08:47:35,surveyor_jr,"1532"
2020/12/12 00:51:12,"11219","57","1364","35","1",,Zimbabwe,,56,"1","307","9359",,"285",6c8159fb-c67d-4f3d-8958-47840001698b,2020/12/13 00:52:40,,2020/12/16 08:47:35,surveyor_jr,"1553"
2020/12/13 20:35:15,"11246","27","1187","92","0",,"Zimbabwe
",,27,"0","307","9451",,"286",ab40cdc9-26fd-4271-8020-3aa92ada4b44,2020/12/13 20:36:24,,2020/12/16 08:47:35,surveyor_jr,"1488"
2020/12/14 23:37:15,"11358","112","1626","103","2",,Zimbabwe,,112,"0","309","9554",,"287",b76f37bd-03d2-4f25-9e67-ce1f4ab9d7a3,2020/12/14 23:38:36,,2020/12/16 08:47:35,surveyor_jr,"1495"
2020/12/15 08:41:24,"11522","164","559","45","1",,Zimbabwe,,164,"0","310","9599",,"288",b7429733-ff15-4e18-b19c-9ad3fcb6fe0d,2020/12/16 08:42:42,,2020/12/16 08:50:23,surveyor_jr,"1613"
2020/12/16 23:15:16,"11749","227","1352","103","3",,Zimbabwe,,227,"0","313","9702",,"289",d0300421-4be9-434f-a85e-d60849e1dadc,2020/12/16 23:18:50,,2020/12/16 23:18:50,,"1734"
2020/12/17 23:56:35,"11749","117","1959","134","1",,Zimbabwe,,117,"0","314","9836",,"290",dcb461b5-b290-447b-82b2-a606fd3e4faf,2020/12/17 23:57:49,,2020/12/17 23:57:49,,"1716"
2020/12/18 08:41:44,"12047","181","2155","58","2",,Zimbabwe,,181,"0","316","9894",,"291",19d4250a-ef93-40ef-9a3c-87a3e23ce067,2020/12/19 08:42:47,,2020/12/19 08:42:47,,"1837"
2020/12/19 22:11:12,"12151","104","1581","90","2",,Zimbabwe,,96,"6","318","9984",,"292",13313ec8-f71c-49bc-a629-1ae09ccb5ff3,2020/12/19 22:12:35,,2020/12/19 22:12:35,,"1849"
2020/12/20 21:07:56,"12325","174","2144","40","2",,Zimbabwe,,174,"0","320","10024",,"293",c0a937c2-31b9-4a5b-9fee-e013ebe7170e,2020/12/20 21:09:32,,2020/12/20 21:09:32,,"1981"
2020/12/21 21:42:57,"12422","97","1205","88","2",,Zimbabwe,,97,"0","322","10112",,"294",cfc1fe53-6645-40ec-ab00-9a37ef2fc017,2020/12/21 21:44:12,,2020/12/21 21:44:12,,"1988"
2020/12/22 21:26:46,"12544","122","1425","47","4",,Zimbabwe,,105,"17","326","10159",,"295",a2c93d87-16bc-49d8-a65f-8e2e6bf78574,2020/12/22 21:29:06,,2020/12/22 21:29:06,,"2059"
2020/12/23 21:00:35,"12656","112","1501","100","4",,Zimbabwe,,111,"1","330","10259",,"296",92b8a47a-1353-46f8-b73f-63a61ed35108,2020/12/23 21:02:35,,2020/12/23 21:02:35,,"2067"
2020/12/24 20:46:45,"12786","130","1870","55","9",,Zimbabwe,,130,"0","339","10314",,"297",0c93502a-5826-44d1-a3e3-427f74d61806,2020/12/24 20:48:12,,2020/12/24 20:48:12,,
2020/12/25 20:43:48,"12880","94","1700","154","2",,zimbabwe,,94,"0","341","10468",,"298",8729e91a-2dd9-4b9b-97f1-a50e7c488941,2020/12/25 20:44:49,,2020/12/25 20:44:49,,
2020/12/26 21:21:54,"12963","83","1184","51","0",,Zimbabwe,,83,"0","341","10519",,"299",add54c3b-7276-4730-9e6d-f0fa28868af6,2020/12/26 21:23:17,,2020/12/26 21:23:17,,"2103"
2020/12/27 20:00:11,"13077","114","1015","74","8",,Zimbabwe,,114,"0","349","10593",,"300",28fcf757-d46a-4015-92f5-d8f66bd6423f,2020/12/27 20:01:33,,2020/12/27 20:01:33,,"2135"
2020/12/28 21:14:40,"13148","71","951","112","5",,Zimbabwe,,69,"4","354","10705",,"301",27699ab1-eec0-4de0-a2b9-318e8776817d,2020/12/28 21:16:56,,2020/12/28 21:16:56,,"2089"
2020/12/29 21:57:55,"13325","177","2373","362","5",,Zimbabwe,,144,"33","359","11067",,"302",cbe201be-712e-430c-8cab-24af550fbffe,2020/12/29 21:59:59,,2020/12/29 21:59:59,,"1899"
2020/12/30 21:46:46,"13625","300","2462","87","1",,Zimbabwe,,287,"13","360","11154",,"303",ef8cf577-7042-47ee-936a-ce3a77c6d909,2020/12/30 21:48:48,,2020/12/30 21:48:48,,"2111"
2020/12/31 20:59:16,"13867","242","1677","96","3",,Zimbabwe,,242,"0","363","11250",,"304",7aa3c91f-0eb8-4656-9407-8dfdabfff719,2020/12/31 21:01:10,,2020/12/31 21:01:10,,"2254"
2021/01/01 20:49:38,"14084","217","3679","97","6",,Zimbabwe,,216,"1","369","11347",,"305",71123e5e-5cc7-4f99-bac4-064cdd38b126,2021/01/01 20:51:18,,2021/01/01 20:51:18,,"2368"
2021/01/02 21:08:17,"14491","407","1834","16","8",,Zimbabwe,,407,"0","377","11363",,"306",ee134837-4a24-4898-b9e0-012c5ff3f324,2021/01/02 21:10:15,,2021/01/02 21:10:15,,"2751"
