,objectid,globalid,reportDate,newRecordsInfo,pcr_newBulawayo,pcr_newHarare,pcr_newManicaland,pcr_newMashCentral,pcr_newMashEast,pcr_newMashWest,pcr_newMidlands,pcr_newMasvingo,pcr_newMatNorth,pcr_newMatSouth,case_newBulawayo,case_newHarare,case_newManicaland,case_newMashCentral,case_newMashEast,case_newMashWest,case_newMidlands,case_newMasvingo,case_newMatNorth,case_newMatSouth,recov_newBulawayo,recov_newHarare,recov_newManicaland,recov_newMashCentral,recov_newMashEast,recov_newMashWest,recov_newMidlands,recov_newMasvingo,recov_newMatNorth,recov_newMatSouth,death_newBulawayo,death_newHarare,death_newManicaland,death_newMashCentral,death_newMashEast,death_newMashWest,death_newMidlands,death_newMasvingo,death_newMatNorth,death_newMatSouth,totalHelpInfo,case_totalBulawayo,case_totalHarare,case_totalManicaland,case_totalMashCentral,case_totalMashEast,case_totalMashWest,case_totalMidlands,case_totalMasvingo,case_totalMatNorth,case_totalMatSouth,recov_totalBulawayo,recov_totalHarare,recov_totalManicaland,recov_totalMashCentral,recov_totalMashEast,recov_totalMashWest,recov_totalMidlands,recov_totalMasvingo,recov_totalMatNorth,recov_totalMatSouth,active_totalBulawayo,active_totalHarare,active_totalManicaland,active_totalMashCentral,active_totalMashEast,active_totalMashWest,active_totalMidlands,active_totalMasvingo,active_totalMatNorth,active_totalMatSouth,death_totalBulawayo,death_totalHarare,death_totalManicaland,death_totalMashCentral,death_totalMashEast,death_totalMashWest,death_totalMidlands,death_totalMasvingo,death_totalMatNorth,death_totalMatSouth,reportStatus,didNotReport,CreationDate,Creator,EditDate,Editor,SHAPE
0,1,ce081cec-17f2-47e8-857c-a6d90451db4d,2021-07-10 10:00:00,,1089,2197,248,635,1198,1532,1062,649,697,936,160,326,110,141,191,584,60,66,91,58,60,91,5,63,40,38,0,98,164,0,4,8,0,1,4,19,3,0,3,0,,8124,16803,6131,4047,5447,9163,5079,4945,2750,4364,6272,13158,4006,2222,2790,4656,2862,3413,1792,3409,1539,2884,1900,1715,2521,4246,2056,1447,928,911,313,761,225,110,136,261,161,85,30,44,yes,,2021-07-11 01:03:56.861999989,surveyor_jr,2021-07-11 01:03:56.861999989,surveyor_jr,"{'x': 0, 'y': 0, 'spatialReference': {'wkid': 4326, 'latestWkid': 4326}}"
1,2,1df95b22-1d2b-4e8b-8a1e-37f5a93c209c,2021-07-11 10:00:00,,222,1534,386,406,428,520,308,240,199,262,112,158,65,62,103,230,34,64,41,43,57,37,12,66,193,462,0,0,0,210,16,14,3,4,1,8,4,0,3,6,,8236,16961,6196,4109,5550,9393,5113,5009,2791,4407,6329,13195,4018,2288,2983,5118,2862,3413,1792,3619,1578,2991,1950,1707,2430,4006,2086,1511,966,738,329,774,228,114,137,269,165,85,33,50,no,Masvingo,2021-07-11 21:41:05.539999962,surveyor_jr,2021-07-11 21:41:05.539999962,surveyor_jr,"{'x': 0, 'y': 0, 'spatialReference': {'wkid': 4326, 'latestWkid': 4326}}"
2,3,8c00c209-021e-4403-893e-a80e236eb350,2021-07-12 10:00:00,,414,2717,212,193,661,885,661,706,290,298,219,330,297,242,338,329,210,320,216,160,86,77,40,68,0,852,0,0,50,142,11,9,1,1,1,13,9,2,0,4,,8455,17291,6493,4351,5888,9722,5323,5329,3007,4567,6415,13272,4058,2356,2983,5970,2862,3413,1842,3761,1700,3235,2206,1880,2767,3470,2287,1829,1132,752,340,784,229,115,138,282,174,87,33,54,no,Masvingo,2021-07-12 20:47:16.255000114,surveyor_jr,2021-07-12 20:47:16.255000114,surveyor_jr,"{'x': 0, 'y': 0, 'spatialReference': {'wkid': 4326, 'latestWkid': 4326}}"
3,4,a99bca48-106b-4984-89e2-ed804c594a4b,2021-07-13 10:00:00,,303,5526,369,1027,781,1537,842,790,1317,1319,119,468,336,206,377,496,166,280,246,151,142,223,0,128,40,535,0,0,32,70,6,2,1,7,2,4,9,0,0,7,,8574,17759,6829,4557,6265,10218,5489,5609,3253,4718,6557,13495,4058,2484,3023,6505,2862,3413,1874,3831,1671,3478,2541,1951,3102,3427,2444,2109,1346,826,346,786,230,122,140,286,183,87,33,61,no,"Midlands,MatNorth",2021-07-13 21:13:14.213999987,surveyor_jr,2021-07-13 21:13:14.213999987,surveyor_jr,"{'x': 0, 'y': 0, 'spatialReference': {'wkid': 4326, 'latestWkid': 4326}}"
4,5,0c47dbf0-ee7f-49d9-8d47-465e71cc60a5,2021-07-14 10:00:00,,1197,3721,1585,405,1501,1989,604,620,138,844,358,422,310,285,393,437,190,255,165,295,96,266,0,107,276,0,0,94,50,62,20,5,2,3,4,3,9,5,2,5,,8932,18181,7139,4842,6658,10655,5679,5864,3418,5013,6653,13761,4058,2591,3299,6505,2862,3507,1924,3893,1913,3629,2849,2126,3215,3861,2625,2265,1459,1054,366,791,232,125,144,289,192,92,35,66,no,"Midlands,Masvingo,MatNorth",2021-07-14 22:39:03.479000092,surveyor_jr,2021-07-14 22:39:03.479000092,surveyor_jr,"{'x': 0, 'y': 0, 'spatialReference': {'wkid': 4326, 'latestWkid': 4326}}"
5,6,e65e59fa-c8ca-4dc6-8ebb-bf00c7468f42,2021-07-15 10:00:00,,988,6351,2418,1433,786,2815,1154,1081,1686,1919,177,457,262,322,344,423,91,91,190,134,109,244,0,119,4,21,0,0,6,218,14,27,11,7,15,5,4,0,0,3,,9109,18638,7401,5164,7002,11078,5770,5955,3608,5147,6762,14005,4058,2710,3303,6526,2862,3507,1930,4111,1967,3815,3100,2322,3540,4258,2712,2356,1643,967,380,818,243,132,159,294,196,92,35,69,yes,,2021-07-15 21:28:30.043999910,surveyor_jr,2021-07-15 21:28:30.043999910,surveyor_jr,"{'x': 0, 'y': 0, 'spatialReference': {'wkid': 4326, 'latestWkid': 4326}}"
6,7,b5dea8fa-17f7-4175-808e-f9b9c8810c6b,2021-07-16 10:00:00,,428,3706,883,387,1392,2133,527,476,1029,686,138,438,304,176,204,337,129,191,169,210,90,43,50,134,229,218,0,448,55,98,6,49,9,4,9,7,8,4,3,3,,9247,19076,7705,5340,7206,11415,5899,6146,3777,5357,6852,14048,4108,2844,3532,6744,2862,3955,1985,4209,2009,4161,3345,2360,3506,4370,2833,2095,1754,1076,386,867,252,136,168,301,204,96,38,72,yes,,2021-07-16 22:05:34.555000067,surveyor_jr,2021-07-16 22:05:34.555000067,surveyor_jr,"{'x': 29.8382637, 'y': -19.5175104, 'spatialReference': {'wkid': 4326, 'latestWkid': 4326}}"
7,8,e278ab5e-17f4-44c7-87e6-171bbf3006e9,2021-07-17 10:00:00,,420,2032,744,487,1200,2547,779,356,1003,1000,150,107,142,90,247,339,79,79,70,142,41,120,0,35,0,518,0,0,40,30,3,18,4,0,8,14,11,1,3,6,,9397,19183,7847,5430,7453,11754,5978,6225,3847,5499,6893,14168,4108,2879,3532,7262,2862,3955,2025,4239,2115,4130,3483,2415,3745,4177,2901,2173,1781,1182,389,885,256,136,176,315,215,97,41,78,yes,,2021-07-17 21:02:55.072000027,surveyor_jr,2021-07-17 21:02:55.072000027,surveyor_jr,"{'x': 0, 'y': 0, 'spatialReference': {'wkid': 4326, 'latestWkid': 4326}}"
8,9,4ecccd93-44cd-493e-8b45-c04f7e485b48,2021-07-18 10:00:00,,391,1051,329,209,339,562,307,179,214,295,111,93,121,63,151,238,70,63,60,36,104,116,18,75,61,1081,0,0,45,30,7,8,1,2,4,3,5,1,0,3,,9508,19276,7968,5493,7604,11992,6048,6288,3907,5535,6997,14284,4126,2954,3593,8343,2862,3955,2070,4269,2115,4099,3585,2401,3831,3331,2966,2235,1796,1185,396,893,257,138,180,318,220,98,41,81,yes,,2021-07-18 21:07:49.898000002,surveyor_jr,2021-07-18 21:07:49.898000002,surveyor_jr,"{'x': 29.8382715, 'y': -19.5175514, 'spatialReference': {'wkid': 4326, 'latestWkid': 4326}}"
9,10,682e88f5-a61f-4d6e-8969-cf8e6226619a,2021-07-19 10:00:00,,541,3243,558,36,646,796,499,567,341,358,200,252,175,239,330,250,140,184,214,129,158,0,244,146,0,88,857,563,30,175,13,8,13,8,8,14,5,0,4,2,,9708,19528,8143,5732,7934,12242,6188,6472,4121,5664,7155,14284,4370,3100,3593,8431,3719,4518,2100,4444,2144,4343,3503,2486,4153,3479,2244,1856,1976,1137,409,901,270,146,188,332,225,98,45,83,yes,,2021-07-20 07:02:42.492000103,surveyor_jr,2021-07-20 07:02:42.492000103,surveyor_jr,"{'x': 0, 'y': 0, 'spatialReference': {'wkid': 4326, 'latestWkid': 4326}}"
10,11,291645d0-9b92-47fb-84e2-e84c70919cff,2021-07-20 10:00:00,,444,3574,112,627,1597,2099,871,422,972,536,262,373,325,244,351,397,103,257,213,158,122,833,55,247,540,22,340,0,148,134,9,14,2,3,2,4,10,2,3,1,,9970,19901,8468,5976,8285,12639,6291,6729,4334,5822,7277,15117,4425,3347,4133,8453,4059,4518,2248,4578,2275,3869,3771,2480,3962,3850,1997,2111,2038,1160,418,915,272,149,190,336,235,100,48,84,no,Masvingo,2021-07-21 06:34:18.713000059,surveyor_jr,2021-07-21 06:34:18.713000059,surveyor_jr,"{'x': 0, 'y': 0, 'spatialReference': {'wkid': 4326, 'latestWkid': 4326}}"
11,12,427a5b54-5561-423d-8155-5e2c3b1446de,2021-07-21 10:00:00,,900,3759,994,679,853,905,769,828,1447,1502,156,689,287,204,323,295,188,157,199,207,203,278,60,83,40,436,194,0,110,68,12,11,0,5,8,8,13,0,3,2,,10072,20590,8755,6180,8608,12934,6479,6886,4533,6029,7480,15395,4485,3430,4173,8889,4253,4518,2358,4646,2216,4269,3998,2596,4237,3701,1978,2268,2124,1297,430,926,272,154,198,344,248,100,51,86,yes,,2021-07-22 05:26:17.348999977,surveyor_jr,2021-07-22 05:26:17.348999977,surveyor_jr,"{'x': 0, 'y': 0, 'spatialReference': {'wkid': 4326, 'latestWkid': 4326}}"
12,13,e6f666b9-3eb8-4239-8209-01d49bfd572e,2021-07-22 10:00:00,,944,3977,779,737,1256,2968,939,479,1483,1425,129,583,225,185,340,292,91,203,156,97,225,307,37,139,945,0,0,313,130,0,6,10,22,4,11,3,4,0,0,1,,10255,21173,8980,6365,8948,13226,6570,7089,4689,6126,7705,15702,4522,3569,5118,8889,4253,4831,2488,4646,2114,4535,4164,2638,3621,3990,2065,2158,2150,1393,436,936,294,158,209,347,252,100,51,87,yes,,2021-07-22 21:21:07.694999933,surveyor_jr,2021-07-22 21:21:07.694999933,surveyor_jr,"{'x': 0, 'y': 0, 'spatialReference': {'wkid': 4326, 'latestWkid': 4326}}"
13,14,147974e1-59ce-4cd2-820b-193f6c6f03cf,2021-07-23 10:00:00,,227,2895,919,698,1345,1950,802,326,1198,1504,179,590,206,125,281,268,127,154,126,209,160,342,0,150,0,41,67,278,100,125,17,38,7,4,6,4,10,3,1,1,,10434,21763,9186,6490,9229,13494,6697,7243,4815,6335,7865,16044,4522,3719,5118,8930,4320,5109,2588,4771,2116,4745,4363,2609,3896,4213,2115,2031,2175,1476,453,974,301,162,215,351,262,103,52,88,yes,,2021-07-23 20:39:14.697999954,surveyor_jr,2021-07-23 20:39:14.697999954,surveyor_jr,"{'x': 0, 'y': 0, 'spatialReference': {'wkid': 4326, 'latestWkid': 4326}}"
14,15,7d664b0b-a470-4793-8313-8654267804e2,2021-07-24 10:00:00,,367,2515,767,883,1494,1435,440,333,892,1305,138,277,276,72,275,196,128,77,71,81,112,288,0,127,255,380,87,0,93,300,9,29,7,7,7,10,11,3,1,5,,10572,22040,9462,6562,9504,13690,6825,7320,4886,6416,7977,16332,4522,3846,5373,9310,4407,5109,2681,5071,2133,4705,4632,2547,3909,4019,2145,2105,2152,1252,462,1003,308,169,222,361,273,106,53,93,yes,,2021-07-25 11:07:37.621999979,surveyor_jr,2021-07-25 11:07:37.621999979,surveyor_jr,"{'x': 0, 'y': 0, 'spatialReference': {'wkid': 4326, 'latestWkid': 4326}}"
15,16,dfc9894d-8522-4f23-8cde-932ceb309397,2021-07-25 10:00:00,,405,1991,87,87,600,613,340,278,371,209,59,156,43,37,68,78,36,42,78,20,112,356,74,60,233,8,0,348,64,30,9,5,3,4,6,3,8,1,2,3,,10631,22196,9505,6599,9572,13768,6861,7362,4964,6436,8089,16688,4596,3906,5606,9318,4407,5457,2745,5101,2071,4500,4598,2520,3738,4086,2173,1798,2164,1239,471,1008,311,173,228,364,281,107,55,96,no,"Midlands,Masvingo",2021-07-26 06:31:23.075999975,surveyor_jr,2021-07-26 06:31:23.075999975,surveyor_jr,"{'x': 0, 'y': 0, 'spatialReference': {'wkid': 4326, 'latestWkid': 4326}}"
16,17,a05f1bab-8155-4066-8d31-f17886544734,2021-07-26 10:00:00,,882,5264,565,141,384,505,267,283,172,223,99,497,208,109,312,186,136,141,128,234,219,431,0,185,88,716,43,0,134,98,12,12,7,3,13,13,10,0,1,8,,10730,22693,9713,6708,9884,13954,6997,7503,5092,6670,8308,17119,4596,4091,5694,10034,4450,5457,2879,5199,1939,4554,4799,2441,3949,3543,2256,1939,2157,1367,483,1020,318,176,241,377,291,107,56,104,yes,,2021-07-27 13:58:37.401000023,surveyor_jr,2021-07-27 13:58:37.401000023,surveyor_jr,"{'x': 0, 'y': 0, 'spatialReference': {'wkid': 4326, 'latestWkid': 4326}}"
17,18,c59ae268-8e4a-43ac-8d01-3fcd721368a2,2021-07-27 10:00:00,,795,3977,480,255,535,1710,896,807,1576,1676,120,438,158,109,284,200,95,159,135,69,120,372,1318,130,353,136,0,0,201,39,7,54,5,5,9,14,7,3,1,2,,10850,23131,9817,6817,10168,14154,7092,7662,5227,6739,8428,17491,5914,4221,6047,10170,4450,5457,3080,5238,1932,4566,3634,2415,3871,3593,2344,2095,2090,1395,490,1074,323,181,250,391,298,110,57,106,yes,,2021-07-28 20:29:06.322999954,surveyor_jr,2021-07-28 20:29:06.322999954,surveyor_jr,"{'x': 0, 'y': 0, 'spatialReference': {'wkid': 4326, 'latestWkid': 4326}}"
18,19,ccb22533-3f66-48eb-81e0-12a475a211d6,2021-07-29 10:00:00,,557,5500,708,511,1194,2290,790,1439,1488,740,146,235,292,147,298,208,338,206,135,84,177,449,174,287,272,61,312,218,22,39,17,28,7,0,9,3,10,4,1,2,,11090,23839,10396,7085,10677,14606,7535,7991,5498,6939,8963,17940,6117,4669,6352,10285,4826,5675,3252,5315,1606,4782,3945,2232,4061,3922,2394,2199,2187,1513,521,1117,334,184,264,399,315,117,59,111,yes,,2021-07-30 06:49:47.461999893,surveyor_jr,2021-07-30 06:49:47.461999893,surveyor_jr,"{'x': 0, 'y': 0, 'spatialReference': {'wkid': 4326, 'latestWkid': 4326}}"
19,20,11b812a6-c33e-4590-8d5e-ff1fa9e9a46f,2021-07-28 10:00:00,,879,2702,1228,485,1194,1398,694,348,1086,794,94,473,233,121,211,244,105,123,136,116,358,0,29,161,33,54,64,0,150,38,14,15,4,3,5,5,7,3,1,3,,10944,23604,10104,6938,10379,14398,7197,7785,5363,6855,8786,17491,5943,4382,6080,10224,4514,5457,3230,5276,1654,5024,3834,2372,4044,3778,2378,2215,2075,1470,504,1089,327,184,255,396,305,113,58,109,yes,,2021-07-30 17:49:14.174000025,surveyor_jr,2021-07-30 17:49:14.174000025,surveyor_jr,"{'x': 0, 'y': 0, 'spatialReference': {'wkid': 4326, 'latestWkid': 4326}}"
20,21,1a6bb902-8452-47dd-8d32-cc8610178a92,2021-07-30 10:00:00,,700,3651,550,206,1715,1504,704,679,936,1252,102,445,243,127,198,106,261,134,130,88,138,119,42,273,157,48,245,0,100,46,17,12,4,1,10,4,10,1,5,5,,11192,24284,10639,7212,10875,14712,7796,8125,5628,7027,9101,18059,6159,4942,6509,10333,5071,5675,3352,5361,1553,5096,4142,2085,4095,3976,2400,2332,2212,1550,538,1129,338,185,274,403,325,118,64,116,yes,,2021-07-30 22:04:05.648000002,surveyor_jr,2021-07-30 22:04:05.648000002,surveyor_jr,"{'x': 0, 'y': 0, 'spatialReference': {'wkid': 4326, 'latestWkid': 4326}}"
21,22,dbd249dc-5322-4192-8de6-dacae7f280b2,2021-07-31 10:00:00,,439,1455,490,288,785,770,286,236,471,264,64,166,157,48,158,106,528,46,53,44,150,164,243,79,255,64,0,0,280,59,5,8,6,1,2,5,9,3,0,3,,11256,24450,10796,7260,11033,14818,8324,8171,5681,7071,9251,18223,6402,5021,6764,10397,5071,5675,3632,5420,1462,5090,4050,2053,3993,4013,2919,2375,1985,1532,543,1137,344,186,276,408,334,121,64,119,yes,,2021-07-31 23:34:27.611999989,surveyor_jr,2021-07-31 23:34:27.611999989,surveyor_jr,"{'x': 0, 'y': 0, 'spatialReference': {'wkid': 4326, 'latestWkid': 4326}}"
22,23,23a4e9c3-3e1e-443f-8a72-354f2ac4315d,2021-08-01 10:00:00,,364,1341,177,105,2,310,225,223,197,179,61,107,70,32,62,86,172,27,34,35,111,26,0,69,0,45,370,78,79,31,8,16,7,4,3,4,5,2,1,1,,11317,24557,10866,7292,11095,14904,8496,8198,5715,7106,9362,18249,6402,5090,6764,10442,5441,5753,3711,5451,1404,5155,4113,2012,4052,4050,2716,2322,1939,1535,551,1153,351,190,279,412,339,123,65,120,yes,,2021-08-02 10:05:03.095999956,surveyor_jr,2021-08-02 10:05:03.095999956,surveyor_jr,"{'x': 0, 'y': 0, 'spatialReference': {'wkid': 4326, 'latestWkid': 4326}}"
23,24,7593955c-e369-4764-894b-cb3e1c346d5d,2021-08-02 10:00:00,,701,2850,397,0,86,508,285,268,91,100,142,153,189,66,221,109,134,141,125,29,200,77,0,97,437,1098,87,581,152,26,4,22,7,2,4,3,5,4,1,0,,11459,24710,11055,7358,11316,15013,8630,8339,5840,7135,9562,18326,6402,5187,7201,11540,5528,6334,3863,5477,1342,5209,4295,1979,3832,3058,2758,1878,1911,1538,555,1175,358,192,283,415,344,127,66,120,yes,,2021-08-04 17:17:20.470000029,surveyor_jr,2021-08-04 17:17:20.470000029,surveyor_jr,"{'x': 0, 'y': 0, 'spatialReference': {'wkid': 4326, 'latestWkid': 4326}}"
24,25,e6bf7840-1e45-4061-82ce-ff74b8b32dc8,2021-08-03 10:00:00,,1282,3295,679,594,1092,1561,414,406,641,1038,190,335,156,75,192,187,153,90,113,89,262,479,198,0,405,147,72,0,568,19,10,2,2,3,2,5,3,9,4,1,,11649,25045,11211,7433,11508,15200,8783,8429,5953,7224,9824,18805,6600,5187,7606,11687,5600,6334,4431,5496,1260,5063,4251,2051,3617,3093,2836,1959,1452,1607,565,1177,360,195,285,420,347,136,70,121,yes,,2021-08-04 17:27:26.967000008,surveyor_jr,2021-08-04 17:27:26.967000008,surveyor_jr,"{'x': 0, 'y': 0, 'spatialReference': {'wkid': 4326, 'latestWkid': 4326}}"
25,26,7d5a651a-ab3d-47b8-8e2b-d050be091dd6,2021-08-04 10:00:00,,693,2583,370,456,1119,1330,397,343,1232,356,112,170,94,40,188,104,80,67,125,111,156,606,403,109,3,59,0,0,69,19,10,4,6,1,1,4,6,0,0,3,,11761,25215,11305,7473,11696,15304,8863,8496,6078,7335,9980,19411,7003,5296,7609,11746,5600,6334,4500,5515,1206,4623,3936,1981,3801,3134,2910,2026,1508,1696,575,1181,366,196,286,424,353,136,70,124,yes,,2021-08-05 12:14:37.796000004,surveyor_jr,2021-08-05 12:14:37.796000004,surveyor_jr,"{'x': 0, 'y': 0, 'spatialReference': {'wkid': 4326, 'latestWkid': 4326}}"
26,27,3a3a49c8-9a4c-428d-8a98-fbd5c2fb1024,2021-08-05 10:00:00,,472,1872,376,58,956,819,214,156,1185,261,78,199,104,75,97,64,76,83,86,101,129,581,567,271,0,41,34,197,27,48,13,1,2,0,4,5,10,4,1,3,,11839,25414,11409,7548,11793,15368,8939,8579,6164,7436,10109,19992,7570,5567,7609,11787,5634,6531,4527,5563,1142,4240,3471,1785,3894,3152,2942,1908,1566,1746,588,1182,368,196,290,429,363,140,71,127,no,Midlands,2021-08-06 19:41:49.191999912,surveyor_jr,2021-08-06 19:41:49.191999912,surveyor_jr,"{'x': 0, 'y': 0, 'spatialReference': {'wkid': 4326, 'latestWkid': 4326}}"
27,28,0f8388be-f229-4da4-8d3e-05a12b1083e8,2021-08-06 10:00:00,,685,3306,638,294,557,1583,388,289,885,270,123,140,109,40,122,86,54,84,99,99,179,550,95,10,241,136,0,269,119,38,7,20,3,1,5,6,2,5,1,1,,11962,25554,11518,7588,11915,15454,8993,8663,6263,7535,10288,20542,7665,5577,7850,11923,5634,6800,4646,5601,1079,3810,3482,1814,3770,3096,2994,1718,1545,1806,595,1202,371,197,295,435,365,145,72,128,yes,,2021-08-06 22:25:45.048000097,surveyor_jr,2021-08-06 22:25:45.048000097,surveyor_jr,"{'x': 0, 'y': 0, 'spatialReference': {'wkid': 4326, 'latestWkid': 4326}}"
28,29,fb276b6c-ad23-462d-83bf-974b436ed63b,2021-08-07 10:00:00,,445,2215,552,244,182,1188,123,286,636,130,32,0,85,21,80,43,29,51,36,68,102,0,44,0,170,100,174,0,50,250,8,0,3,0,2,1,2,4,1,0,,11994,25554,11603,7609,11995,15497,9022,8714,6299,7603,10390,20542,7709,5577,8020,12023,5808,6800,4696,5851,1001,3810,3520,1835,3678,3038,2847,1765,1530,1624,603,1202,374,197,297,436,367,149,73,128,yes,,2021-08-07 21:12:34.423000097,surveyor_jr,2021-08-07 21:12:34.423000097,surveyor_jr,"{'x': 0, 'y': 0, 'spatialReference': {'wkid': 4326, 'latestWkid': 4326}}"
29,30,8d15786e-2239-4b80-8227-ad3a10b56e01,2021-08-08 10:00:00,,498,1758,271,67,65,538,507,153,1205,153,33,172,45,10,45,22,34,30,32,14,64,433,66,234,0,110,211,0,45,250,8,51,3,0,3,3,3,1,2,0,,12027,25726,11648,7619,12040,15519,9056,8744,6331,7617,1045,20975,7775,5811,8020,12133,6019,6800,4741,6101,962,3498,3496,1611,3620,2497,2667,1794,1515,1388,611,1253,377,197,300,439,370,150,75,128,no,Masvingo,2021-08-10 14:14:16.115000010,surveyor_jr,2021-08-10 14:14:16.115000010,surveyor_jr,"{'x': 0, 'y': 0, 'spatialReference': {'wkid': 4326, 'latestWkid': 4326}}"
30,31,51f7bc5f-5bd1-46df-847e-f4fc96040773,2021-08-09 10:00:00,,896,1051,199,49,221,167,87,487,206,6,49,68,48,14,85,76,22,46,98,20,99,413,40,16,0,193,170,0,150,300,5,3,0,2,2,1,3,2,1,0,,12076,25794,11696,7633,12125,15595,9078,8790,6429,7637,10553,21388,7815,5827,8020,12326,6189,6800,4891,6401,901,3150,3504,1607,3803,2829,2516,1838,1462,1108,616,1256,377,199,302,440,373,152,76,128,no,MatSouth,2021-08-10 14:20:02.742000103,surveyor_jr,2021-08-10 14:20:02.742000103,surveyor_jr,"{'x': 0, 'y': 0, 'spatialReference': {'wkid': 4326, 'latestWkid': 4326}}"
31,32,ce78e597-213b-487f-85a6-d1958e629f15,2021-08-10 10:00:00,,290,925,100,26,204,250,118,113,599,6,53,55,46,25,83,14,23,34,39,33,0,339,68,219,173,29,0,159,163,139,10,6,1,0,0,4,4,2,2,2,,12129,25849,11742,7658,12208,15609,9101,8824,6468,7670,10553,21727,7883,6046,8193,12355,6189,6959,5054,6540,950,2860,3481,1413,3713,2810,2535,1711,1336,1000,626,1262,378,199,302,444,377,154,78,130,no,MatSouth,2021-08-11 20:53:28.263999939,surveyor_jr,2021-08-11 20:53:28.263999939,surveyor_jr,"{'x': 0, 'y': 0, 'spatialReference': {'wkid': 4326, 'latestWkid': 4326}}"
32,33,674df0b5-7cf1-4394-8fbc-1488008bfa47,2021-08-11 10:00:00,,617,3188,956,0,695,0,371,430,555,0,43,149,131,49,83,56,52,44,61,28,85,327,863,197,0,97,115,161,102,56,6,18,2,3,0,7,1,0,2,0,,12172,25998,11873,7707,12291,15665,9153,8868,6529,7698,10638,22054,8746,6243,8193,12452,6304,7120,5156,6596,902,2664,2747,1262,3796,2762,2471,1594,1293,970,632,1280,380,202,302,451,378,154,80,132,yes,,2021-08-12 20:16:43.687999964,surveyor_jr,2021-08-12 20:16:43.687999964,surveyor_jr,"{'x': 0, 'y': 0, 'spatialReference': {'wkid': 4326, 'latestWkid': 4326}}"
33,34,2749ba4e-767e-4470-8379-d90491754e68,2021-08-13 10:00:00,,292,1541,759,193,319,873,298,546,771,1434,64,124,83,34,104,37,44,61,73,130,102,471,161,33,119,84,122,0,62,56,5,9,2,2,5,1,0,1,0,1,,12349,26223,12041,7804,12519,15763,9239,8965,6728,7877,10887,22786,8913,6417,8754,12639,6563,7120,5383,6674,822,2118,2737,1182,3456,2671,2294,1689,1263,1068,641,1319,391,205,309,453,382,156,82,135,yes,,2021-08-13 22:12:45.809000015,surveyor_jr,2021-08-13 22:12:45.809000015,surveyor_jr,"{'x': 0, 'y': 0, 'spatialReference': {'wkid': 4326, 'latestWkid': 4326}}"
34,35,d69f7928-5759-478d-8ba8-5ef4ef3aea87,2021-08-12 10:00:00,,497,2588,414,245,350,1002,326,381,1513,735,113,101,85,63,124,61,42,36,126,49,146,261,6,141,442,103,137,0,165,22,4,30,9,1,2,1,4,1,2,2,,12285,26099,11958,7770,12415,15726,9195,8904,6655,7747,10785,22315,8752,6384,8635,12255,6441,7120,5321,6618,865,2474,2817,1183,3476,2719,2372,1629,1252,995,636,1310,389,203,304,452,382,155,82,134,yes,,2021-08-13 22:18:51.710000038,surveyor_jr,2021-08-13 22:18:51.710000038,surveyor_jr,"{'x': 0, 'y': 0, 'spatialReference': {'wkid': 4326, 'latestWkid': 4326}}"
35,36,4a93a182-9f51-479a-8aae-11b20570ce88,2021-08-14 10:00:00,,954,897,161,147,254,655,158,317,615,346,34,68,33,15,51,21,9,45,40,29,64,156,28,185,73,0,0,0,54,21,1,10,0,1,0,3,1,0,1,0,,12383,26291,12074,7819,12570,15784,9248,9010,6768,7906,10950,22942,8941,6602,8827,12639,6563,7120,5437,6695,791,2020,2742,1011,3434,2689,2302,1734,1248,1076,642,1329,391,206,309,456,383,156,83,135,yes,,2021-08-15 18:21:09.204999924,surveyor_jr,2021-08-15 18:21:09.204999924,surveyor_jr,"{'x': 0, 'y': 0, 'spatialReference': {'wkid': 4326, 'latestWkid': 4326}}"
36,37,85305b24-7db9-44e5-846b-19199ce9a32a,2021-08-15 10:00:00,,709,1356,337,97,153,377,134,217,94,259,15,44,40,5,39,20,6,17,18,31,61,102,49,20,0,83,0,0,264,28,4,6,3,0,1,0,0,2,2,1,,12398,26335,12114,7824,12609,15804,9254,9027,6786,7937,11011,23044,8990,6622,8827,12722,6563,7120,5701,6723,741,1956,2730,996,3472,2626,2308,1749,1000,1078,646,1335,394,206,310,456,383,158,85,136,no,MatSouth,2021-08-16 19:38:16.276999950,surveyor_jr,2021-08-16 19:38:16.276999950,surveyor_jr,"{'x': 0, 'y': 0, 'spatialReference': {'wkid': 4326, 'latestWkid': 4326}}"
37,38,308ac32f-6c55-4a95-8fe9-cd26880c1457,2021-08-17 10:00:00,,582,3657,204,337,577,152,0,441,562,782,27,92,74,29,81,23,19,46,51,2,142,172,123,47,327,67,0,215,66,69,7,11,0,5,1,2,1,1,1,0,,12425,26427,12188,7853,12690,15827,9273,9073,6837,7939,11153,23216,9113,6669,9154,12789,6563,7335,5767,6792,619,1865,2681,973,3225,2580,2326,1579,984,1011,653,1346,394,211,311,458,384,159,86,136,yes,,2021-08-17 22:34:45.749000072,surveyor_jr,2021-08-17 22:34:45.749000072,surveyor_jr,"{'x': 0, 'y': 0, 'spatialReference': {'wkid': 4326, 'latestWkid': 4326}}"
38,39,5b24b18b-3354-414a-867e-db5c291d05b8,2021-08-17 10:00:00,,2063,429,299,265,893,1329,711,504,1058,608,92,81,56,29,29,48,19,37,54,22,190,367,74,23,228,320,353,0,51,54,1,4,0,1,1,3,4,2,0,2,,12517,26508,12244,7882,12738,15903,9292,9110,6891,7961,11343,23950,9187,6692,9382,13109,6916,7335,5818,6846,520,1575,2663,978,3044,2333,1988,1614,987,977,654,1350,394,212,312,461,388,161,86,138,no,Masvingo,2021-08-18 06:51:34.887000084,surveyor_jr,2021-08-18 06:51:34.887000084,surveyor_jr,"{'x': 0, 'y': 0, 'spatialReference': {'wkid': 4326, 'latestWkid': 4326}}"
39,40,4770f4b7-49bb-45a7-8392-c77afd0db60e,2021-08-18 10:00:00,,237,1977,645,413,490,453,197,366,536,0,36,75,115,17,45,37,23,54,19,31,112,176,968,32,0,74,157,0,44,63,4,8,9,0,1,2,0,0,0,1,,12553,26583,12359,7899,12783,15940,9315,9164,6910,7992,11455,23759,10155,6724,9382,13183,7073,7335,5862,6909,440,1466,1801,963,3088,2294,1854,1668,962,944,658,1358,403,212,313,463,388,161,86,139,no,Masvingo,2021-08-19 20:16:03.566999912,surveyor_jr,2021-08-19 20:16:03.566999912,surveyor_jr,"{'x': 0, 'y': 0, 'spatialReference': {'wkid': 4326, 'latestWkid': 4326}}"
40,41,8bb7ca61-530a-4b64-8e84-71ac757bce51,2021-08-19 10:00:00,,744,2376,357,311,219,770,368,250,295,1235,46,26,62,15,49,60,26,33,37,50,78,219,33,46,892,427,73,354,46,29,8,3,2,0,1,0,2,1,0,0,,12599,26609,12421,7914,12832,16000,9341,9197,6947,8042,11533,23978,10188,6770,10274,13610,7146,7689,5908,6938,400,1270,1828,932,2244,1927,1805,1346,953,965,666,1361,405,212,314,463,390,162,86,139,yes,,2021-08-20 21:47:53.519000052,surveyor_jr,2021-08-20 21:47:53.519000052,surveyor_jr,"{'x': 0, 'y': 0, 'spatialReference': {'wkid': 4326, 'latestWkid': 4326}}"
41,42,5d6fb1b2-47c0-43da-8ad8-1fc0fee03687,2021-08-20 10:00:00,,415,2180,585,207,618,526,249,472,661,372,28,70,54,15,45,18,25,68,27,36,123,150,186,38,785,108,0,0,43,17,3,11,3,2,1,1,0,0,1,0,,12627,26679,12475,7929,12877,16018,9366,9265,6974,8078,11656,24128,10374,6808,11059,13718,7146,7689,5951,6955,302,1179,1693,907,1503,1836,1830,1414,936,984,669,1372,408,214,315,464,390,162,87,139,no,Masvingo,2021-08-21 21:30:45.898999929,surveyor_jr,2021-08-21 21:30:45.898999929,surveyor_jr,"{'x': 0, 'y': 0, 'spatialReference': {'wkid': 4326, 'latestWkid': 4326}}"
42,43,ba9149dc-2aab-40b7-8e3c-fe9cbc177091,2021-08-21 10:00:00,,415,1757,252,18,209,649,137,64,193,263,13,15,40,6,32,16,14,8,17,38,32,92,48,0,11,0,103,0,59,37,0,4,0,3,5,3,1,0,0,0,,12640,26694,12515,7935,12909,16034,9380,9273,6991,8116,11688,24220,10422,6808,11570,13718,7249,7689,6010,6992,283,1098,1685,910,1019,1849,1740,1422,894,985,669,1376,408,217,320,467,391,162,87,139,yes,,2021-08-21 21:36:15.496999979,surveyor_jr,2021-08-21 21:36:15.496999979,surveyor_jr,"{'x': 0, 'y': 0, 'spatialReference': {'wkid': 4326, 'latestWkid': 4326}}"
43,44,b3035155-0643-41a8-8e91-0cd7a096dcf0,2021-08-22 10:00:00,,482,791,195,159,0,141,215,229,67,106,23,26,28,4,11,11,9,28,18,7,33,100,90,15,0,38,0,7,134,27,2,4,3,0,0,0,0,1,0,0,,12663,26720,12543,7939,12920,16045,9389,9301,7009,8123,11721,24320,10512,6823,11570,13756,7249,7696,6144,7019,271,1020,1620,899,1030,1819,1749,1442,778,965,671,1380,411,217,320,470,391,163,87,139,no,"Masvingo,MatNorth",2021-08-23 07:14:46.148000002,surveyor_jr,2021-08-23 07:14:46.148000002,surveyor_jr,"{'x': 0, 'y': 0, 'spatialReference': {'wkid': 4326, 'latestWkid': 4326}}"
44,45,ab688cc7-b78c-4972-870e-56f79149da83,2021-08-23 10:00:00,,431,1994,293,334,264,446,252,237,450,213,31,61,45,29,36,16,23,35,33,40,49,80,36,11,287,176,0,0,69,241,4,20,5,4,2,1,0,1,1,6,,12694,26781,12588,7968,12956,16061,9412,9336,7042,8163,11770,24400,10548,6834,11857,13932,7249,7696,6213,7260,249,981,1624,913,777,1658,1772,1476,741,758,675,1400,416,221,322,471,391,164,88,145,yes,,2021-08-24 06:52:04.075999975,surveyor_jr,2021-08-24 06:52:04.075999975,surveyor_jr,"{'x': 0, 'y': 0, 'spatialReference': {'wkid': 4326, 'latestWkid': 4326}}"
45,46,ad30db46-0fbf-4c06-8afd-8230ffc1bc95,2021-08-24 10:00:00,,526,3790,366,88,572,570,193,303,440,338,43,38,45,38,25,15,8,35,36,36,53,69,172,131,136,123,67,0,66,84,4,5,1,5,1,2,2,2,0,5,,12737,26819,12633,8006,12981,16076,9420,9371,7078,8199,11823,24469,10720,6965,11993,14055,7316,7696,6279,7344,235,945,1496,815,665,1548,1711,1509,711,705,679,1405,417,226,323,473,393,166,88,150,no,Masvingo,2021-08-25 18:32:45.907000065,surveyor_jr,2021-08-25 18:32:45.907000065,surveyor_jr,"{'x': 0, 'y': 0, 'spatialReference': {'wkid': 4326, 'latestWkid': 4326}}"
46,47,2420ab09-3809-47f4-85db-a333ba94900e,2021-08-25 10:00:00,,100,2252,478,351,559,723,258,357,398,420,8,39,92,41,33,22,12,35,24,85,43,152,12,348,56,42,94,0,35,56,5,0,1,4,0,2,0,1,0,5,,12745,26858,12725,8047,13014,16098,9432,9406,7102,8284,11866,24621,10732,7313,12049,14097,7410,7696,6314,7400,195,832,1575,504,642,1526,1629,1543,700,729,684,1405,418,230,323,475,393,167,88,155,no,Masvingo,2021-08-28 07:35:56.351999998,surveyor_jr,2021-08-28 07:35:56.351999998,surveyor_jr,"{'x': 0, 'y': 0, 'spatialReference': {'wkid': 4326, 'latestWkid': 4326}}"
47,48,bb501c1a-8b37-44f6-8341-7986c3ab7b77,2021-08-26 10:00:00,,352,2416,445,0,329,756,153,361,239,288,23,45,40,39,24,12,6,42,18,26,113,96,51,43,16,52,47,224,15,28,3,2,1,5,1,0,1,2,0,3,,12768,26903,12765,8086,13038,16110,9438,9448,7120,8310,11979,24717,10783,7356,12065,14149,7457,7920,6329,7428,102,779,1563,495,649,1486,1587,1359,703,724,687,1407,419,235,324,475,394,169,88,158,yes,,2021-08-28 07:43:12.676000118,surveyor_jr,2021-08-28 07:43:12.676000118,surveyor_jr,"{'x': 0, 'y': 0, 'spatialReference': {'wkid': 4326, 'latestWkid': 4326}}"
48,49,13b3de04-b9a6-40cb-8142-61d6876c7eff,2021-08-27 10:00:00,,98,1886,293,444,464,629,134,140,158,178,16,34,55,43,15,29,8,22,14,14,3,126,21,35,47,10,33,0,27,64,1,2,1,6,1,1,0,1,1,4,,12784,26937,12280,8129,13053,16139,9446,9470,7134,8324,11982,24843,10804,7391,12112,14159,7490,7920,6356,7492,114,685,1596,497,616,1504,1562,1380,689,670,688,1409,420,241,325,476,394,170,89,162,yes,,2021-08-28 07:48:47.358000040,surveyor_jr,2021-08-28 07:48:47.358000040,surveyor_jr,"{'x': 0, 'y': 0, 'spatialReference': {'wkid': 4326, 'latestWkid': 4326}}"
49,50,cf2ff5d8-a6b7-41d6-8aa1-e6e602e3377d,2021-08-28 10:00:00,,476,1518,163,6,155,0,71,0,0,32,9,31,20,4,20,14,1,8,12,12,1,68,0,0,0,51,0,0,77,29,4,4,0,3,1,0,0,0,1,3,,12793,26968,12840,8133,13073,16153,9447,9478,7146,8336,11983,24911,10804,7391,12112,14210,7490,7920,6433,7521,118,644,1616,498,635,1467,1563,1388,623,650,692,1413,420,244,326,476,394,170,90,165,yes,,2021-08-31 18:49:39.683000088,surveyor_jr,2021-08-31 18:49:39.683000088,surveyor_jr,"{'x': 0, 'y': 0, 'spatialReference': {'wkid': 4326, 'latestWkid': 4326}}"
50,51,6bf56366-410b-4316-8600-3cf454c05951,2021-08-29 10:00:00,,93,637,638,10,100,139,82,154,0,116,7,9,24,1,2,2,0,18,6,1,2,0,273,2,131,8,231,0,31,81,2,1,4,2,0,2,0,0,0,0,,12800,26977,12864,8134,13075,16155,9447,9496,7152,8337,11985,24911,11077,7393,12243,14218,7721,7920,6464,7602,121,652,1363,495,506,1459,1332,1406,598,570,694,1414,424,246,326,478,394,170,90,165,yes,,2021-08-31 18:57:00.453000069,surveyor_jr,2021-08-31 18:57:00.453000069,surveyor_jr,"{'x': 0, 'y': 0, 'spatialReference': {'wkid': 4326, 'latestWkid': 4326}}"
51,52,379b5f4b-9d43-42de-8bd1-e462552c38a7,2021-08-30 10:00:00,,368,2471,343,133,802,181,173,138,448,242,13,43,16,5,18,14,11,6,14,4,6,77,58,51,0,0,512,54,45,62,0,6,5,1,0,0,1,2,0,0,,12813,27020,12880,8139,13093,16169,9458,9502,7166,8341,11991,24988,11135,7444,12243,14218,8233,7974,6509,7664,128,612,1316,448,524,1473,830,1356,567,512,694,1420,429,247,326,478,395,172,90,165,yes,,2021-08-31 19:08:49.269000053,surveyor_jr,2021-08-31 19:08:49.269000053,surveyor_jr,"{'x': 0, 'y': 0, 'spatialReference': {'wkid': 4326, 'latestWkid': 4326}}"
52,53,9129ed80-413b-451a-857c-d32a78db0af9,2021-08-31 10:00:00,,261,2268,408,89,526,453,184,247,496,491,24,36,26,7,24,9,18,19,18,11,9,84,57,47,133,3,186,98,14,27,0,2,1,0,0,0,0,0,0,0,,12837,27056,12906,8146,13117,16178,9476,9521,7184,8352,12000,25072,11192,7491,12376,14221,8419,8072,6523,7691,143,562,1284,408,415,1479,662,1277,571,496,694,1422,430,247,326,478,395,172,90,165,yes,,2021-09-04 17:24:01.447999954,surveyor_jr,2021-09-04 17:24:01.447999954,surveyor_jr,"{'x': 0, 'y': 0, 'spatialReference': {'wkid': 4326, 'latestWkid': 4326}}"
53,54,1fbbb615-6cbc-4a7b-8dd4-d808049107cd,2021-09-01 10:00:00,,314,2189,505,174,207,295,137,289,252,466,24,30,30,6,16,7,11,32,16,15,5,73,11,57,86,20,130,0,29,59,1,8,3,0,0,1,0,0,2,4,,12861,27086,12936,8152,13133,16185,9487,9553,7200,8367,12005,25145,11203,7548,12462,14241,8549,8072,6552,7750,161,511,1300,357,345,1465,543,1309,556,448,695,1430,433,247,326,479,395,172,92,169,yes,,2021-09-04 17:31:26.532999992,surveyor_jr,2021-09-04 17:31:26.532999992,surveyor_jr,"{'x': 29.8382444, 'y': -19.5174606, 'spatialReference': {'wkid': 4326, 'latestWkid': 4326}}"
54,55,b488cf2e-3658-4e20-865e-b769c3323986,2021-09-02 10:00:00,,165,2198,208,244,392,516,170,156,198,252,9,35,23,5,23,9,2,25,20,7,4,28,11,72,0,421,112,0,22,0,0,3,1,0,4,1,0,0,0,2,,12870,27121,12959,8157,13156,16194,9489,9578,7220,8374,12009,25173,11214,7620,1246,14662,8661,8072,6574,7750,166,515,1311,290,364,1052,433,1334,554,453,695,1433,434,247,330,480,395,172,92,171,yes,,2021-09-04 17:37:50.608999968,surveyor_jr,2021-09-04 17:37:50.608999968,surveyor_jr,"{'x': 0, 'y': 0, 'spatialReference': {'wkid': 4326, 'latestWkid': 4326}}"
55,56,9aed236d-c8e9-4fed-8b9a-ec737379a3a0,2021-09-03 10:00:00,,268,1094,511,180,192,592,213,176,302,50,15,11,73,5,34,7,16,6,21,25,8,72,28,28,62,2,177,0,45,20,1,3,3,0,0,1,0,0,0,0,,12885,27132,13032,8162,13190,16201,9505,9584,7241,8399,12017,25245,11242,7648,12524,14664,8838,8072,6619,7770,172,451,1353,267,336,1056,272,1340,530,458,696,1436,437,247,330,481,395,172,92,171,yes,,2021-09-04 17:43:06.411999941,surveyor_jr,2021-09-04 17:43:06.411999941,surveyor_jr,"{'x': 0, 'y': 0, 'spatialReference': {'wkid': 4326, 'latestWkid': 4326}}"
56,57,3af0fa50-c227-44cb-8e96-6aac6eb8f004,2021-09-04 10:00:00,,224,1027,158,140,190,545,189,144,87,0,17,19,17,4,16,3,4,3,5,6,4,15,268,5,50,51,17,0,19,21,3,2,0,0,2,0,0,0,0,2,,12902,27151,13049,8166,13206,16204,9509,9587,7246,8405,12021,25260,11510,7653,12574,14715,8855,8072,6638,7791,182,453,1102,266,300,1008,259,1343,516,441,699,1438,437,247,332,481,395,172,92,173,yes,,2021-09-04 20:39:27.480000019,surveyor_jr,2021-09-04 20:39:27.480000019,surveyor_jr,"{'x': 0, 'y': 0, 'spatialReference': {'wkid': 4326, 'latestWkid': 4326}}"
57,58,b7e412e3-f5ca-41fa-8d30-b67e9966d823,2021-09-05 10:00:00,,91,2243,170,63,71,28,66,154,34,27,12,6,28,6,6,3,11,41,2,10,6,26,11,1,35,52,86,1057,17,21,7,5,2,0,1,1,0,0,0,0,,12914,27157,13077,8172,13212,16207,9520,9628,7248,8415,12027,25286,11521,7654,12609,14767,8941,9129,6655,7812,181,428,1117,271,270,958,184,327,501,430,706,1443,439,247,333,482,395,172,92,173,yes,,2021-09-05 21:42:09.440000057,surveyor_jr,2021-09-05 21:42:09.440000057,surveyor_jr,"{'x': 0, 'y': 0, 'spatialReference': {'wkid': 4326, 'latestWkid': 4326}}"
58,59,3f39074d-21ee-44c8-872a-1353ade57a76,2021-09-07 10:00:00,,368,1614,421,125,173,254,204,193,238,110,9,12,35,3,32,6,3,0,18,7,5,37,55,10,0,50,43,0,149,71,1,5,0,0,0,1,0,0,1,2,,12933,27193,13132,8185,13263,16213,9527,9641,7282,8427,12035,25376,11649,7770,12684,14817,9060,9129,6822,8114,189,369,1043,168,245,911,70,340,367,135,709,1448,440,247,334,485,397,172,93,178,yes,,2021-09-08 07:17:01.627000093,surveyor_jr,2021-09-08 07:17:01.627000093,surveyor_jr,"{'x': 0, 'y': 0, 'spatialReference': {'wkid': 4326, 'latestWkid': 4326}}"
59,60,46508a78-2a83-4f89-88c6-f268511f4446,2021-09-06 10:00:00,,400,3094,228,155,468,144,401,365,605,474,10,24,20,10,19,0,4,13,16,5,3,53,73,106,75,0,76,0,18,231,2,0,1,0,1,2,2,0,0,3,,12924,27181,13097,8182,13231,16207,9524,9641,7264,8420,12030,25339,11594,7760,12684,14767,9017,9129,6673,8043,186,399,1063,175,213,956,110,340,499,201,708,1443,440,247,334,484,397,172,92,176,yes,,2021-09-08 07:22:21.971999884,surveyor_jr,2021-09-08 07:22:21.971999884,surveyor_jr,"{'x': 0, 'y': 0, 'spatialReference': {'wkid': 4326, 'latestWkid': 4326}}"
60,61,ee314201-3cee-40f9-84e7-482c76db291d,2021-09-08 10:00:00,,374,3337,257,556,682,245,229,272,374,166,12,21,32,1,23,4,2,30,1,9,5,38,48,1,39,0,0,195,29,11,2,4,4,0,1,0,2,0,1,0,,12945,27214,13164,8186,13286,16217,9529,9671,7283,8436,12040,25414,11697,7771,12723,14817,9060,9324,6851,8125,194,348,1023,168,228,915,70,175,338,133,711,1452,444,247,335,485,399,172,94,178,yes,,2021-09-09 06:45:09.259000063,surveyor_jr,2021-09-09 06:45:09.259000063,surveyor_jr,"{'x': 0, 'y': 0, 'spatialReference': {'wkid': 4326, 'latestWkid': 4326}}"
61,62,5008a52c-14cd-4fae-8443-f50193b4dc86,2021-09-09 10:00:00,,331,2628,194,222,199,158,210,320,367,76,5,10,27,4,8,6,13,25,24,3,9,38,135,1,0,15,0,6,24,9,1,2,1,0,0,0,0,0,0,0,,12950,27224,13191,8190,13294,16223,9542,9696,7307,8439,12049,25452,11832,7772,12723,14832,9060,9330,6875,8134,189,318,914,171,236,906,83,194,338,127,712,1454,445,247,335,485,399,172,94,178,yes,,2021-09-10 06:44:23.033999920,surveyor_jr,2021-09-10 06:44:23.033999920,surveyor_jr,"{'x': 0, 'y': 0, 'spatialReference': {'wkid': 4326, 'latestWkid': 4326}}"
62,63,38a2ec9e-fe01-44dd-8ed9-6730fba924b6,2021-09-10 10:00:00,,209,610,164,104,325,96,163,204,498,38,9,7,30,7,26,6,4,7,8,3,3,43,207,0,73,14,7,19,6,0,1,8,0,0,2,0,0,0,0,0,,12959,27231,13221,8197,13320,16229,9546,9703,7315,8442,12052,25495,12039,7772,12796,14846,9067,9349,6876,8134,194,274,737,178,187,898,80,182,340,130,712,1462,444,247,337,485,399,172,94,178,yes,,2021-09-11 00:26:09.549999952,surveyor_jr,2021-09-11 00:26:09.549999952,surveyor_jr,"{'x': 0, 'y': 0, 'spatialReference': {'wkid': 4326, 'latestWkid': 4326}}"
63,64,155df24d-f6b0-42ef-963a-adcf689a7ddf,2021-09-11 10:00:00,,255,1093,220,37,240,0,53,88,116,64,3,13,13,4,8,1,4,2,7,2,5,31,21,0,7,77,11,30,42,0,0,2,0,0,0,0,0,2,0,0,,12962,27244,13234,8201,13328,16230,9550,9705,7322,8444,12057,25526,12060,7772,12803,14923,9078,9379,6923,8134,192,254,729,182,188,822,73,152,305,132,713,1464,445,247,337,485,399,174,94,178,yes,,2021-09-11 19:36:25.381999969,surveyor_jr,2021-09-11 19:36:25.381999969,surveyor_jr,"{'x': 29.83863540995724, 'y': -19.517430350702504, 'spatialReference': {'wkid': 4326, 'latestWkid': 4326}}"
64,65,9c6e995f-f7bd-46b1-8cec-896ea1209914,2021-09-12 10:00:00,,92,1180,84,121,36,41,314,102,58,7,1,7,4,0,8,1,7,9,8,4,6,9,23,0,15,9,23,25,22,5,0,1,0,0,0,1,0,0,0,0,,12963,27251,13238,8201,13336,16231,9557,9714,7330,8448,12063,25535,12083,7772,12818,14932,9101,9404,6945,8139,187,251,710,182,181,813,57,136,291,131,713,1465,445,247,337,486,399,174,94,178,yes,,2021-09-12 22:15:56.811000109,surveyor_jr,2021-09-12 22:15:56.811000109,surveyor_jr,"{'x': 0, 'y': 0, 'spatialReference': {'wkid': 4326, 'latestWkid': 4326}}"
65,66,e35f500e-c002-4c5e-8fd2-dd393f8ba280,2021-09-13 10:00:00,,311,1829,359,209,117,177,187,356,355,163,14,12,20,5,28,7,6,25,5,8,9,40,60,75,0,32,21,6,14,0,1,1,1,0,2,0,0,0,0,0,,12977,27263,13258,8206,13364,16238,9563,9739,7335,8456,12072,25575,12143,7847,12818,14964,9122,9410,6959,8139,191,222,669,112,207,788,42,155,282,139,714,1466,446,247,339,486,399,174,94,178,yes,,2021-09-13 20:33:54.055999994,surveyor_jr,2021-09-13 20:33:54.055999994,surveyor_jr,"{'x': 0, 'y': 0, 'spatialReference': {'wkid': 4326, 'latestWkid': 4326}}"
66,67,7281c0e9-4c34-431d-8b0f-798ba959823c,2021-09-14 10:00:00,,118,2470,321,49,393,344,350,456,516,410,17,13,24,2,61,4,115,67,21,94,6,34,47,9,8,9,7,3,15,29,0,2,0,1,1,1,0,2,0,0,,12994,27276,13282,8208,13425,16242,9678,9806,7356,8550,12078,25609,12190,7856,12826,14973,9129,9413,6974,8168,202,199,646,104,259,782,150,217,288,204,714,1468,446,248,340,487,399,176,94,178,yes,,2021-09-14 19:58:27.884000063,surveyor_jr,2021-09-14 19:58:27.884000063,surveyor_jr,"{'x': 0, 'y': 0, 'spatialReference': {'wkid': 4326, 'latestWkid': 4326}}"
67,68,4a89059b-eff9-4f66-8fae-cfb5db754a96,2021-09-15 10:00:00,,374,3337,451,333,320,134,263,357,243,670,6,10,45,7,20,2,47,52,16,61,10,26,335,1,66,3,0,0,91,39,0,0,0,1,0,0,0,0,0,0,,13000,27286,13327,8215,13445,16244,9725,9858,7372,8611,12088,25635,12525,7857,12892,14976,9129,9413,7065,8207,198,183,356,109,213,781,197,269,213,226,714,1468,446,249,340,487,399,176,94,178,yes,,2021-09-15 20:34:55.720999956,surveyor_jr,2021-09-15 20:34:55.720999956,surveyor_jr,"{'x': 0, 'y': 0, 'spatialReference': {'wkid': 4326, 'latestWkid': 4326}}"
68,69,4555e613-fa9d-4544-8211-091b0d98578a,2021-09-16 10:00:00,,8,14,31,5,22,2,59,65,7,72,10,29,36,2,0,33,0,54,8,41,10,29,36,2,0,33,0,54,8,41,0,0,4,3,0,1,0,0,1,0,,13008,27300,13358,8220,13467,16246,9784,9923,7379,8683,12098,25664,12561,7859,12892,15009,9129,9467,7073,8248,196,168,347,109,235,749,256,280,211,257,714,1468,450,252,340,488,399,176,95,178,yes,,2021-09-17 06:49:19.040999889,surveyor_jr,2021-09-17 06:49:19.040999889,surveyor_jr,"{'x': 0, 'y': 0, 'spatialReference': {'wkid': 4326, 'latestWkid': 4326}}"
69,70,3c79bd19-c927-4f4e-8f03-f2b4181932fc,2021-09-17 10:00:00,,512,2073,306,65,340,92,564,445,154,29,4,25,38,5,27,2,103,49,4,7,7,25,35,3,15,2,0,13,5,1,1,0,1,0,0,0,0,0,0,0,,13012,27325,13396,8225,13494,16248,9887,9972,7383,8690,12105,25689,12596,7862,12907,15011,9129,9480,7078,8299,192,168,349,111,247,749,359,316,210,213,715,1468,451,252,340,488,399,176,95,178,yes,,2021-09-17 23:19:50.690000057,surveyor_jr,2021-09-17 23:19:50.690000057,surveyor_jr,"{'x': 0, 'y': 0, 'spatialReference': {'wkid': 4326, 'latestWkid': 4326}}"
70,71,2bd4e954-b26b-4e7b-8aed-76267b005287,2021-09-19 10:00:00,,243,870,81,14,0,31,352,183,115,134,7,12,6,0,38,0,8,42,1,85,15,28,18,0,0,496,47,7,10,62,0,2,1,0,1,0,0,0,0,0,,13026,27345,13427,8226,13550,16249,9905,10037,7388,8785,12132,25738,12630,7862,12926,15507,9176,9497,7096,8382,179,137,345,112,283,254,329,364,197,225,715,1470,452,252,341,488,400,176,95,178,yes,,2021-09-19 20:26:13.924000025,surveyor_jr,2021-09-19 20:26:13.924000025,surveyor_jr,"{'x': 0, 'y': 0, 'spatialReference': {'wkid': 4326, 'latestWkid': 4326}}"
71,72,70641d9c-eda1-4664-8e7e-a3c7fb4998d1,2021-09-18 10:00:00,,319,831,132,41,0,174,992,277,36,741,7,8,25,1,18,1,10,23,4,10,12,21,16,0,19,0,0,10,8,21,0,0,0,0,0,0,1,0,0,0,,13019,27333,13421,8226,13512,16249,9897,9995,7387,8700,12117,25710,12612,7862,12926,15011,9129,9490,7086,8320,187,155,358,112,246,750,368,329,206,202,715,1468,451,252,340,488,400,176,95,178,yes,,2021-09-19 20:29:35.006000042,surveyor_jr,2021-09-19 20:29:35.006000042,surveyor_jr,"{'x': 0, 'y': 0, 'spatialReference': {'wkid': 4326, 'latestWkid': 4326}}"
72,73,4706c89d-9e77-46c8-807b-64927bbbc2eb,2021-09-20 10:00:00,,143,914,289,205,215,37,282,809,768,47,18,8,28,7,27,1,57,74,12,16,9,24,17,6,47,0,0,2,9,38,1,1,0,0,0,0,0,0,0,0,,13044,27353,13455,8233,13577,16250,9962,10111,7400,8801,12141,25762,12647,7868,12973,15507,9176,9499,7105,8420,187,120,356,113,263,255,386,436,200,203,716,1471,452,252,341,488,400,176,95,178,yes,,2021-09-20 20:37:48.890000105,surveyor_jr,2021-09-20 20:37:48.890000105,surveyor_jr,"{'x': 0, 'y': 0, 'spatialReference': {'wkid': 4326, 'latestWkid': 4326}}"
73,74,700396e1-05c4-4c49-858c-fbe09041a620,2021-09-21 10:00:00,,385,2487,524,152,220,203,583,1009,544,44,28,3,18,8,52,7,14,103,41,4,13,12,4,8,0,229,37,2,8,29,2,2,1,1,0,1,0,0,0,0,,13072,27356,13473,8241,13629,16257,9976,10214,7441,8805,12154,25774,12651,7876,12973,15736,9213,9501,7132,8449,200,109,369,112,315,32,363,537,233,178,718,1473,453,253,341,489,400,176,95,178,yes,,2021-09-22 06:18:39.931999922,surveyor_jr,2021-09-22 06:18:39.931999922,surveyor_jr,"{'x': 0, 'y': 0, 'spatialReference': {'wkid': 4326, 'latestWkid': 4326}}"
74,75,754a1588-6523-4bb5-86cb-9f0d240909af,2021-09-21 10:00:00,,385,2487,524,152,220,203,583,1009,544,44,28,3,18,8,52,7,14,103,41,4,13,12,4,8,0,229,37,2,8,29,2,2,1,1,0,1,0,0,0,0,,13072,27356,13473,8241,13629,16257,9976,10214,7441,8805,12154,25774,12651,7876,12973,15736,9213,9501,7132,8449,200,109,369,112,315,32,363,537,233,178,718,1473,453,253,341,489,400,176,95,178,yes,,2021-09-22 06:20:22.503999949,surveyor_jr,2021-09-22 06:20:22.503999949,surveyor_jr,"{'x': 0, 'y': 0, 'spatialReference': {'wkid': 4326, 'latestWkid': 4326}}"
75,76,6812190f-c3fb-43ee-8cec-18ce32832e7b,2021-09-22 10:00:00,,589,1691,515,527,272,278,509,608,243,99,14,14,54,21,58,3,54,89,15,16,11,22,4,5,34,0,63,9,18,47,1,11,1,0,1,0,2,0,0,0,,13086,27370,13527,8262,13687,16260,10030,10303,7458,8821,12165,25796,12655,7881,13007,15736,9276,9510,7131,8496,202,90,418,128,338,35,352,617,232,147,719,1484,454,253,342,489,402,176,95,178,yes,,2021-09-23 06:14:07.250000000,surveyor_jr,2021-09-23 06:14:07.250000000,surveyor_jr,"{'x': 0, 'y': 0, 'spatialReference': {'wkid': 4326, 'latestWkid': 4326}}"
76,77,ce2ebef1-30fd-4f52-8ce1-b024b64fead4,2021-09-23 10:00:00,,611,1866,343,494,362,381,530,639,0,19,8,2,31,93,61,7,35,68,25,0,13,10,117,0,0,0,0,25,6,17,1,1,1,0,0,1,1,2,1,0,,13094,27372,13558,8355,13748,16267,10065,10371,7483,8821,12178,25806,12772,7881,13007,15736,9276,9535,7137,8513,196,81,331,221,399,41,386,658,250,130,720,1485,455,253,342,490,403,178,96,178,yes,,2021-09-24 06:30:31.592999935,surveyor_jr,2021-09-24 06:30:31.592999935,surveyor_jr,"{'x': 0, 'y': 0, 'spatialReference': {'wkid': 4326, 'latestWkid': 4326}}"
77,78,717be921-a6d6-4163-855c-69e5908fbe26,2021-09-24 10:00:00,,363,2964,376,119,906,172,434,484,454,254,10,16,17,1,52,9,8,65,31,17,8,8,5,4,15,3,0,67,17,23,0,0,0,0,0,0,0,1,0,1,,13104,27388,13575,8356,13800,16276,10073,10436,7514,8838,12186,25814,12777,7885,13022,15739,9276,9602,7154,8540,198,89,343,218,436,47,393,656,264,119,720,1485,455,253,342,490,404,178,96,179,yes,,2021-09-25 20:19:41.562999964,surveyor_jr,2021-09-25 20:19:41.562999964,surveyor_jr,"{'x': 0, 'y': 0, 'spatialReference': {'wkid': 4326, 'latestWkid': 4326}}"
78,79,ef19af85-e4a3-44ec-8776-0d19de8b777a,2021-09-26 10:00:00,,75,1147,226,46,202,81,122,171,164,14,7,8,21,15,5,1,6,23,34,0,9,7,32,0,0,0,0,65,8,0,0,0,0,0,1,0,0,0,0,0,,13119,27399,13620,8371,13811,16279,10095,10487,7604,8840,12206,25821,12815,7885,13025,15739,9330,9719,7169,8540,193,92,350,233,443,50,361,590,339,121,720,1486,455,253,343,490,404,178,96,179,yes,,2021-09-27 06:27:50.825999975,surveyor_jr,2021-09-27 06:27:50.825999975,surveyor_jr,"{'x': 0, 'y': 0, 'spatialReference': {'wkid': 4326, 'latestWkid': 4326}}"
79,80,8c26403c-3eea-44dd-804c-ca657a613189,2021-09-25 10:00:00,,147,1559,305,112,547,119,540,297,267,52,8,3,24,0,6,2,16,28,56,2,11,0,6,0,3,0,54,52,7,0,0,1,0,0,0,0,0,0,0,0,,13112,27391,13599,8356,13806,16278,10089,10464,7570,8840,12197,25814,12783,7885,13025,15739,9330,9654,7161,8540,195,91,361,218,439,49,355,632,313,121,720,1486,455,253,342,490,404,178,96,179,yes,,2021-09-27 06:34:11.426000118,surveyor_jr,2021-09-27 06:34:11.426000118,surveyor_jr,"{'x': 0, 'y': 0, 'spatialReference': {'wkid': 4326, 'latestWkid': 4326}}"
80,81,36f36047-e747-433d-86f7-2a2e61dff080,2021-09-27 10:00:00,,392,1446,487,218,1001,70,393,355,842,136,16,7,33,18,101,4,0,33,63,19,5,12,30,33,19,0,43,23,11,21,1,2,0,0,0,0,0,0,0,0,,13135,27406,13653,8389,13912,16283,10095,10520,7667,8859,12211,25833,12845,7918,13044,15739,9373,9742,7180,8561,203,85,353,218,525,54,318,600,391,119,721,1488,455,253,343,490,404,178,96,179,yes,,2021-09-28 21:01:30.687999964,surveyor_jr,2021-09-28 21:01:30.687999964,surveyor_jr,"{'x': 0, 'y': 0, 'spatialReference': {'wkid': 4326, 'latestWkid': 4326}}"
81,82,abcc167d-3dd8-4140-80d4-9682e52645eb,2021-09-30 10:00:00,,280,2792,302,378,453,243,161,380,408,1113,4,9,22,2,15,3,5,51,10,214,9,14,22,23,0,4,34,103,6,42,0,2,0,1,0,1,0,0,1,2,,13160,27439,13758,8445,14033,16302,10118,10643,7791,9131,12236,25871,12879,7956,13087,15747,9407,9961,7201,8671,201,75,424,235,603,64,307,504,491,277,723,1493,455,254,343,491,404,178,99,183,yes,,2021-10-01 06:13:28.174000025,surveyor_jr,2021-10-01 06:13:28.174000025,surveyor_jr,"{'x': 0, 'y': 0, 'spatialReference': {'wkid': 4326, 'latestWkid': 4326}}"
82,83,354379cb-85cf-40c7-8ef6-68dc37acfed9,2021-09-29 10:00:00,,340,3549,473,217,159,128,162,340,351,356,9,16,12,8,21,6,5,26,52,58,7,11,9,12,8,4,0,74,4,9,1,0,0,0,0,0,0,0,0,0,,13156,27430,13736,8443,14018,16299,10113,10592,7781,8917,12227,25857,12857,7933,13087,15743,9373,9858,7195,8629,206,82,424,257,588,66,336,556,488,107,723,1491,455,253,343,490,404,178,98,181,yes,,2021-10-01 06:21:49.901000023,surveyor_jr,2021-10-01 06:21:49.901000023,surveyor_jr,"{'x': 0, 'y': 0, 'spatialReference': {'wkid': 4326, 'latestWkid': 4326}}"
83,84,102b01a6-bfd0-4d95-8457-34b7ba3ba3e3,2021-09-28 10:00:00,,499,1594,621,152,414,140,141,495,455,15,12,8,71,46,85,10,13,46,62,0,9,13,3,3,35,0,0,42,11,59,1,3,0,0,0,0,0,0,2,2,,13147,27414,13724,8435,13997,16293,10108,10566,7729,8859,12220,25846,12848,7921,13079,15739,9373,9784,7191,8620,205,77,421,261,575,64,331,604,440,58,722,1491,455,253,343,490,404,178,98,181,yes,,2021-10-01 06:26:09.963000059,surveyor_jr,2021-10-01 06:26:09.963000059,surveyor_jr,"{'x': 0, 'y': 0, 'spatialReference': {'wkid': 4326, 'latestWkid': 4326}}"
84,85,ef2d1e0e-6800-4efb-8088-492fdb31b947,2021-10-03 10:00:00,,87,1047,81,6,151,14,135,0,482,13,2,1,5,0,4,1,2,8,8,4,9,10,71,2,22,0,0,65,17,54,0,0,0,0,1,0,0,1,0,0,,13170,27452,13871,8446,14074,16310,10130,10689,7837,9145,12263,25896,12964,8046,13196,15747,9486,10183,7259,8747,183,62,452,146,534,72,240,327,479,220,724,1494,455,254,344,491,404,179,99,183,yes,,2021-10-04 06:14:30.341000080,surveyor_jr,2021-10-04 06:14:30.341000080,surveyor_jr,"{'x': 0, 'y': 0, 'spatialReference': {'wkid': 4326, 'latestWkid': 4326}}"
85,86,4b784fd0-1a4e-42a5-8242-e066a46473b8,2021-10-02 10:00:00,,320,2088,296,52,0,50,759,95,0,156,6,2,24,0,4,0,0,10,5,15,11,4,0,13,0,0,0,68,21,22,1,0,0,0,0,0,0,0,0,0,,13168,27451,13866,8446,14070,16309,10128,10681,7829,9141,12254,25886,12893,8044,13174,15747,9486,10118,7242,8693,190,71,518,148,553,71,238,385,488,270,724,1494,455,254,343,491,404,178,99,183,yes,,2021-10-04 06:20:18.805000067,surveyor_jr,2021-10-04 06:20:18.805000067,surveyor_jr,"{'x': 0, 'y': 0, 'spatialReference': {'wkid': 4326, 'latestWkid': 4326}}"
86,87,85abad7c-6431-45d7-8386-f644ee898292,2021-10-01 10:00:00,,94,760,524,87,349,1057,98,467,253,47,2,10,84,1,33,7,10,28,33,0,7,11,14,75,87,0,79,89,20,0,0,1,0,0,0,0,0,0,0,0,,13162,27449,13842,8446,14066,16309,10128,10671,7824,9131,12243,25882,12893,8031,13174,15747,9486,10050,7221,8671,196,73,494,161,549,71,238,443,504,277,723,1494,455,254,343,491,404,178,99,183,yes,,2021-10-04 06:24:41.941999912,surveyor_jr,2021-10-04 06:24:41.941999912,surveyor_jr,"{'x': 0, 'y': 0, 'spatialReference': {'wkid': 4326, 'latestWkid': 4326}}"
87,88,4f219237-fe1b-4745-8f7e-337c606a6d22,2021-10-04 10:00:00,,0,0,398,362,215,503,172,288,168,32,3,4,22,2,11,1,11,13,5,4,12,7,33,1,0,0,43,28,20,16,0,0,0,0,0,0,0,0,0,0,,13173,27456,13893,8448,14085,16311,10141,10702,7842,9154,12275,25903,12997,8047,13196,15747,9529,10211,7279,8763,174,59,441,147,545,73,208,312,464,208,724,1494,455,254,344,491,404,179,99,183,yes,,2021-10-05 06:24:18.437999964,surveyor_jr,2021-10-05 06:24:18.437999964,surveyor_jr,"{'x': 0, 'y': 0, 'spatialReference': {'wkid': 4326, 'latestWkid': 4326}}"
88,89,b849c696-d560-42d4-81db-acb03eb4a014,2021-10-06 10:00:00,,243,1927,466,198,0,238,354,337,251,37,5,4,24,0,11,4,9,22,17,3,7,14,0,23,41,3,51,33,17,29,1,0,0,0,0,0,0,0,0,0,,13181,27467,13955,8450,14113,16320,10154,10754,7883,9157,12296,25919,13041,8093,13244,15750,9580,10267,7332,8809,159,54,459,102,525,79,170,308,452,165,726,1494,455,255,344,491,404,179,99,183,yes,,2021-10-07 06:26:18.582000017,surveyor_jr,2021-10-07 06:26:18.582000017,surveyor_jr,"{'x': 0, 'y': 0, 'spatialReference': {'wkid': 4326, 'latestWkid': 4326}}"
89,90,ec5f6502-7d82-48f5-8c97-0ffa3eee505f,2021-10-05 10:00:00,,186,1052,278,165,150,0,111,390,258,46,3,7,38,2,17,5,4,30,24,0,14,2,44,23,7,0,0,23,36,17,1,0,0,1,0,0,0,0,0,0,,13176,27463,13931,8450,14102,16316,10145,10732,7866,9154,12289,25905,13041,8070,13203,15747,9529,10234,7315,8780,162,64,435,125,555,78,212,319,452,191,725,1494,455,255,344,491,404,179,99,183,yes,,2021-10-07 06:30:23.276999950,surveyor_jr,2021-10-07 06:30:23.276999950,surveyor_jr,"{'x': 0, 'y': 0, 'spatialReference': {'wkid': 4326, 'latestWkid': 4326}}"
90,91,5488c12f-31c4-44aa-867c-7e86be9b0552,2021-10-07 10:00:00,,897,2536,376,301,0,276,249,267,336,174,5,5,30,2,11,3,4,16,4,9,7,2,42,52,72,0,0,46,104,29,0,0,0,0,0,0,0,1,0,0,,13186,27472,13985,8452,14124,16323,10158,10770,7887,9166,12303,25921,13083,8145,13316,15750,9580,10313,7436,8838,157,57,447,52,464,82,174,277,352,145,726,1494,455,255,344,491,404,180,99,183,yes,,2021-10-08 06:50:41.918999910,surveyor_jr,2021-10-08 06:50:41.918999910,surveyor_jr,"{'x': 0, 'y': 0, 'spatialReference': {'wkid': 4326, 'latestWkid': 4326}}"
91,92,7b410645-382d-4c06-834d-c2e05af480a3,2021-10-08 10:00:00,,273,1344,349,158,356,153,165,398,177,307,17,11,16,0,10,4,5,34,85,0,6,11,44,10,0,1,43,0,36,0,0,2,0,1,0,0,0,0,0,0,,13203,27483,14001,8452,14134,16327,10163,10804,7972,9166,12309,25932,13127,8185,13316,15751,9623,10313,7472,8838,168,55,419,11,474,85,136,311,401,145,726,1496,455,256,344,491,404,180,99,183,yes,,2021-10-11 06:38:19.187000036,surveyor_jr,2021-10-11 06:38:19.187000036,surveyor_jr,"{'x': 0, 'y': 0, 'spatialReference': {'wkid': 4326, 'latestWkid': 4326}}"
92,93,5a19575b-095e-47e3-8113-db641c12b7e8,2021-10-09 10:00:00,,425,1766,203,60,133,0,179,148,545,0,2,3,15,0,5,17,0,11,4,0,12314,25937,13127,8195,13316,15768,9623,10390,7519,8838,0,1,0,0,0,1,0,0,0,0,,13205,27486,14016,8452,14139,16344,10163,10815,7976,9166,12314,25937,13127,8195,13316,15768,9623,10390,7519,8838,165,52,434,1,479,84,136,245,358,145,726,1497,455,256,344,492,404,180,99,183,yes,,2021-10-11 06:43:10.269999981,surveyor_jr,2021-10-11 06:43:10.269999981,surveyor_jr,"{'x': 0, 'y': 0, 'spatialReference': {'wkid': 4326, 'latestWkid': 4326}}"
93,94,aeeef88c-8b1e-4fb0-8c27-29f36fa26271,2021-10-10 10:00:00,,205,1016,165,18,155,69,26,181,14,13,3,5,13,1,2,1,0,5,4,0,9,11,120,1,6,0,0,28,26,0,0,0,0,0,0,0,0,1,0,0,,13208,27491,14029,8453,14141,16345,10163,10820,7980,9166,12323,25948,13247,8196,13322,15768,9623,10418,7545,8838,159,46,327,1,475,85,136,221,336,145,726,1497,455,256,344,492,404,181,99,183,yes,,2021-10-11 06:47:38.346999884,surveyor_jr,2021-10-11 06:47:38.346999884,surveyor_jr,"{'x': 0, 'y': 0, 'spatialReference': {'wkid': 4326, 'latestWkid': 4326}}"
94,95,57ce813f-6b50-4d00-8668-6db5c5523890,2021-10-11 10:00:00,,456,1297,400,192,0,503,355,206,568,42,7,6,6,6,14,0,13,8,15,4,10,6,42,0,51,5,64,10,36,27,0,5,0,1,0,0,0,0,0,0,,13215,27497,14035,8459,14155,16345,10176,10828,7995,9170,12333,25954,13289,8196,13373,15773,9687,10428,7581,8865,156,41,291,6,438,80,85,219,315,122,726,1502,455,257,344,492,404,181,99,183,yes,,2021-10-12 06:48:48.829999924,surveyor_jr,2021-10-12 06:48:48.829999924,surveyor_jr,"{'x': 0, 'y': 0, 'spatialReference': {'wkid': 4326, 'latestWkid': 4326}}"
95,96,3bda5e08-feec-436f-8b22-3c7c055f9201,2021-10-13 10:00:00,,315,2432,867,230,635,71,508,362,776,50,5,8,13,0,19,1,6,15,23,2,10,8,7,0,0,0,43,13,45,23,0,2,0,1,0,0,0,0,0,0,,13223,27511,14111,8462,14184,16354,10191,10864,8032,9176,12348,25962,13297,8196,13434,15775,9730,10449,7746,8905,149,45,359,7,406,87,57,233,187,88,726,1504,455,259,344,492,404,182,99,183,yes,,2021-10-14 06:03:33.694999933,surveyor_jr,2021-10-14 06:03:33.694999933,surveyor_jr,"{'x': 0, 'y': 0, 'spatialReference': {'wkid': 4326, 'latestWkid': 4326}}"
96,97,41bd43ab-91bf-403d-835f-afc610e85f64,2021-10-12 10:00:00,,262,2274,252,212,179,154,263,371,847,45,3,6,63,3,10,8,9,21,14,4,5,0,1,0,61,2,0,8,120,17,0,0,0,1,0,0,0,1,0,0,,13218,27503,14098,8462,14165,16353,10185,10849,8009,9174,12338,25954,13290,8196,13434,15775,9687,10436,7701,8882,154,47,353,8,387,86,94,231,209,109,726,1502,455,258,344,492,404,182,99,183,yes,,2021-10-14 06:08:54.637000084,surveyor_jr,2021-10-14 06:08:54.637000084,surveyor_jr,"{'x': 0, 'y': 0, 'spatialReference': {'wkid': 4326, 'latestWkid': 4326}}"
97,98,3d1c3cee-f77d-423d-8afe-78013900f209,2021-10-17 10:00:00,,110,665,145,13,0,14,92,104,81,0,5,0,14,0,0,0,0,9,7,0,19,1,0,2,3,12,0,34,15,9,0,0,0,0,0,0,0,0,1,0,,13235,27540,14179,8463,14197,16361,10201,10906,8098,9188,12404,25992,13412,8198,13444,15791,9763,10565,7779,8960,104,43,307,6,408,78,34,158,219,45,727,1505,460,259,345,492,404,183,100,183,yes,,2021-10-18 06:21:48.207000017,surveyor_jr,2021-10-18 06:21:48.207000017,surveyor_jr,"{'x': 0, 'y': 0, 'spatialReference': {'wkid': 4326, 'latestWkid': 4326}}"
98,99,4fe53adb-1829-4f3b-8c80-e93614bbdb80,2021-10-16 10:00:00,,203,2002,218,23,230,93,0,129,126,39,2,13,14,0,0,2,4,5,4,4,23,8,81,0,0,0,0,52,8,7,1,0,1,0,0,0,0,0,0,0,,13230,27540,14165,8463,14197,16361,10201,10897,8091,9188,12385,25991,13412,8196,13441,15779,9763,10531,7764,8951,118,44,293,8,411,90,34,183,228,54,727,1505,460,259,345,492,404,183,99,183,yes,,2021-10-18 06:26:06.486999989,surveyor_jr,2021-10-18 06:26:06.486999989,surveyor_jr,"{'x': 0, 'y': 0, 'spatialReference': {'wkid': 4326, 'latestWkid': 4326}}"
99,100,8ad5fd6c-6d1c-4944-82c8-35ea5b501a49,2021-10-15 10:00:00,,320,1508,216,72,955,71,173,209,747,161,0,3,11,0,5,3,5,3,3,1,8,12,0,0,0,4,33,0,4,17,0,0,0,0,0,0,0,0,0,0,,13228,27527,14151,8463,14197,16359,10197,10892,8087,9184,12362,25983,13331,8196,13441,15779,9763,10479,7756,8944,140,39,361,8,411,88,30,230,232,57,726,1505,459,259,345,492,404,183,99,183,yes,,2021-10-18 06:30:20.378000021,surveyor_jr,2021-10-18 06:30:20.378000021,surveyor_jr,"{'x': 0, 'y': 0, 'spatialReference': {'wkid': 4326, 'latestWkid': 4326}}"
100,101,aaa49c2f-3255-4463-8d28-eeebe33f8678,2021-10-14 10:00:00,,282,1533,440,381,543,179,374,468,489,18,5,13,29,1,8,2,1,25,52,7,6,9,34,0,7,0,0,30,6,22,0,1,4,0,1,0,0,1,0,0,,13228,27524,14140,8463,14192,16356,10192,10889,8084,9183,12354,25971,13331,8196,13441,15775,9730,10479,7752,8927,148,48,350,8,406,89,58,227,233,73,726,1505,459,259,345,492,404,183,99,183,yes,,2021-10-18 06:34:31.549000025,surveyor_jr,2021-10-18 06:34:31.549000025,surveyor_jr,"{'x': 0, 'y': 0, 'spatialReference': {'wkid': 4326, 'latestWkid': 4326}}"
101,102,d384693a-72e9-457c-865d-900e14b1c580,2021-10-18 10:00:00,,493,2116,308,189,181,108,80,273,74,17,1,1,10,0,4,2,0,11,7,1,26,4,18,0,73,19,0,11,28,0,0,1,0,0,0,0,0,0,0,0,,13236,27541,14189,8463,14201,16363,10201,10917,8105,9189,12430,25996,13430,8198,13517,15810,9763,10576,7807,8960,79,39,299,6,339,61,34,158,198,46,727,1506,460,259,345,492,404,183,100,183,yes,,2021-10-19 06:47:40.075999975,surveyor_jr,2021-10-19 06:47:40.075999975,surveyor_jr,"{'x': 0, 'y': 0, 'spatialReference': {'wkid': 4326, 'latestWkid': 4326}}"
102,103,f10e93dd-652d-457d-863c-eca48a132652,2021-10-19 10:00:00,,188,1349,177,212,0,107,189,222,496,29,6,4,2,0,1,10,1,3,5,0,3,5,5,0,45,0,0,5,71,0,0,0,0,0,0,0,0,0,0,0,,13242,27545,14191,8463,14202,16373,10202,10920,8110,9189,12433,26001,13435,8198,13562,15810,9763,10581,7878,8960,82,38,296,6,295,71,35,156,132,46,727,1506,460,259,345,492,404,183,100,183,yes,,2021-10-20 09:18:54.441999912,surveyor_jr,2021-10-20 09:18:54.441999912,surveyor_jr,"{'x': 0, 'y': 0, 'spatialReference': {'wkid': 4326, 'latestWkid': 4326}}"
103,104,0407889d-623d-42b5-8805-177cf76f929a,2021-10-20 10:00:00,,272,1180,0,122,197,68,194,140,0,21,7,5,3,0,14,0,0,5,14,2,18,4,0,0,0,0,0,8,18,0,1,0,0,0,0,0,0,0,0,0,,13249,27550,14194,8463,14216,16373,10202,10925,8124,9191,12451,26005,13435,8198,13562,15810,9763,10589,7896,8960,70,39,299,6,309,71,35,153,128,48,728,1506,460,259,345,492,404,183,100,183,yes,,2021-10-21 07:01:44.164999962,surveyor_jr,2021-10-21 07:01:44.164999962,surveyor_jr,"{'x': 0, 'y': 0, 'spatialReference': {'wkid': 4326, 'latestWkid': 4326}}"
104,105,eb488e6f-9009-406b-8a92-802354161b5d,2021-10-21 10:00:00,,293,1542,242,114,0,80,132,0,362,16,12,4,6,0,10,0,2,8,11,0,24,4,31,0,9,0,0,21,18,0,1,0,0,0,0,1,0,0,0,0,,13261,27554,14200,8463,14226,16373,10204,10933,8135,9191,12475,26009,13466,8198,13571,15810,9763,10610,7914,8960,57,39,274,6,310,70,37,140,121,48,729,1506,460,259,345,493,404,183,100,183,yes,,2021-10-22 06:47:24.799000025,surveyor_jr,2021-10-22 06:47:24.799000025,surveyor_jr,"{'x': 0, 'y': 0, 'spatialReference': {'wkid': 4326, 'latestWkid': 4326}}"
105,106,f53206e5-b319-40f0-8899-d3fd09ed9804,2021-10-22 10:00:00,,321,1508,452,65,156,55,460,483,322,50,6,3,3,8,10,0,1,11,6,0,10,7,9,0,150,0,0,15,11,0,0,1,0,0,0,0,0,0,0,0,,13267,27557,14203,8471,14236,16373,10205,10944,8141,9191,12485,26016,13475,8198,13721,15810,9763,10625,7925,8960,53,34,268,14,170,70,38,136,116,48,729,1507,460,259,345,493,404,183,100,183,yes,,2021-10-23 07:51:44.914999962,surveyor_jr,2021-10-23 07:51:44.914999962,surveyor_jr,"{'x': 0, 'y': 0, 'spatialReference': {'wkid': 4326, 'latestWkid': 4326}}"
106,107,10fde7d0-f46e-44a3-86fa-f944ecf754bc,2021-10-23 10:00:00,,263,1413,314,20,196,525,57,188,169,38,8,2,11,1,3,0,0,8,2,2,18,0,74,0,0,0,0,25,35,0,2,3,0,0,0,0,0,0,0,0,,13275,27559,14214,8472,14239,16373,10205,10952,8143,9193,12493,26016,13549,8198,13721,15810,9763,10650,7960,8960,51,33,205,15,173,70,38,119,83,50,731,1510,460,259,345,493,404,183,100,183,yes,,2021-10-24 06:15:31.526000023,surveyor_jr,2021-10-24 06:15:31.526000023,surveyor_jr,"{'x': 0, 'y': 0, 'spatialReference': {'wkid': 4326, 'latestWkid': 4326}}"
107,108,0fc62cea-57bc-4dbc-8a3a-4d844832230b,2021-10-24 10:00:00,,97,640,40,1,150,39,58,210,234,26,1,2,4,0,3,0,0,13,0,3,6,5,20,0,74,40,0,3,30,0,0,0,1,0,0,0,0,0,0,0,,13276,27561,14218,8472,14242,16373,10205,10965,8143,9196,12499,26021,13569,8198,13795,15850,9763,10653,7990,8960,46,30,188,15,102,30,38,129,53,53,731,1510,461,259,345,493,404,183,100,183,yes,,2021-10-25 06:32:21.265000105,surveyor_jr,2021-10-25 06:32:21.265000105,surveyor_jr,"{'x': 0, 'y': 0, 'spatialReference': {'wkid': 4326, 'latestWkid': 4326}}"
108,109,beec4a6b-c0d7-4b0d-8237-8cb83c09cdbd,2021-10-25 10:00:00,,445,1462,306,176,0,26,162,534,182,6,4,0,13,1,2,3,0,11,3,0,7,6,29,2,0,0,35,5,51,0,3,1,0,0,0,0,0,0,0,0,,13280,27561,14231,8473,14244,16376,10205,10976,8146,9196,12506,26027,13598,8200,13795,15850,9798,10658,8041,8960,40,23,172,14,104,33,3,135,5,53,734,1511,461,259,345,493,404,183,100,183,yes,,2021-10-26 06:05:30.382999897,surveyor_jr,2021-10-26 06:05:30.382999897,surveyor_jr,"{'x': 0, 'y': 0, 'spatialReference': {'wkid': 4326, 'latestWkid': 4326}}"
109,110,56a90e50-3ef3-4998-8af0-aa450432e8e0,2021-10-26 10:00:00,,155,754,288,164,195,97,248,0,474,37,1,2,4,0,3,1,0,18,2,5,3,6,10,3,14,10,0,9,0,9,0,0,1,0,0,0,0,0,0,0,,13281,27563,14235,8473,14247,16377,10205,10994,8148,9201,12509,26033,13608,8203,13809,15860,9798,10667,8041,8969,38,19,165,11,93,24,3,144,7,49,734,1511,462,259,345,493,404,183,100,183,yes,,2021-10-27 06:36:11.270999908,surveyor_jr,2021-10-27 06:36:11.270999908,surveyor_jr,"{'x': 0, 'y': 0, 'spatialReference': {'wkid': 4326, 'latestWkid': 4326}}"
110,111,d9035352-3da4-48da-8333-dc2f90348abd,2021-10-27 10:00:00,,266,2372,227,93,108,76,283,288,188,129,0,1,48,1,4,0,2,16,12,0,5,0,3,1,3,0,0,11,0,0,0,1,0,0,0,0,0,0,0,0,,13281,27564,14283,8474,14251,16377,10207,11010,8160,9201,12514,26033,13611,8204,13812,15860,9798,10678,8041,8969,33,19,210,11,94,24,5,149,19,49,734,1512,462,259,345,493,404,183,100,183,yes,,2021-10-28 06:21:41.644999981,surveyor_jr,2021-10-28 06:21:41.644999981,surveyor_jr,"{'x': 0, 'y': 0, 'spatialReference': {'wkid': 4326, 'latestWkid': 4326}}"
111,112,3b0498ae-952b-4207-854a-47164ba3a9f7,2021-10-29 10:00:00,,264,942,554,91,140,0,240,206,285,18,2,1,33,0,3,0,0,4,3,0,0,3,4,2,0,0,0,3,0,0,0,0,0,0,0,0,0,0,0,0,,13286,27568,14334,8474,14261,16387,10210,11035,8168,9203,12519,26036,13627,8206,13812,15860,9798,10740,8041,8969,33,20,245,9,104,34,8,112,27,51,734,1512,462,259,345,493,404,183,100,183,yes,,2021-10-30 19:04:53.759999990,surveyor_jr,2021-10-30 19:04:53.759999990,surveyor_jr,"{'x': 0, 'y': 0, 'spatialReference': {'wkid': 4326, 'latestWkid': 4326}}"
112,113,85795c06-2af2-4e76-81bb-3ebc6113bb74,2021-10-28 10:00:00,,252,1919,660,160,247,154,138,0,401,35,3,3,18,0,7,10,3,21,5,2,5,0,12,0,0,0,0,59,0,0,0,0,0,0,0,0,0,0,0,0,,13284,27567,14301,8474,14258,16387,10210,11031,8165,9203,12519,26033,13623,8204,13812,15860,9798,10737,8041,8969,31,22,216,11,101,34,8,111,24,51,734,1512,462,259,345,493,404,183,100,183,yes,,2021-10-30 19:10:02.628999949,surveyor_jr,2021-10-30 19:10:02.628999949,surveyor_jr,"{'x': 0, 'y': 0, 'spatialReference': {'wkid': 4326, 'latestWkid': 4326}}"
113,114,45eaf77b-a74a-4eb0-89f7-5076b3ef319a,2021-11-01 10:00:00,,125,1288,240,61,0,31,211,296,285,27,15,1,2,0,7,0,1,3,1,0,1,0,5,0,29,0,0,19,0,0,1,0,0,0,0,0,0,0,0,0,,13306,27572,14339,8474,14275,16390,10225,11052,8171,9203,12530,26041,13683,8208,13841,15879,9798,10764,8041,8969,41,19,193,7,89,17,23,105,29,51,735,1512,463,259,345,494,404,183,101,183,yes,,2021-11-02 09:55:55.058000088,surveyor_jr,2021-11-02 09:55:55.058000088,surveyor_jr,"{'x': 0, 'y': 0, 'spatialReference': {'wkid': 4326, 'latestWkid': 4326}}"
114,115,3ada45ad-ed08-457c-8b94-27f82d25fdd7,2021-10-31 10:00:00,,32,459,45,3,0,25,162,156,65,34,4,1,2,0,2,3,0,11,0,0,5,0,34,1,0,19,0,0,0,0,0,0,0,0,0,1,0,0,0,0,,13291,27571,14337,8474,14268,16390,10224,11049,8170,9203,12529,26041,13678,8208,13812,15879,9798,10745,8041,8969,28,18,196,7,111,17,22,121,28,51,734,1512,463,259,345,494,404,183,101,183,yes,,2021-11-02 09:59:59.987999916,surveyor_jr,2021-11-02 09:59:59.987999916,surveyor_jr,"{'x': 0, 'y': 0, 'spatialReference': {'wkid': 4326, 'latestWkid': 4326}}"
115,116,bd893399-4180-44dd-845b-67508602ff27,2021-10-30 10:00:00,,198,1852,85,1146,99,110,106,67,87,5,1,2,1,0,5,0,14,3,2,0,5,5,17,1,0,0,0,5,0,0,0,0,1,0,0,0,0,0,1,0,,13287,27570,14335,8474,14266,16387,10224,11038,8170,9203,12524,26041,13644,8207,13812,15860,9798,10745,8041,8969,29,17,228,8,109,34,22,110,28,51,734,1512,463,259,345,493,404,183,101,183,yes,,2021-11-02 10:04:38.055999994,surveyor_jr,2021-11-02 10:04:38.055999994,surveyor_jr,"{'x': 0, 'y': 0, 'spatialReference': {'wkid': 4326, 'latestWkid': 4326}}"
116,117,7afc36c4-ad98-4afe-8295-e5ebc75f5e90,2021-11-02 10:00:00,,417,3477,391,277,229,34,441,371,365,73,1,1,9,1,6,1,0,15,0,6,6,0,0,1,0,0,0,8,0,10,2,0,2,0,0,0,0,0,0,0,,13307,27573,14348,8475,14281,16391,10225,11067,8171,9209,12536,26041,13683,8209,13841,15879,9798,10772,8041,8979,34,20,200,7,95,18,23,112,29,47,737,1512,465,259,345,494,404,183,101,183,yes,,2021-11-02 20:25:11.477999926,surveyor_jr,2021-11-02 20:25:11.477999926,surveyor_jr,"{'x': 0, 'y': 0, 'spatialReference': {'wkid': 4326, 'latestWkid': 4326}}"
117,118,6e0a1d37-fd25-470c-8b61-2eb04d33fef6,2021-11-03 10:00:00,,252,417,190,52,304,134,227,454,79,26,1,3,3,0,8,0,1,26,2,0,7,0,2,2,26,0,0,13,0,0,0,0,0,0,1,0,0,0,0,0,,13308,27576,14351,8475,14289,16391,10226,11093,8173,9209,12543,26041,13685,8211,13867,15879,9798,10785,8041,8979,28,23,201,5,76,18,24,125,31,47,737,1512,465,259,346,494,404,183,101,183,yes,,2021-11-04 06:44:16.404000044,surveyor_jr,2021-11-04 06:44:16.404000044,surveyor_jr,"{'x': 0, 'y': 0, 'spatialReference': {'wkid': 4326, 'latestWkid': 4326}}"
118,119,a357c7b1-86d3-4087-866e-b60765e55f8a,2021-11-04 10:00:00,,259,1756,266,158,99,42,148,143,221,12,5,1,8,1,3,0,0,1,1,1,12,4,13,0,3,0,0,11,0,4,0,0,0,0,0,1,0,0,0,0,,13313,27577,14359,8476,14292,16391,10226,11094,8174,9210,12555,26045,13698,8211,13870,15879,9798,10796,8041,8983,21,20,196,6,76,17,24,115,32,44,737,1512,465,259,346,495,404,183,101,183,yes,,2021-11-05 06:23:30.719000101,surveyor_jr,2021-11-05 06:23:30.719000101,surveyor_jr,"{'x': 0, 'y': 0, 'spatialReference': {'wkid': 4326, 'latestWkid': 4326}}"
119,120,3b5dde89-2308-4966-8447-81380393e749,2021-11-07 10:00:00,,31,515,158,75,99,37,0,62,106,76,12,1,2,0,1,0,0,3,0,0,4,2,0,0,0,0,0,13,5,0,0,0,0,0,0,0,0,0,0,0,,13332,27580,14369,8476,14299,16392,10226,11105,8179,9229,12560,26049,13789,8214,13878,15879,9798,10851,8049,8983,35,19,115,3,75,18,24,71,29,63,737,1512,465,259,346,495,404,183,101,183,yes,,2021-11-08 06:46:00.176000118,surveyor_jr,2021-11-08 06:46:00.176000118,surveyor_jr,"{'x': 0, 'y': 0, 'spatialReference': {'wkid': 4326, 'latestWkid': 4326}}"
120,121,5f168044-0aa4-451f-8d92-b0505f0a7450,2021-11-06 10:00:00,,143,742,61,143,133,23,95,232,229,84,2,0,4,0,2,0,0,7,1,6,0,2,88,2,0,0,0,24,1,0,0,0,0,0,0,0,0,0,0,0,,13320,27579,14367,8476,14298,16392,10226,11102,8179,9229,12556,26047,13789,8214,13878,15879,9798,10838,8044,8983,27,20,113,3,74,18,24,81,34,63,737,1512,465,259,346,495,404,183,101,183,yes,,2021-11-08 06:49:28.180999994,surveyor_jr,2021-11-08 06:49:28.180999994,surveyor_jr,"{'x': 0, 'y': 0, 'spatialReference': {'wkid': 4326, 'latestWkid': 4326}}"
121,122,0ce7538d-9485-47b7-86a8-25ddc55b204e,2021-11-05 10:00:00,,316,1381,144,121,151,313,123,357,250,72,5,2,4,0,4,1,0,1,4,13,1,0,3,1,8,0,0,18,2,0,0,0,0,0,0,0,0,0,0,0,,13318,27579,14363,8476,14296,16392,10226,11095,8178,9223,12556,26045,13701,8212,13878,15879,9798,10814,8043,8983,25,22,197,5,72,18,24,98,34,57,737,1512,465,259,346,495,404,183,101,183,yes,,2021-11-08 06:54:25.306999922,surveyor_jr,2021-11-08 06:54:25.306999922,surveyor_jr,"{'x': 0, 'y': 0, 'spatialReference': {'wkid': 4326, 'latestWkid': 4326}}"
122,123,6ea63a5b-b291-48f1-8889-d5291bbf99c3,2021-11-08 10:00:00,,0,1175,280,178,322,30,0,257,0,0,1,4,4,0,6,3,0,0,0,0,2,0,28,0,32,9,0,4,1,0,0,4,0,0,0,1,0,0,0,0,,13333,27584,14373,8476,14305,16395,10226,11105,8179,9229,12562,26049,13817,8214,13910,15888,9798,10855,8050,8983,34,19,91,3,49,11,24,67,28,63,737,1516,465,259,346,495,404,183,101,183,yes,,2021-11-09 06:16:49.005000114,surveyor_jr,2021-11-09 06:16:49.005000114,surveyor_jr,"{'x': 0, 'y': 0, 'spatialReference': {'wkid': 4326, 'latestWkid': 4326}}"
123,124,4e494174-58ec-4771-8f09-25b38090b22e,2021-11-09 10:00:00,,192,1941,289,196,437,76,147,163,0,150,4,0,17,0,1,2,1,5,7,0,3,2,0,0,0,0,14,4,4,0,0,1,0,0,0,0,0,0,0,0,,13337,27584,14390,8476,14306,16397,10227,11110,8186,9229,12565,26051,13817,8214,13910,15888,9812,10859,8054,8983,35,16,108,3,50,13,11,68,31,63,737,1517,465,259,346,495,404,183,101,183,yes,,2021-11-10 06:09:15.448999882,surveyor_jr,2021-11-10 06:09:15.448999882,surveyor_jr,"{'x': 0, 'y': 0, 'spatialReference': {'wkid': 4326, 'latestWkid': 4326}}"
124,125,7fa166df-2d7a-425c-804a-1b055cbbb543,2021-11-10 10:00:00,,173,1568,406,0,220,46,105,396,0,16,3,1,0,0,3,2,1,26,4,20,1,0,12,0,0,0,0,14,2,6,0,0,0,0,2,0,0,1,0,0,,13340,27585,14390,8476,14309,16399,10228,11136,8190,9249,12566,26051,13829,8214,13910,15888,9812,10873,8056,8989,37,17,96,3,51,15,12,79,33,77,737,1517,465,259,348,495,404,184,101,183,yes,,2021-11-11 06:18:28.770999908,surveyor_jr,2021-11-11 06:18:28.770999908,surveyor_jr,"{'x': 0, 'y': 0, 'spatialReference': {'wkid': 4326, 'latestWkid': 4326}}"
125,126,c02b3747-283c-4f75-8069-69b0ca57a9a4,2021-11-11 10:00:00,,210,1149,119,73,282,155,112,240,0,18,1,2,7,0,1,1,0,11,4,0,6,3,17,0,0,0,0,17,0,0,0,0,0,0,0,0,0,0,0,0,,13341,27587,14397,8476,14310,16400,10228,11147,8194,9249,12572,26054,13846,8214,13910,15888,9812,10890,8056,8989,32,16,86,3,52,16,12,73,37,77,737,1517,465,259,348,495,404,184,101,183,yes,,2021-11-12 07:58:05.868000031,surveyor_jr,2021-11-12 07:58:05.868000031,surveyor_jr,"{'x': 0, 'y': 0, 'spatialReference': {'wkid': 4326, 'latestWkid': 4326}}"
126,127,e6a101e3-94e9-466d-854d-b14e326c7ae7,2021-11-12 10:00:00,,200,1344,135,57,144,75,148,441,0,148,3,2,24,2,2,1,0,19,8,3,1,1,1,0,13,0,0,26,1,0,0,0,0,0,1,0,0,1,0,0,,13344,27589,14421,8478,14312,16401,10228,11166,8202,9252,12573,26055,13847,8214,13910,15888,9812,10916,8057,8989,34,17,109,5,40,17,12,65,44,80,737,1517,465,259,349,495,404,185,101,183,yes,,2021-11-13 06:51:13.095000029,surveyor_jr,2021-11-13 06:51:13.095000029,surveyor_jr,"{'x': 0, 'y': 0, 'spatialReference': {'wkid': 4326, 'latestWkid': 4326}}"
127,128,f4819d42-60b9-4df7-8d89-0d93e5d4e9b1,2021-11-13 10:00:00,,217,1414,64,0,0,0,52,451,0,0,0,0,3,0,2,0,0,16,0,14,4,2,0,0,0,0,0,1,0,0,0,0,0,0,0,0,0,0,0,0,,13344,27589,14424,8478,14314,16401,10228,11182,8202,9266,12577,26057,13847,8214,13923,15888,9812,10917,8057,8989,30,15,112,5,42,17,12,80,44,94,737,1517,465,259,349,495,404,185,101,183,yes,,2021-11-14 05:28:57.019000053,surveyor_jr,2021-11-14 05:28:57.019000053,surveyor_jr,"{'x': 0, 'y': 0, 'spatialReference': {'wkid': 4326, 'latestWkid': 4326}}"
128,129,8776808c-b21e-49b1-8f3b-7274006ce37a,2021-11-14 10:00:00,,224,1834,64,35,0,0,52,451,0,0,0,1,1,0,3,0,0,3,2,0,2,1,0,0,0,0,0,1,2,0,0,0,0,0,1,0,0,0,0,0,,13344,27590,14425,8478,14317,16401,10228,11185,8204,9266,12579,26058,13847,8214,13923,15888,9812,10918,8059,8989,28,15,113,5,44,17,12,82,44,94,737,1517,465,259,350,496,404,185,101,183,yes,,2021-11-15 06:45:27.486999989,surveyor_jr,2021-11-15 06:45:27.486999989,surveyor_jr,"{'x': 0, 'y': 0, 'spatialReference': {'wkid': 4326, 'latestWkid': 4326}}"
129,130,a70b614f-4701-4a81-86d3-7aedfb1eb055,2021-11-15 10:00:00,,119,578,146,93,130,54,74,175,76,72,5,12,2,0,1,0,0,11,2,0,0,1,7,0,0,0,0,7,3,0,0,0,0,0,0,0,0,0,0,0,,13349,27602,14427,8478,14318,16401,10228,11196,8206,9266,12579,26059,13854,8214,13923,15888,9812,10925,8062,8989,33,26,108,5,45,17,12,86,43,94,737,1517,465,259,350,496,404,185,101,183,yes,,2021-11-16 06:20:30.549000025,surveyor_jr,2021-11-16 06:20:30.549000025,surveyor_jr,"{'x': 0, 'y': 0, 'spatialReference': {'wkid': 4326, 'latestWkid': 4326}}"
130,131,7d35274f-354f-4fc5-8cce-1489a0905932,2021-11-16 10:00:00,,192,1941,215,101,270,51,1136,175,327,59,9,6,5,0,5,0,1,4,3,1,3,5,5,0,7,0,0,3,9,0,0,1,0,0,0,0,0,0,0,0,,13358,27608,14432,8478,14323,16401,10229,11200,8209,9267,12582,26064,13859,8214,13930,15888,9812,10928,8071,8989,39,26,108,5,43,17,13,87,37,95,737,1518,465,259,350,496,404,185,101,183,yes,,2021-11-17 07:59:00.207999945,surveyor_jr,2021-11-17 07:59:00.207999945,surveyor_jr,"{'x': 0, 'y': 0, 'spatialReference': {'wkid': 4326, 'latestWkid': 4326}}"
131,132,9ae88748-b833-401b-8c0d-ab8f43274a68,2021-11-19 10:00:00,,290,925,198,123,311,136,80,192,207,188,3,0,7,0,2,0,0,1,5,4,1,2,0,1,0,0,0,5,0,0,0,0,0,0,0,0,0,0,0,0,,13380,27610,14441,8478,14341,16402,10229,11221,8227,9286,12590,26070,13861,8216,13946,15888,9819,10936,8075,8989,53,21,115,3,47,18,6,100,51,114,737,1519,465,259,350,496,404,185,101,183,yes,,2021-11-20 04:56:45.789000034,surveyor_jr,2021-11-20 04:56:45.789000034,surveyor_jr,"{'x': 0, 'y': 0, 'spatialReference': {'wkid': 4326, 'latestWkid': 4326}}"
132,133,58598885-1149-4181-89a5-a8818b33ab27,2021-11-18 10:00:00,,797,1589,241,184,311,136,80,192,207,188,9,1,2,0,8,0,0,5,9,2,2,2,2,0,0,0,0,0,2,0,0,0,0,0,0,0,0,0,0,0,,13377,27610,14434,8478,14339,16402,10229,11220,8222,9282,12589,26068,13861,8215,13944,15888,9819,10931,8075,8989,51,23,108,4,45,18,6,104,46,110,737,1519,465,259,350,496,404,185,101,183,yes,,2021-11-20 05:00:18.437000036,surveyor_jr,2021-11-20 05:00:18.437000036,surveyor_jr,"{'x': 0, 'y': 0, 'spatialReference': {'wkid': 4326, 'latestWkid': 4326}}"
133,134,fd376cef-6f66-4075-8815-f674dc309c36,2021-11-20 10:00:00,,62,1279,70,123,200,21,106,264,106,188,4,1,1,0,1,1,0,13,2,0,0,0,1,0,7,0,0,11,9,0,0,0,0,0,0,0,0,0,0,0,,13384,27611,14442,8478,14342,16403,10229,11234,8229,9286,12590,26070,13862,8216,13951,15888,9819,10947,8084,8989,57,22,115,3,41,19,6,102,44,114,737,1519,465,259,350,496,404,185,101,183,yes,,2021-11-20 22:05:50.755000114,surveyor_jr,2021-11-20 22:05:50.755000114,surveyor_jr,"{'x': 0, 'y': 0, 'spatialReference': {'wkid': 4326, 'latestWkid': 4326}}"
134,135,38f190d7-a85e-41ee-8e3d-cefd3c72b2f4,2021-11-22 12:00:00,,229,2062,221,75,95,75,87,107,146,95,0,9,5,0,2,2,0,8,1,0,4,0,2,0,0,0,0,18,4,0,0,0,0,0,0,0,0,0,0,0,,13385,27624,14448,8478,14345,16406,10229,11243,8230,9286,12596,26070,13864,8216,13951,15888,9819,10984,8088,8989,52,35,119,3,44,22,6,74,41,114,737,1519,465,259,350,496,404,185,101,183,yes,,2021-11-23 00:19:03.707000017,surveyor_jr,2021-11-23 00:19:03.707000017,surveyor_jr,"{'x': 0, 'y': 0, 'spatialReference': {'wkid': 4326, 'latestWkid': 4326}}"
135,136,14df7c34-98f4-4863-830b-059e9ac06c82,2021-11-21 12:00:00,,39,805,54,8,0,33,79,123,69,4,1,4,1,0,1,1,0,1,0,0,2,0,0,0,0,0,0,19,0,0,0,0,0,0,0,0,0,0,0,0,,13385,27615,14443,8478,14343,16404,10229,11235,8229,9286,12592,26070,13862,8216,13951,15888,9819,10966,8084,8989,56,26,116,3,42,20,6,84,44,114,737,1519,465,259,350,496,404,185,101,183,yes,,2021-11-23 00:22:51.576999903,surveyor_jr,2021-11-23 00:22:51.576999903,surveyor_jr,"{'x': 0, 'y': 0, 'spatialReference': {'wkid': 4326, 'latestWkid': 4326}}"
136,137,36da8070-03e0-406a-8113-be084856daf5,2021-11-24 12:00:00,,287,1656,176,55,0,28,156,250,235,22,1,9,3,0,4,0,12,4,4,5,3,1,0,0,7,0,0,11,1,0,0,0,0,0,0,0,0,0,0,0,,13389,27644,14456,8478,14352,16406,10247,11249,8235,9291,12605,26071,13864,8218,13965,15888,9819,10998,8100,8989,46,52,127,1,37,22,24,66,33,119,738,1521,465,259,250,496,404,185,102,183,yes,,2021-11-25 21:16:22.125000000,surveyor_jr,2021-11-25 21:16:22.125000000,surveyor_jr,"{'x': 0, 'y': 0, 'spatialReference': {'wkid': 4326, 'latestWkid': 4326}}"
137,138,5731562d-d34c-4927-893f-16baa37ce752,2021-11-25 12:00:00,,178,1149,49,58,0,40,211,440,148,18,5,5,4,2,0,1,2,6,0,2,2,2,0,0,0,15,0,4,0,0,0,1,0,0,0,0,0,0,0,0,,13394,27649,14460,8480,14352,16407,10249,11255,8235,9293,12607,26073,13864,8218,13965,15903,9819,11002,8100,8989,49,54,131,3,37,8,26,68,33,121,738,1522,465,259,350,496,404,185,102,183,yes,,2021-11-25 21:19:17.717999935,surveyor_jr,2021-11-25 21:19:17.717999935,surveyor_jr,"{'x': 0, 'y': 0, 'spatialReference': {'wkid': 4326, 'latestWkid': 4326}}"
138,139,af9a38ba-5b04-41d6-87b0-31462dad7842,2021-11-25 12:00:00,,178,1149,49,58,0,40,211,440,148,18,5,5,4,2,0,1,2,6,0,2,2,2,0,0,0,15,0,4,0,0,0,1,0,0,0,0,0,0,0,0,,13394,27649,14460,8480,14352,16407,10249,11255,8235,9293,12607,26073,13864,8218,13965,15903,9819,11002,8100,8989,49,54,131,3,37,8,26,68,33,121,738,1522,465,259,350,496,404,185,102,183,yes,,2021-11-26 22:37:33.494999886,surveyor_jr,2021-11-26 22:37:33.494999886,surveyor_jr,"{'x': 0, 'y': 0, 'spatialReference': {'wkid': 4326, 'latestWkid': 4326}}"
139,140,5b4237c5-d427-4f9c-8d96-ec457acb6e06,2021-11-26 12:00:00,,215,1170,128,0,146,0,475,156,429,0,7,5,7,1,5,0,20,3,5,9,4,2,63,0,0,0,1,15,2,0,0,0,0,0,0,0,0,0,0,0,,13401,27654,14467,8481,14357,16407,10269,11258,8240,9302,12611,26075,13927,8218,13965,15903,9820,11017,8102,8989,52,57,75,4,42,8,45,56,36,130,738,1522,465,259,350,496,404,185,102,183,yes,,2021-11-26 22:42:02.088000059,surveyor_jr,2021-11-26 22:42:02.088000059,surveyor_jr,"{'x': 0, 'y': 0, 'spatialReference': {'wkid': 4326, 'latestWkid': 4326}}"
140,141,867ec005-4bc1-45bd-8845-ecab0fcc63b8,2021-11-27 10:00:00,,200,2917,125,33,159,31,78,435,105,69,3,17,3,0,6,3,0,82,1,0,1,0,4,0,4,0,0,5,5,0,0,0,0,0,0,0,0,0,1,0,,13404,27671,14470,8481,14363,16410,10269,11340,8241,9302,12612,26075,13931,8218,13969,15903,9820,11022,8107,8989,54,74,74,4,44,11,45,133,31,130,738,1522,465,259,350,496,404,185,103,183,yes,,2021-11-28 13:35:25.233999968,surveyor_jr,2021-11-28 13:35:25.233999968,surveyor_jr,"{'x': 0, 'y': 0, 'spatialReference': {'wkid': 4326, 'latestWkid': 4326}}"
141,142,f9ddaa63-6f26-4c33-8e6d-6cf12b175554,2021-11-28 10:00:00,,206,634,0,6,0,0,81,91,17,9,1,16,10,0,4,2,0,6,1,0,6,2,0,0,0,0,0,1,0,0,0,0,0,0,0,0,0,0,0,0,,13405,27687,14480,8481,14367,16412,10269,11346,8242,9302,12618,26077,13931,8218,13969,15903,9820,11023,8107,8989,49,88,84,4,48,13,45,138,32,130,738,1522,465,259,350,496,404,185,103,183,yes,,2021-11-29 05:11:20.548000097,surveyor_jr,2021-11-29 05:11:20.548000097,surveyor_jr,"{'x': 0, 'y': 0, 'spatialReference': {'wkid': 4326, 'latestWkid': 4326}}"
142,143,e177a60b-6b38-4adb-86e5-4499cdcd6ec0,2021-11-29 10:00:00,,386,1119,192,119,424,74,184,423,146,0,19,60,35,0,19,2,10,82,8,0,7,10,2,0,5,0,0,13,11,0,0,0,0,0,1,0,0,0,0,0,,13424,27747,14515,8481,14386,16414,10279,11428,8250,9302,12625,26087,13933,8218,13974,15903,9820,11036,8118,8989,61,138,117,4,61,15,55,207,29,130,738,1522,465,259,351,496,404,185,103,183,yes,,2021-11-30 06:39:06.290999889,surveyor_jr,2021-11-30 06:39:06.290999889,surveyor_jr,"{'x': 0, 'y': 0, 'spatialReference': {'wkid': 4326, 'latestWkid': 4326}}"
143,144,e7634281-1c28-4592-8722-b3b814b9b05f,2021-11-30 10:00:00,,360,2564,263,144,192,236,325,325,270,0,36,82,84,16,30,8,37,31,26,49,9,6,0,0,4,5,0,9,11,0,0,0,0,0,0,0,0,1,0,0,,13460,27829,14599,8497,14416,16422,10316,11459,8276,9351,12634,26093,13933,8218,13978,15908,9820,11045,8129,8989,88,214,201,20,87,18,92,228,44,179,738,1522,465,259,351,496,404,186,103,183,yes,,2021-12-01 06:09:51.494999886,surveyor_jr,2021-12-01 06:09:51.494999886,surveyor_jr,"{'x': 0, 'y': 0, 'spatialReference': {'wkid': 4326, 'latestWkid': 4326}}"
144,145,c4959945-5b6b-4beb-80b8-a1def0d5fbb6,2021-12-01 10:00:00,,280,2333,422,323,183,598,795,353,358,503,72,246,139,8,72,20,56,60,32,7,13,1,3,0,0,13,0,4,3,0,0,0,0,0,0,0,0,0,0,0,,13532,28075,14738,8505,14488,16442,10372,11519,8308,9358,12647,26094,13936,8218,13978,15921,9820,11049,8132,8989,147,459,337,28,159,25,148,284,73,186,738,1522,465,259,351,496,404,186,103,183,yes,,2021-12-02 06:22:42.618999958,surveyor_jr,2021-12-02 06:22:42.618999958,surveyor_jr,"{'x': 0, 'y': 0, 'spatialReference': {'wkid': 4326, 'latestWkid': 4326}}"
145,146,b5e9ace8-c2bc-43d9-83f0-9589f5cf0d09,2021-12-02 10:00:00,,370,4454,409,205,530,137,1295,311,379,202,158,377,158,7,92,33,44,59,18,96,9,1,0,0,0,0,33,2,0,0,0,0,0,0,0,0,0,0,0,0,,13690,28452,14896,8512,14580,16475,10416,11578,8326,9454,12656,26095,13936,8218,13978,15921,9853,11051,8132,8989,296,835,495,35,251,58,159,341,91,282,738,1522,465,259,351,496,404,186,103,183,yes,,2021-12-03 19:05:56.078000069,surveyor_jr,2021-12-03 19:05:56.078000069,surveyor_jr,"{'x': 0, 'y': 0, 'spatialReference': {'wkid': 4326, 'latestWkid': 4326}}"
146,147,0d0dd20c-51ec-4168-8f0e-03c7e06ab21d,2021-12-03 10:00:00,,649,2172,549,278,559,90,670,322,513,295,124,366,156,35,131,51,44,52,36,67,3,8,2,0,0,0,0,4,1,0,0,0,0,0,0,1,0,0,0,0,,13814,28818,15052,8547,14711,16526,10460,11630,8362,9521,12659,26095,13938,8218,13938,15921,9853,11055,8133,8989,417,1193,649,70,382,108,203,389,126,349,738,1522,465,259,351,497,404,186,103,183,yes,,2021-12-04 06:38:26.812999964,surveyor_jr,2021-12-04 06:38:26.812999964,surveyor_jr,"{'x': 0, 'y': 0, 'spatialReference': {'wkid': 4326, 'latestWkid': 4326}}"
147,148,e832c4a6-bc4b-440f-8346-140eed0d8004,2021-12-04 12:00:00,,362,4950,261,150,423,215,225,249,206,58,93,343,94,28,89,76,284,33,13,29,1,1,0,0,0,0,6,2,1,0,0,0,0,0,0,0,0,0,1,0,,13907,29161,15146,8575,14800,16602,10744,11663,8375,9550,12660,26096,13938,8218,13978,15921,9859,11057,8134,8989,509,1535,743,98,471,184,481,420,137,378,738,1522,465,259,351,497,404,186,104,183,yes,,2021-12-05 18:06:50.102999926,surveyor_jr,2021-12-05 18:06:50.102999926,surveyor_jr,"{'x': 0, 'y': 0, 'spatialReference': {'wkid': 4326, 'latestWkid': 4326}}"
148,149,832143d0-6229-4968-82b6-87876a7d3455,2021-12-05 12:00:00,,382,1080,167,54,181,36,262,229,66,43,124,142,45,16,66,36,0,48,19,27,3,4,0,0,0,0,0,3,0,0,0,1,0,0,0,0,0,0,0,0,,14031,29303,15191,8591,14866,16638,10744,11711,8394,9577,12663,26108,13938,8218,13978,15921,9859,11060,8134,8989,630,1672,788,114,537,220,481,465,156,405,738,1523,465,259,351,497,404,186,104,183,yes,,2021-12-06 07:34:46.963999987,surveyor_jr,2021-12-06 07:34:46.963999987,surveyor_jr,"{'x': 0, 'y': 0, 'spatialReference': {'wkid': 4326, 'latestWkid': 4326}}"
149,150,059e0d76-8278-4db5-8f67-f25148cf8ccb,2021-12-06 12:00:00,,200,3635,586,197,716,511,805,726,935,69,247,918,279,97,293,97,207,168,104,145,0,9,0,2,0,0,0,82,5,0,0,1,1,0,0,0,0,1,0,0,,14278,30221,15470,8688,15159,16735,10951,11879,8498,9722,12663,26117,13938,8220,13978,15921,9859,11142,8139,8989,877,2580,1066,209,830,317,688,550,255,550,738,1524,466,259,351,497,404,187,104,183,yes,,2021-12-07 12:02:17.865000010,surveyor_jr,2021-12-07 12:02:17.865000010,surveyor_jr,"{'x': 0, 'y': 0, 'spatialReference': {'wkid': 4326, 'latestWkid': 4326}}"
150,151,c170c812-1805-4085-8d30-0908e9ac5559,2021-12-07 12:00:00,,503,2864,2867,330,474,1064,1459,1082,457,435,342,1176,409,109,601,429,279,356,133,197,3,0,2,0,0,0,27,6,2,0,0,4,0,0,0,1,0,0,0,0,,14620,31397,15879,8797,15760,17164,11230,12235,8631,9919,12666,26117,13940,8220,13978,15921,9886,11148,8141,8989,1216,3752,1473,318,1431,745,940,900,386,747,738,1528,466,259,351,498,404,187,104,183,yes,,2021-12-08 08:23:27.078000069,surveyor_jr,2021-12-08 08:23:27.078000069,surveyor_jr,"{'x': 0, 'y': 0, 'spatialReference': {'wkid': 4326, 'latestWkid': 4326}}"
151,152,016a89fb-626d-4b3b-836c-10c022755c86,2021-12-08 12:00:00,,540,7030,1209,399,511,1945,887,743,902,0,338,1558,405,207,663,541,629,252,213,190,1,5,0,0,0,0,0,83,0,0,0,2,0,0,0,0,0,0,0,0,,14958,32955,16284,9004,16423,17705,11859,12487,8844,10109,12667,26122,13940,8220,13978,15921,9886,11231,8141,8989,1553,5303,1878,525,2094,1286,1569,1069,599,937,738,1530,466,259,351,498,404,187,104,183,yes,,2021-12-09 11:21:22.484999895,surveyor_jr,2021-12-09 11:21:22.484999895,surveyor_jr,"{'x': 0, 'y': 0, 'spatialReference': {'wkid': 4326, 'latestWkid': 4326}}"
152,153,afe11dd3-faff-49ab-8523-84a05e159343,2021-12-11 09:00:00,,1055,2659,424,199,701,1081,598,583,187,1089,390,861,281,101,416,245,270,204,124,112,3,17,0,26,0,0,0,59,15,0,3,0,1,0,0,0,2,0,0,0,,16501,37072,17711,9563,18180,19428,12871,13655,9519,10765,12682,26156,13940,8246,13978,16147,9886,11381,8157,8989,3078,9382,3304,1058,3850,2783,2577,1824,1256,1563,741,1534,467,259,352,498,408,187,106,183,yes,,2021-12-12 14:40:12.216000080,surveyor_jr,2021-12-12 14:40:12.216000080,surveyor_jr,"{'x': 0, 'y': 0, 'spatialReference': {'wkid': 4326, 'latestWkid': 4326}}"
153,154,554abd88-0f8f-4b18-8a71-cb014f220b35,2021-12-10 09:00:00,,1073,5386,1300,777,986,774,1364,682,1196,1342,474,1753,694,281,633,780,576,389,280,321,7,12,0,0,0,226,0,60,1,0,0,1,0,0,1,0,2,0,2,0,,16111,36211,17430,9462,17764,19181,12601,13188,9395,10653,12679,26139,13940,8220,13978,16147,9886,11322,8142,8989,2694,8538,3024,983,3434,2538,2309,1679,1147,1481,738,1534,466,259,352,498,406,187,106,183,yes,,2021-12-12 14:46:27.915999889,surveyor_jr,2021-12-12 14:46:27.915999889,surveyor_jr,"{'x': 0, 'y': 0, 'spatialReference': {'wkid': 4326, 'latestWkid': 4326}}"
154,155,3f163bc8-be5b-453f-8765-ffec6d1f7748,2021-12-09 09:00:00,,872,4338,1824,247,1236,1760,152,1118,912,440,679,1503,452,177,708,698,166,312,271,223,5,5,0,0,0,0,0,31,0,0,0,3,0,0,0,0,0,0,0,0,,15637,34458,16736,9181,17131,18403,12025,12799,9115,10332,12672,26127,13940,8220,13978,15921,9886,11262,8141,8989,2227,6798,2330,702,2802,1984,1735,1350,870,1160,738,1533,466,259,351,498,404,187,104,183,yes,,2021-12-12 14:52:54.680999994,surveyor_jr,2021-12-12 14:52:54.680999994,surveyor_jr,"{'x': 0, 'y': 0, 'spatialReference': {'wkid': 4326, 'latestWkid': 4326}}"
155,156,c59f87a7-1166-4b5f-8ee4-2eb4d6bb4692,2021-12-12 10:00:00,,341,5226,416,495,582,0,808,403,292,119,200,594,237,106,232,202,147,110,108,202,1,16,64,0,1,0,64,52,16,0,2,1,0,0,0,0,0,0,0,0,,16701,37666,17948,9669,18412,19630,13018,13502,9627,10967,12683,26172,14004,8246,13979,16147,9950,11433,8173,8989,3275,9959,3477,1164,4081,2985,2660,1882,1348,1795,743,1535,467,259,352,498,408,187,106,183,yes,,2021-12-12 20:28:42.328999996,surveyor_jr,2021-12-12 20:28:42.328999996,surveyor_jr,"{'x': 0, 'y': 0, 'spatialReference': {'wkid': 4326, 'latestWkid': 4326}}"
