FID,Date,Total_Cumu,New_Cases,PCR,Recovered,Deaths,Daily_Posi,Country,RDT,Local_Tran,Imported_C,Cum_Deaths,Cum_Recove,CFR_,ObjectId,CreationDa,Creator,EditDate,Editor,active_cas,hospitaliz,condition_,conditio_1,conditio_2,key_notes,asymptomat,total_vacc
"1",2021/04/22 02:00:00,38018,38,1945,8,0,2, ,0,38,0,1555,35073,0,1889,2021/04/22 22:23:31.334,surveyor_jr,2021/04/22 22:23:31.334,surveyor_jr,1390,58,35,8,13,9 cases in Manicaland are from the same school which initially reported an outbreak on the 17th of April while 7 are from a different school in the same province. UBH did not report today.,2,308071
"2",2021/04/23 02:00:00,38045,27,1332,21,1,2, ,0,27,0,1556,35094,0,1890,2021/04/23 22:44:17.501,surveyor_jr,2021/04/23 22:44:17.501,surveyor_jr,1395,51,37,10,3,The 18 cases from Mat North are all from a mining company in Hwange and the outbreak is localized. UBH and Masvingo did not report today,1,319732
"3",2021/04/24 02:00:00,38064,19,1583,7,0,1.2, ,0,19,0,1556,35101,0,1891,2021/04/24 22:48:41.389,surveyor_jr,2021/04/24 22:48:41.389,surveyor_jr,1407,24,11,1,0,"7 of the 8 cases reported by Mat North are from the same mining company in Hwange reported yesterday. Mat South, Mat North, Masvingo, Mash West, Mash Central, Parirenyatwa and Arundel did not report today.",12,324488
"4",2021/04/25 02:00:00,38086,22,1279,22,1,1.7, ,0,22,0,1557,35123,0,1892,2021/04/25 21:22:25.515,surveyor_jr,2021/04/25 21:22:25.515,surveyor_jr,1406,22,10,0,0,"6 of the 7 cases reported by Mat North are from a boarding school in the Province. Only Bulawayo, Mat South and Mat North reported today.",12,336600
"5",2021/04/26 02:00:00,38102,16,1495,26,3,1.07, ,0,16,0,1560,35149,0,1893,2021/04/26 22:22:34.867,surveyor_jr,2021/04/26 22:22:34.867,surveyor_jr,1393,36,13,7,3,"6 of the 7 cases reported by Mat North are from the same boarding school reported yesterday. Midlands, Masvingo, Mash West, UBH, Wilkins, St Annes and Arundel did not report today.",13,353834
"6",2021/04/27 02:00:00,38164,62,2355,331,5,2.6,Zimbabwe,0,62,0,1565,35480,0,1894,2021/04/27 23:26:55.523,surveyor_jr,2021/04/27 23:26:55.523,surveyor_jr,1119,49,25,8,3,32 cases reported by Mat North are from the same boarding school which has reported in the last 2 days. Midlands and Masvingo did not report today.,0,0
"7",2021/04/28 02:00:00,38191,27,2025,37,0,1.3, ,0,27,0,1565,35517,0,1895,2021/04/28 23:03:44.360,surveyor_jr,2021/04/28 23:03:44.360,surveyor_jr,1109,39,20,7,1,"2 cases reported by Mat North are from the same boarding school which has reported in the last 3 days. Midlands, Mash East, Mash Central and Masvingo did not report today.",11,388021
"8",2021/04/29 02:00:00,38235,44,2184,77,2,2, ,0,44,0,1567,35594,0,1896,2021/04/29 22:59:29.599,surveyor_jr,2021/04/29 22:59:29.599,surveyor_jr,1074,46,25,6,2,"Midlands, Manicaland and Masvingo did not report today. Zimbabwe has today surpassed 400000 people vaccinated (1st dose)",13,400771
"9",2021/04/30 02:00:00,38257,22,1994,18,0,1.1, ,0,22,0,1567,35612,0,1897,2021/05/01 00:11:08.329,surveyor_jr,2021/05/01 00:11:08.329,surveyor_jr,1078,33,12,6,2,"Midlands, UBH, Mash West and Masvingo did not report today.",13,414735
"10",2021/05/01 02:00:00,38260,3,1846,8,1,0.2, ,0,3,0,1568,35620,0,1898,2021/05/01 23:37:42.689,surveyor_jr,2021/05/01 23:37:42.689,surveyor_jr,1072,29,15,6,2,Today the country recorded the lowest number of daily new cases (3) in 2021 despite conducting  1846 tests.,6,428135
"11",2021/05/02 02:00:00,38281,21,1133,14,2,1.9, ,0,21,0,1570,35634,0,1899,2021/05/02 22:59:26.579,surveyor_jr,2021/05/02 22:59:26.579,surveyor_jr,1077,21,8,4,1,"Bulawayo, Manicaland, Mash East, Mat South and Parirenyatwa are the centers that submitted admission reports today.",8,430068
"12",2021/05/03 02:00:00,38293,12,1895,13,3,0.6,Zimbabwe,0,12,0,1573,35647,0,1900,2021/05/03 23:37:19.158,surveyor_jr,2021/05/03 23:37:19.158,surveyor_jr,1073,24,16,6,2,"Midlands, Masvingo and UBH did not report today.",0,437751
"13",2020/12/05 02:00:00,10617,70,1577,46,11,4.438807863,"Zimbabwe
",0,50,20,291,8844,0,1489,2021/03/22 10:57:26.831,surveyor_jr,2021/03/22 10:57:26.831,surveyor_jr,1482,0,0,0,0, ,0,0
"14",2021/05/04 02:00:00,38327,34,1516,128,1,2.2,Zimbabwe,0,34,0,1574,35775,0,1901,2021/05/04 22:36:46.060,surveyor_jr,2021/05/04 22:36:46.060,surveyor_jr,978,13,10,0,3,"Midlands, Masvingo, Mat North, Mash Central, Mash West and UBH did not report today.",0,452192
"15",2021/05/05 02:00:00,38357,30,2822,36,0,1.06,Zimbabwe,0,30,0,1574,35811,0,1902,2021/05/05 23:01:10.285,surveyor_jr,2021/05/05 23:01:10.285,surveyor_jr,972,27,16,3,4,"Midlands, Mat North, Masvingo and UBH did not report today.",4,461023
"16",2021/02/14 02:00:00,35172,68,2079,512,2,3.270803271,Zimbabwe,0,68,0,1400,30601,0,1490,2021/03/22 10:57:26.831,surveyor_jr,2021/03/22 10:57:26.831,surveyor_jr,3171,45,24,12,0,"From the hospitalized cases only 9 were asymptomatic. 
Parirenyatwa, St Annes , Arundel, Manicaland
and Masvingo did not report). 2 COVID-19 deaths were reported today. All 2 deaths occurred at institutional level",9,0
"17",2020/04/26 02:00:00,32,1,0,3,0,0,Zimbabwe,0,0,0,4,5,0,1491,2021/03/22 10:57:26.831,surveyor_jr,2021/03/22 10:57:26.831,surveyor_jr,23,0,0,0,0, ,0,0
"18",2020/10/10 02:00:00,8010,16,604,18,1,2.649006623,Zimbabwe,0,16,0,230,6492,0,1492,2021/03/22 10:57:26.831,surveyor_jr,2021/03/22 10:57:26.831,surveyor_jr,1288,0,0,0,0, ,0,0
"19",2021/02/10 02:00:00,34864,83,3561,182,11,2.330805953,"zimbabwe
",0,83,0,1364,29471,0,1493,2021/03/22 10:57:26.831,surveyor_jr,2021/03/22 10:57:26.831,surveyor_jr,4029,117,64,35,9,"From the hospitalized cases, 9 were asymptomatic.",9,0
"20",2020/05/19 02:00:00,46,0,0,0,0,0,Zimbabwe,0,0,0,4,18,0,1494,2021/03/22 10:57:26.831,surveyor_jr,2021/03/22 10:57:26.831,surveyor_jr,24,0,0,0,0, ,0,0
"21",2021/03/10 02:00:00,36341,20,2164,34,0,0.924214418,Zimbabwe,0,20,0,1489,33953,0,1495,2021/03/22 10:57:26.831,surveyor_jr,2021/03/22 10:57:26.831,surveyor_jr,899,122,24,19,3, ,76,35901
"22",2020/08/23 02:00:00,5930,37,852,243,2,4.342723005,Zimbabwe,0,37,0,155,4872,0,1496,2021/03/22 10:57:26.831,surveyor_jr,2021/03/22 10:57:26.831,surveyor_jr,903,0,0,0,0, ,0,0
"23",2020/04/19 02:00:00,24,0,0,0,0,0,Zimbabwe,0,0,0,3,2,0,1497,2021/03/22 10:57:26.831,surveyor_jr,2021/03/22 10:57:26.831,surveyor_jr,19,0,0,0,0, ,0,0
"24",2021/03/13 02:00:00,36471,48,635,15,5,7.559055118,Zimbabwe,0,28,20,1501,34011,0,1498,2021/03/22 10:57:26.831,surveyor_jr,2021/03/22 10:57:26.831,surveyor_jr,959,139,42,14,2, ,81,36359
"25",2020/05/11 02:00:00,37,1,0,3,0,0,Zimbabwe,0,0,0,4,12,0,1499,2021/03/22 10:57:26.831,surveyor_jr,2021/03/22 10:57:26.831,surveyor_jr,21,0,0,0,0, ,0,0
"26",2020/08/28 02:00:00,6388,96,1551,33,6,6.189555126,Zimbabwe,0,76,20,195,5043,0,1500,2021/03/22 10:57:26.831,surveyor_jr,2021/03/22 10:57:26.831,surveyor_jr,1150,0,0,0,0, ,0,0
"27",2020/11/25 02:00:00,9508,110,1073,39,0,10.25163094,Zimbabwe,0,106,4,274,8336,0,1501,2021/03/22 10:57:26.831,surveyor_jr,2021/03/22 10:57:26.831,surveyor_jr,898,0,0,0,0, ,0,0
"28",2020/09/15 02:00:00,7576,45,404,93,0,11.13861386,Zimbabwe,0,44,1,224,5783,0,1502,2021/03/22 10:57:26.831,surveyor_jr,2021/03/22 10:57:26.831,surveyor_jr,1569,0,0,0,0, ,0,0
"29",2021/02/25 02:00:00,35960,50,1804,122,8,2.771618625,"zimbabwe
",0,50,0,1456,32410,0,1503,2021/03/22 10:57:26.831,surveyor_jr,2021/03/22 10:57:26.831,surveyor_jr,2094,154,46,33,3, ,72,7872
"30",2020/04/06 02:00:00,10,0,0,0,0,0,Zimbabwe,0,0,0,1,0,0,1504,2021/03/22 10:57:26.831,surveyor_jr,2021/03/22 10:57:26.831,surveyor_jr,9,0,0,0,0, ,0,0
"31",2020/10/29 02:00:00,8349,29,1143,19,0,2.537182852,Zimbabwe,0,28,1,242,0,0,1505,2021/03/22 10:57:26.831,surveyor_jr,2021/03/22 10:57:26.831,surveyor_jr,0,0,0,0,0, ,0,0
"32",2020/11/19 02:00:00,9046,65,1123,11,4,5.788067676,Zimbabwe,0,65,0,265,8195,0,1506,2021/03/22 10:57:26.831,surveyor_jr,2021/03/22 10:57:26.831,surveyor_jr,586,0,0,0,0, ,0,0
"33",2020/12/15 02:00:00,11522,164,559,45,1,29.33810376,Zimbabwe,0,164,0,310,9599,0,1507,2021/03/22 10:57:26.831,surveyor_jr,2021/03/22 10:57:26.831,surveyor_jr,1613,0,0,0,0, ,0,0
"34",2020/04/07 02:00:00,10,0,0,0,1,0,Zimbabwe,0,0,0,2,0,0,1508,2021/03/22 10:57:26.831,surveyor_jr,2021/03/22 10:57:26.831,surveyor_jr,8,0,0,0,0, ,0,0
"35",2020/08/19 02:00:00,5643,265,1618,337,9,16.37824475,Zimbabwe,0,254,11,150,4442,0,1509,2021/03/22 10:57:26.831,surveyor_jr,2021/03/22 10:57:26.831,surveyor_jr,1051,0,0,0,0, ,0,0
"36",2021/01/27 02:00:00,32304,300,3666,274,19,8.183306056,zimbabwe,0,300,0,1122,23687,0,1510,2021/03/22 10:57:26.831,surveyor_jr,2021/03/22 10:57:26.831,surveyor_jr,7495,205,127,65,13, ,0,0
"37",2021/02/07 02:00:00,34487,156,2086,238,13,7.478427613,"zimbabwe
",0,156,0,1316,28383,0,1511,2021/03/22 10:57:26.831,surveyor_jr,2021/03/22 10:57:26.831,surveyor_jr,4788,90,63,17,6,"Among the hospitalized cases, only 4 were asymptomatic. 11 deaths occurred at Institutional level and the remaining two were at community level .",4,0
"38",2020/09/08 02:00:00,7388,90,521,22,8,17.27447217,Zimbabwe,0,90,0,218,5477,0,1512,2021/03/22 10:57:26.831,surveyor_jr,2021/03/22 10:57:26.831,surveyor_jr,1693,0,0,0,0, ,0,0
"39",2020/07/14 02:00:00,1064,30,693,52,1,4.329004329,Zimbabwe,0,0,0,20,343,0,1513,2021/03/22 10:57:26.831,surveyor_jr,2021/03/22 10:57:26.831,surveyor_jr,701,0,0,0,0, ,0,0
"40",2020/09/06 02:00:00,7116,139,665,13,1,20.90225564,Zimbabwe,0,139,0,208,5373,0,1514,2021/03/22 10:57:26.831,surveyor_jr,2021/03/22 10:57:26.831,surveyor_jr,1535,0,0,0,0, ,0,0
"41",2021/02/28 02:00:00,36089,31,914,76,0,3.391684902,"zimbabwe
",0,31,0,1463,32666,0,1515,2021/03/22 10:57:26.831,surveyor_jr,2021/03/22 10:57:26.831,surveyor_jr,1960,135,52,4,9, ,70,18843
"42",2020/05/07 02:00:00,34,0,0,4,0,0,Zimbabwe,0,0,0,4,9,0,1516,2021/03/22 10:57:26.831,surveyor_jr,2021/03/22 10:57:26.831,surveyor_jr,21,0,0,0,0, ,0,0
"43",2020/07/19 02:00:00,1611,133,802,30,0,16.58354115,Zimbabwe,0,0,0,25,472,0,1517,2021/03/22 10:57:26.831,surveyor_jr,2021/03/22 10:57:26.831,surveyor_jr,1114,0,0,0,0, ,0,0
"44",2020/07/22 02:00:00,2034,214,1076,22,0,19.88847584,Zimbabwe,0,0,0,26,510,0,1518,2021/03/22 10:57:26.831,surveyor_jr,2021/03/22 10:57:26.831,surveyor_jr,1498,0,0,0,0, ,0,0
"45",2021/01/16 02:00:00,26881,772,3570,458,17,21.62464986,Zimbabwe,0,772,0,683,15872,0,1519,2021/03/22 10:57:26.831,surveyor_jr,2021/03/22 10:57:26.831,surveyor_jr,10326,0,0,0,0, ,0,0
"46",2020/11/23 02:00:00,9308,88,555,23,5,15.85585586,Zimbabwe,0,88,0,273,8288,0,1520,2021/03/22 10:57:26.831,surveyor_jr,2021/03/22 10:57:26.831,surveyor_jr,747,0,0,0,0, ,0,0
"47",2020/03/25 02:00:00,3,0,0,0,0,0,Zimbabwe,0,0,0,1,0,0,1521,2021/03/22 10:57:26.831,surveyor_jr,2021/03/22 10:57:26.831,surveyor_jr,2,0,0,0,0, ,0,0
"48",2020/03/29 02:00:00,7,0,0,0,0,0,Zimbabwe,0,0,0,1,0,0,1522,2021/03/22 10:57:26.831,surveyor_jr,2021/03/22 10:57:26.831,surveyor_jr,6,0,0,0,0, ,0,0
"49",2020/09/14 02:00:00,7531,5,349,12,0,1.432664756,Zimbabwe,0,5,0,224,5690,0,1523,2021/03/22 10:57:26.831,surveyor_jr,2021/03/22 10:57:26.831,surveyor_jr,1617,0,0,0,0, ,0,0
"50",2020/05/01 02:00:00,34,0,0,0,0,0,Zimbabwe,0,0,0,4,5,0,1524,2021/03/22 10:57:26.831,surveyor_jr,2021/03/22 10:57:26.831,surveyor_jr,25,0,0,0,0, ,0,0
"51",2020/04/08 02:00:00,10,0,0,0,1,0,Zimbabwe,0,0,0,3,0,0,1525,2021/03/22 10:57:26.831,surveyor_jr,2021/03/22 10:57:26.831,surveyor_jr,7,0,0,0,0, ,0,0
"52",2020/04/11 02:00:00,13,0,0,0,0,0,Zimbabwe,0,0,0,3,0,0,1526,2021/03/22 10:57:26.831,surveyor_jr,2021/03/22 10:57:26.831,surveyor_jr,10,0,0,0,0, ,0,0
"53",2021/03/06 02:00:00,36248,25,1534,127,1,1.629726206,"zimbabwe
",0,25,0,1484,33759,0,1527,2021/03/22 10:57:26.831,surveyor_jr,2021/03/22 10:57:26.831,surveyor_jr,1005,129,39,21,4, ,65,31235
"54",2020/08/07 02:00:00,4451,56,961,81,5,5.827263267,Zimbabwe,1575,54,2,102,1416,0,1528,2021/03/22 10:57:26.831,surveyor_jr,2021/03/22 10:57:26.831,surveyor_jr,2933,0,0,0,0, ,0,0
"55",2020/04/01 02:00:00,9,1,0,0,0,0,Zimbabwe,0,0,0,1,0,0,1529,2021/03/22 10:57:26.831,surveyor_jr,2021/03/22 10:57:26.831,surveyor_jr,8,0,0,0,0, ,0,0
"56",2021/02/27 02:00:00,36044,50,2141,84,5,2.33535731,"zimbabwe
",0,50,0,1463,32539,0,1530,2021/03/22 10:57:26.831,surveyor_jr,2021/03/22 10:57:26.831,surveyor_jr,2042,150,41,31,5, ,73,12579
"57",2020/05/18 02:00:00,46,0,0,0,0,0,Zimbabwe,0,0,0,4,18,0,1531,2021/03/22 10:57:26.831,surveyor_jr,2021/03/22 10:57:26.831,surveyor_jr,24,0,0,0,0, ,0,0
"58",2020/05/27 02:00:00,132,53,0,0,0,0,Zimbabwe,0,0,0,4,25,0,1532,2021/03/22 10:57:26.831,surveyor_jr,2021/03/22 10:57:26.831,surveyor_jr,103,0,0,0,0, ,0,0
"59",2020/04/03 02:00:00,9,0,0,0,0,0,Zimbabwe,0,0,0,1,0,0,1533,2021/03/22 10:57:26.831,surveyor_jr,2021/03/22 10:57:26.831,surveyor_jr,8,0,0,0,0, ,0,0
"60",2020/09/04 02:00:00,6837,159,919,82,0,17.30141458,Zimbabwe,0,158,1,206,5345,0,1534,2021/03/22 10:57:26.831,surveyor_jr,2021/03/22 10:57:26.831,surveyor_jr,1286,0,0,0,0, ,0,0
"61",2020/06/19 02:00:00,479,16,0,0,0,0,Zimbabwe,0,0,0,4,63,0,1535,2021/03/22 10:57:26.831,surveyor_jr,2021/03/22 10:57:26.831,surveyor_jr,412,0,0,0,0, ,0,0
"62",2020/11/24 02:00:00,9398,90,923,9,1,9.750812568,Zimbabwe,0,90,0,274,8297,0,1536,2021/03/22 10:57:26.831,surveyor_jr,2021/03/22 10:57:26.831,surveyor_jr,827,0,0,0,0, ,0,0
"63",2020/05/29 02:00:00,160,11,0,1,0,0,Zimbabwe,0,0,0,4,29,0,1537,2021/03/22 10:57:26.831,surveyor_jr,2021/03/22 10:57:26.831,surveyor_jr,127,0,0,0,0, ,0,0
"64",2020/10/31 02:00:00,8367,5,681,10,1,0.734214391,Zimbabwe,0,5,0,243,7894,0,1538,2021/03/22 10:57:26.831,surveyor_jr,2021/03/22 10:57:26.831,surveyor_jr,230,0,0,0,0, ,0,0
"65",2020/05/31 02:00:00,178,4,0,0,0,0,Zimbabwe,0,0,0,4,29,0,1539,2021/03/22 10:57:26.831,surveyor_jr,2021/03/22 10:57:26.831,surveyor_jr,145,0,0,0,0, ,0,0
"66",2020/10/07 02:00:00,7919,4,759,1,0,0.527009223,Zimbabwe,0,4,0,229,6441,0,1540,2021/03/22 10:57:26.831,surveyor_jr,2021/03/22 10:57:26.831,surveyor_jr,1249,0,0,0,0, ,0,0
"67",2020/04/04 02:00:00,9,0,0,0,0,0,Zimbabwe,0,0,0,1,0,0,1541,2021/03/22 10:57:26.831,surveyor_jr,2021/03/22 10:57:26.831,surveyor_jr,8,0,0,0,0, ,0,0
"68",2020/06/21 02:00:00,489,3,0,0,0,0,Zimbabwe,0,0,0,4,64,0,1542,2021/03/22 10:57:26.831,surveyor_jr,2021/03/22 10:57:26.831,surveyor_jr,421,0,0,0,0, ,0,0
"69",2020/11/02 02:00:00,8389,15,610,12,2,2.459016393,Zimbabwe,0,15,0,245,7939,0,1543,2021/03/22 10:57:26.831,surveyor_jr,2021/03/22 10:57:26.831,surveyor_jr,205,0,0,0,0, ,0,0
"70",2021/01/11 02:00:00,22297,820,1518,631,21,54.01844532,Zimbabwe,0,820,0,528,13213,0,1544,2021/03/22 10:57:26.831,surveyor_jr,2021/03/22 10:57:26.831,surveyor_jr,8556,0,0,0,0, ,0,0
"71",2021/03/15 02:00:00,36504,20,1691,8,1,1.182732111,Zimbabwe,0,20,0,1504,34051,0,1545,2021/03/22 10:57:26.831,surveyor_jr,2021/03/22 10:57:26.831,surveyor_jr,949,125,25,17,2, ,81,37660
"72",2020/12/25 02:00:00,12880,94,1700,154,2,5.529411765,zimbabwe,0,94,0,341,10468,0,1546,2021/03/22 10:57:26.831,surveyor_jr,2021/03/22 10:57:26.831,surveyor_jr,2071,0,0,0,0, ,0,0
"73",2020/12/04 02:00:00,10547,123,1722,48,0,7.142857143,Zimbabwe,0,108,15,280,8802,0,1547,2021/03/22 10:57:26.831,surveyor_jr,2021/03/22 10:57:26.831,surveyor_jr,1465,0,0,0,0, ,0,0
"74",2020/10/14 02:00:00,8055,19,615,8,1,3.089430894,Zimbabwe,0,18,1,231,7640,0,1548,2021/03/22 10:57:26.831,surveyor_jr,2021/03/22 10:57:26.831,surveyor_jr,184,0,0,0,0, ,0,0
"75",2020/06/22 02:00:00,512,23,0,0,0,0,Zimbabwe,0,0,0,4,64,0,1549,2021/03/22 10:57:26.831,surveyor_jr,2021/03/22 10:57:26.831,surveyor_jr,444,0,0,0,0, ,0,0
"76",2020/12/20 02:00:00,12151,104,1581,90,2,6.578115117,Zimbabwe,0,96,6,318,9984,0,1550,2021/03/22 10:57:26.831,surveyor_jr,2021/03/22 10:57:26.831,surveyor_jr,1849,0,0,0,0, ,0,0
"77",2020/08/25 02:00:00,6196,126,1574,11,11,8.005082592,Zimbabwe,0,116,8,166,4961,0,1551,2021/03/22 10:57:26.831,surveyor_jr,2021/03/22 10:57:26.831,surveyor_jr,1069,0,0,0,0, ,0,0
"78",2020/04/22 02:00:00,28,0,0,0,1,0,Zimbabwe,0,0,0,4,2,0,1552,2021/03/22 10:57:26.831,surveyor_jr,2021/03/22 10:57:26.831,surveyor_jr,22,0,0,0,0, ,0,0
"79",2021/02/12 02:00:00,35045,96,2081,329,11,4.613166747,"zimbabwe
",0,96,0,1393,29959,0,1553,2021/03/22 10:57:26.831,surveyor_jr,2021/03/22 10:57:26.831,surveyor_jr,3693,108,56,43,6,"Bulawayo was awaiting results from 2 major testing centers at the time of publishing this report. From all the hospitalized patients, 3 were asymptomatic.",3,0
"80",2020/06/03 02:00:00,222,16,0,0,0,0,Zimbabwe,0,0,0,4,29,0,1554,2021/03/22 10:57:26.831,surveyor_jr,2021/03/22 10:57:26.831,surveyor_jr,189,0,0,0,0, ,0,0
"81",2020/08/15 02:00:00,5176,104,1389,49,2,7.487401008,Zimbabwe,0,104,0,130,2047,0,1555,2021/03/22 10:57:26.831,surveyor_jr,2021/03/22 10:57:26.831,surveyor_jr,2999,0,0,0,0, ,0,0
"82",2020/08/06 02:00:00,4395,56,768,0,13,7.291666667,Zimbabwe,1503,54,2,97,1345,0,1556,2021/03/22 10:57:26.831,surveyor_jr,2021/03/22 10:57:26.831,surveyor_jr,2953,0,0,0,0, ,0,0
"83",2020/07/16 02:00:00,1362,273,492,30,3,55.48780488,Zimbabwe,0,0,0,23,425,0,1557,2021/03/22 10:57:26.831,surveyor_jr,2021/03/22 10:57:26.831,surveyor_jr,914,0,0,0,0, ,0,0
"84",2020/09/16 02:00:00,7598,22,647,40,0,3.400309119,Zimbabwe,0,21,1,224,5823,0,1558,2021/03/22 10:57:26.831,surveyor_jr,2021/03/22 10:57:26.831,surveyor_jr,1551,0,0,0,0, ,0,0
"85",2021/03/14 02:00:00,36484,13,1127,32,2,1.15350488,Zimbabwe,0,13,0,1503,34043,0,1559,2021/03/22 10:57:26.831,surveyor_jr,2021/03/22 10:57:26.831,surveyor_jr,938,94,13,0,0, ,81,36359
"86",2020/09/01 02:00:00,6559,62,1013,20,1,6.120434353,Zimbabwe,0,51,11,203,5241,0,1560,2021/03/22 10:57:26.831,surveyor_jr,2021/03/22 10:57:26.831,surveyor_jr,1115,0,0,0,0, ,0,0
"87",2020/08/03 02:00:00,4075,154,1449,41,10,10.62801932,Zimbabwe,2150,154,0,80,1238,0,1561,2021/03/22 10:57:26.831,surveyor_jr,2021/03/22 10:57:26.831,surveyor_jr,2757,0,0,0,0, ,0,0
"88",2020/10/11 02:00:00,8011,1,597,12,0,0.167504188,Zimbabwe,0,1,0,230,6504,0,1562,2021/03/22 10:57:26.831,surveyor_jr,2021/03/22 10:57:26.831,surveyor_jr,1277,0,0,0,0, ,0,0
"89",2020/06/30 02:00:00,583,9,0,10,0,0,Zimbabwe,0,0,0,7,162,0,1563,2021/03/22 10:57:26.831,surveyor_jr,2021/03/22 10:57:26.831,surveyor_jr,414,0,0,0,0, ,0,0
"90",2020/12/10 02:00:00,11081,74,1703,106,1,4.345273048,Zimbabwe,0,74,0,305,9253,0,1564,2021/03/22 10:57:26.831,surveyor_jr,2021/03/22 10:57:26.831,surveyor_jr,1523,0,0,0,0, ,0,0
"91",2020/03/31 02:00:00,8,0,0,0,0,0,Zimbabwe,0,0,0,1,0,0,1565,2021/03/22 10:57:26.831,surveyor_jr,2021/03/22 10:57:26.831,surveyor_jr,7,0,0,0,0, ,0,0
"92",2020/12/21 02:00:00,12422,97,1205,88,2,8.049792531,Zimbabwe,0,97,0,322,10112,0,1566,2021/03/22 10:57:26.831,surveyor_jr,2021/03/22 10:57:26.831,surveyor_jr,1988,0,0,0,0, ,0,0
"93",2021/02/07 02:00:00,34552,65,1064,168,10,6.109022556,"zimbabwe
",0,65,0,1326,28551,0,1567,2021/03/22 10:57:26.831,surveyor_jr,2021/03/22 10:57:26.831,surveyor_jr,4675,84,56,9,8,From the  hospitalized cases 11 were asymptomatic.,11,0
"94",2020/10/19 02:00:00,8159,12,564,5,1,2.127659574,Zimbabwe,0,12,0,232,7683,0,1568,2021/03/22 10:57:26.831,surveyor_jr,2021/03/22 10:57:26.831,surveyor_jr,244,0,0,0,0, ,0,0
"95",2020/12/11 02:00:00,11162,81,1444,64,1,5.609418283,Zimbabwe,0,81,0,306,9324,0,1569,2021/03/22 10:57:26.831,surveyor_jr,2021/03/22 10:57:26.831,surveyor_jr,1532,0,0,0,0, ,0,0
"96",2021/02/25 02:00:00,35994,34,2965,45,2,1.146711636,"zimbabwe
",0,30,4,1458,32455,0,1570,2021/03/22 10:57:26.831,surveyor_jr,2021/03/22 10:57:26.831,surveyor_jr,2081,153,44,32,5, ,72,11007
"97",2020/08/31 02:00:00,6497,85,836,160,6,10.16746411,Zimbabwe,0,80,5,202,5221,0,1571,2021/03/22 10:57:26.831,surveyor_jr,2021/03/22 10:57:26.831,surveyor_jr,1074,0,0,0,0, ,0,0
"98",2020/05/24 02:00:00,79,0,0,2,0,0,Zimbabwe,0,0,0,4,25,0,1572,2021/03/22 10:57:26.831,surveyor_jr,2021/03/22 10:57:26.831,surveyor_jr,50,0,0,0,0, ,0,0
"99",2020/06/26 02:00:00,559,8,0,7,0,0,Zimbabwe,0,0,0,6,135,0,1573,2021/03/22 10:57:26.831,surveyor_jr,2021/03/22 10:57:26.831,surveyor_jr,418,0,0,0,0, ,0,0
"100",2020/11/04 02:00:00,8427,17,854,25,2,1.990632319,Zimbabwe,0,17,0,248,7967,0,1574,2021/03/22 10:57:26.831,surveyor_jr,2021/03/22 10:57:26.831,surveyor_jr,212,0,0,0,0, ,0,0
"101",2020/06/01 02:00:00,203,25,0,0,0,0,Zimbabwe,0,0,0,4,29,0,1575,2021/03/22 10:57:26.831,surveyor_jr,2021/03/22 10:57:26.831,surveyor_jr,170,0,0,0,0, ,0,0
"102",2020/06/24 02:00:00,530,5,0,59,2,0,Zimbabwe,0,0,0,6,123,0,1576,2021/03/22 10:57:26.831,surveyor_jr,2021/03/22 10:57:26.831,surveyor_jr,401,0,0,0,0, ,0,0
"103",2020/11/06 02:00:00,8471,27,756,8,2,3.571428571,Zimbabwe,0,27,0,250,7983,0,1577,2021/03/22 10:57:26.831,surveyor_jr,2021/03/22 10:57:26.831,surveyor_jr,238,0,0,0,0, ,0,0
"104",2020/04/27 02:00:00,32,0,0,0,0,0,Zimbabwe,0,0,0,4,5,0,1578,2021/03/22 10:57:26.831,surveyor_jr,2021/03/22 10:57:26.831,surveyor_jr,23,0,0,0,0, ,0,0
"105",2020/08/12 02:00:00,4893,75,1411,76,18,5.315379164,Zimbabwe,0,74,1,122,1927,0,1579,2021/03/22 10:57:26.831,surveyor_jr,2021/03/22 10:57:26.831,surveyor_jr,2844,0,0,0,0, ,0,0
"106",2020/06/20 02:00:00,486,7,0,1,0,0,Zimbabwe,0,0,0,4,64,0,1580,2021/03/22 10:57:26.831,surveyor_jr,2021/03/22 10:57:26.831,surveyor_jr,418,0,0,0,0, ,0,0
"107",2021/01/31 02:00:00,33388,115,1762,683,24,6.526674234,Zimbabwe,0,115,0,1217,26044,0,1581,2021/03/22 10:57:26.831,surveyor_jr,2021/03/22 10:57:26.831,surveyor_jr,6127,77,64,9,4, ,0,0
"108",2021/01/30 02:00:00,33273,321,1985,489,15,16.17128463,zimbabwe,0,321,0,1193,25361,0,1582,2021/03/22 10:57:26.831,surveyor_jr,2021/03/22 10:57:26.831,surveyor_jr,6719,108,87,16,5, ,0,0
"109",2021/01/13 02:00:00,24256,1017,3507,262,38,28.99914457,Zimbabwe,0,1017,0,589,13658,0,1583,2021/03/22 10:57:26.831,surveyor_jr,2021/03/22 10:57:26.831,surveyor_jr,10009,0,0,0,0, ,0,0
"110",2021/02/04 02:00:00,34171,207,3076,368,19,6.729518856,"zimbabwe
",0,207,0,1288,27759,0,1584,2021/03/22 10:57:26.831,surveyor_jr,2021/03/22 10:57:26.831,surveyor_jr,5124,171,89,59,13, ,10,0
"111",2020/11/07 02:00:00,8498,27,687,12,1,3.930131004,Zimbabwe,0,27,0,251,7995,0,1585,2021/03/22 10:57:26.831,surveyor_jr,2021/03/22 10:57:26.831,surveyor_jr,252,0,0,0,0, ,0,0
"112",2020/08/01 02:00:00,3659,490,1445,7,2,33.9100346,Zimbabwe,55,485,5,69,1016,0,1586,2021/03/22 10:57:26.831,surveyor_jr,2021/03/22 10:57:26.831,surveyor_jr,2574,0,0,0,0, ,0,0
"113",2020/12/10 02:00:00,11007,95,1541,85,1,6.164828034,Zimbabwe,0,95,0,304,9147,0,1587,2021/03/22 10:57:26.831,surveyor_jr,2021/03/22 10:57:26.831,surveyor_jr,1556,0,0,0,0, ,0,0
"114",2020/10/02 02:00:00,7858,8,692,10,0,1.156069364,Zimbabwe,0,6,2,228,6322,0,1588,2021/03/22 10:57:26.831,surveyor_jr,2021/03/22 10:57:26.831,surveyor_jr,1308,0,0,0,0, ,0,0
"115",2020/07/31 02:00:00,3169,77,1001,80,14,7.692307692,Zimbabwe,135,67,10,67,1011,0,1589,2021/03/22 10:57:26.831,surveyor_jr,2021/03/22 10:57:26.831,surveyor_jr,2091,0,0,0,0, ,0,0
"116",2020/10/21 02:00:00,8215,28,805,33,3,3.47826087,Zimbabwe,0,28,0,236,7725,0,1590,2021/03/22 10:57:26.831,surveyor_jr,2021/03/22 10:57:26.831,surveyor_jr,254,0,0,0,0, ,0,0
"117",2020/12/02 02:00:00,10243,114,1862,28,0,6.12244898,Zimbabwe,0,114,0,277,8671,0,1591,2021/03/22 10:57:26.831,surveyor_jr,2021/03/22 10:57:26.831,surveyor_jr,1295,0,0,0,0, ,0,0
"118",2020/10/27 02:00:00,8315,12,1050,7,0,1.142857143,Zimbabwe,0,11,1,242,7804,0,1592,2021/03/22 10:57:26.831,surveyor_jr,2021/03/22 10:57:26.831,surveyor_jr,269,0,0,0,0, ,0,0
"119",2021/03/16 02:00:00,36535,31,2062,73,3,1.503394762,Zimbabwe,0,31,0,1507,34124,0,1593,2021/03/22 10:57:26.831,surveyor_jr,2021/03/22 10:57:26.831,surveyor_jr,904,57,27,14,2, ,14,39550
"120",2021/01/01 02:00:00,14084,217,3679,97,6,5.898341941,Zimbabwe,0,216,1,369,11347,0,1594,2021/03/22 10:57:26.831,surveyor_jr,2021/03/22 10:57:26.831,surveyor_jr,2368,0,0,0,0, ,0,0
"121",2021/02/09 02:00:00,34781,123,2447,464,14,5.026563139,"zimbabwe
",0,123,0,1353,29289,0,1595,2021/03/22 10:57:26.831,surveyor_jr,2021/03/22 10:57:26.831,surveyor_jr,4139,103,63,15,8,"From the Hospitalized cases, 17 were asymptomatic. 14 COVID-19 deaths were reported today of which 10 of them occurred at institutional level  with 4 at community level.",17,0
"122",2021/01/17 02:00:00,27203,322,1485,640,30,21.68350168,Zimbabwe,0,321,1,713,16512,0,1596,2021/03/22 10:57:26.831,surveyor_jr,2021/03/22 10:57:26.831,surveyor_jr,9978,0,0,0,0, ,0,0
"123",2021/02/03 02:00:00,33814,0,4160,211,0,0,"zimbabwe
",0,266,0,1254,26794,0,1597,2021/03/22 10:57:26.831,surveyor_jr,2021/03/22 10:57:26.831,surveyor_jr,5766,148,79,59,10,Mater Dei and Thorngroove did not report today,0,0
"124",2020/04/09 02:00:00,12,2,0,0,0,0,Zimbabwe,0,0,0,3,0,0,1598,2021/03/22 10:57:26.831,surveyor_jr,2021/03/22 10:57:26.831,surveyor_jr,9,0,0,0,0, ,0,0
"125",2020/10/20 02:00:00,8187,28,791,9,1,3.539823009,Zimbabwe,0,20,8,233,7692,0,1599,2021/03/22 10:57:26.831,surveyor_jr,2021/03/22 10:57:26.831,surveyor_jr,262,0,0,0,0, ,0,0
"126",2020/06/15 02:00:00,386,4,0,0,0,0,Zimbabwe,0,0,0,4,54,0,1600,2021/03/22 10:57:26.831,surveyor_jr,2021/03/22 10:57:26.831,surveyor_jr,328,0,0,0,0, ,0,0
"127",2020/10/23 02:00:00,8257,15,1039,29,0,1.443695861,Zimbabwe,0,15,0,236,7771,0,1601,2021/03/22 10:57:26.831,surveyor_jr,2021/03/22 10:57:26.831,surveyor_jr,250,0,0,0,0, ,0,0
"128",2021/01/20 02:00:00,28675,783,4725,738,52,16.57142857,Zimbabwe,0,783,0,825,18110,0,1602,2021/03/22 10:57:26.831,surveyor_jr,2021/03/22 10:57:26.831,surveyor_jr,9740,283,186,84,13, ,0,0
"129",2020/10/01 02:00:00,7850,12,1039,9,0,1.154956689,Zimbabwe,0,12,0,228,6312,0,1603,2021/03/22 10:57:26.831,surveyor_jr,2021/03/22 10:57:26.831,surveyor_jr,1310,0,0,0,0, ,0,0
"130",2020/09/11 02:00:00,7479,26,1051,25,2,2.473834443,Zimbabwe,0,26,0,224,5660,0,1604,2021/03/22 10:57:26.831,surveyor_jr,2021/03/22 10:57:26.831,surveyor_jr,1595,0,0,0,0, ,0,0
"131",2020/12/24 02:00:00,12786,130,1870,55,9,6.951871658,Zimbabwe,0,130,0,339,10314,0,1605,2021/03/22 10:57:26.831,surveyor_jr,2021/03/22 10:57:26.831,surveyor_jr,2133,0,0,0,0, ,0,0
"132",2020/06/02 02:00:00,206,3,0,0,0,0,Zimbabwe,0,0,0,4,29,0,1606,2021/03/22 10:57:26.831,surveyor_jr,2021/03/22 10:57:26.831,surveyor_jr,173,0,0,0,0, ,0,0
"133",2020/09/19 02:00:00,7672,25,539,31,1,4.638218924,Zimbabwe,0,25,0,225,5914,0,1607,2021/03/22 10:57:26.831,surveyor_jr,2021/03/22 10:57:26.831,surveyor_jr,1533,0,0,0,0, ,0,0
"134",2020/09/26 02:00:00,7803,16,543,10,0,2.946593002,Zimbabwe,0,16,0,227,6067,0,1608,2021/03/22 10:57:26.831,surveyor_jr,2021/03/22 10:57:26.831,surveyor_jr,1509,0,0,0,0, ,0,0
"135",2021/03/17 02:00:00,36552,17,1510,12,1,1.125827815,Zimbabwe,0,17,0,1508,34136,0,1609,2021/03/22 10:57:26.831,surveyor_jr,2021/03/22 10:57:26.831,surveyor_jr,908,46,26,11,2, ,7,39607
"136",2020/11/18 02:00:00,8981,36,1246,20,1,2.889245586,Zimbabwe,0,36,0,261,8184,0,1610,2021/03/22 10:57:26.831,surveyor_jr,2021/03/22 10:57:26.831,surveyor_jr,536,0,0,0,0, ,0,0
"137",2020/09/03 02:00:00,6678,40,1095,13,0,3.652968037,Zimbabwe,0,5,35,206,5263,0,1611,2021/03/22 10:57:26.831,surveyor_jr,2021/03/22 10:57:26.831,surveyor_jr,1209,0,0,0,0, ,0,0
"138",2020/05/15 02:00:00,42,4,0,0,0,0,Zimbabwe,0,0,0,4,13,0,1612,2021/03/22 10:57:26.831,surveyor_jr,2021/03/22 10:57:26.831,surveyor_jr,25,0,0,0,0, ,0,0
"139",2020/07/27 02:00:00,2704,192,1485,24,2,12.92929293,Zimbabwe,0,0,0,36,604,0,1613,2021/03/22 10:57:26.831,surveyor_jr,2021/03/22 10:57:26.831,surveyor_jr,2064,0,0,0,0, ,0,0
"140",2020/10/17 02:00:00,8110,11,804,0,0,1.368159204,Zimbabwe,0,10,1,231,7673,0,1614,2021/03/22 10:57:26.831,surveyor_jr,2021/03/22 10:57:26.831,surveyor_jr,206,0,0,0,0, ,0,0
"141",2021/01/25 02:00:00,31320,313,2311,873,31,13.54392038,Zimbabwe,0,313,0,1005,22250,0,1615,2021/03/22 10:57:26.831,surveyor_jr,2021/03/22 10:57:26.831,surveyor_jr,8065,105,91,9,5, ,0,0
"142",2020/04/29 02:00:00,34,2,0,0,0,0,Zimbabwe,0,0,0,4,5,0,1616,2021/03/22 10:57:26.831,surveyor_jr,2021/03/22 10:57:26.831,surveyor_jr,25,0,0,0,0, ,0,0
"143",2021/01/03 02:00:00,15265,774,3313,211,3,23.36251132,Zimbabwe,0,774,0,380,11574,0,1617,2021/03/22 10:57:26.831,surveyor_jr,2021/03/22 10:57:26.831,surveyor_jr,3311,0,0,0,0, ,0,0
"144",2020/10/04 02:00:00,7888,3,217,32,0,1.382488479,Zimbabwe,0,3,0,228,6359,0,1618,2021/03/22 10:57:26.831,surveyor_jr,2021/03/22 10:57:26.831,surveyor_jr,1301,0,0,0,0, ,0,0
"145",2020/08/29 02:00:00,6406,18,1114,13,1,1.615798923,Zimbabwe,0,18,0,196,5056,0,1619,2021/03/22 10:57:26.831,surveyor_jr,2021/03/22 10:57:26.831,surveyor_jr,1154,0,0,0,0, ,0,0
"146",2020/06/07 02:00:00,283,9,0,1,0,0,Zimbabwe,0,0,0,4,34,0,1620,2021/03/22 10:57:26.831,surveyor_jr,2021/03/22 10:57:26.831,surveyor_jr,245,0,0,0,0, ,0,0
"147",2020/04/05 02:00:00,10,1,0,0,0,0,Zimbabwe,0,0,0,1,0,0,1621,2021/03/22 10:57:26.831,surveyor_jr,2021/03/22 10:57:26.831,surveyor_jr,9,0,0,0,0, ,0,0
"148",2020/05/02 02:00:00,34,0,0,0,0,0,Zimbabwe,0,0,0,4,5,0,1622,2021/03/22 10:57:26.831,surveyor_jr,2021/03/22 10:57:26.831,surveyor_jr,25,0,0,0,0, ,0,0
"149",2021/01/08 02:00:00,19660,985,2746,101,22,35.87035688,Zimbabwe,0,984,1,468,12184,0,1623,2021/03/22 10:57:26.831,surveyor_jr,2021/03/22 10:57:26.831,surveyor_jr,7008,0,0,0,0, ,0,0
"150",2021/01/21 02:00:00,29408,733,4418,1143,54,16.59121775,Zimbabwe,0,733,0,879,19253,0,1624,2021/03/22 10:57:26.831,surveyor_jr,2021/03/22 10:57:26.831,surveyor_jr,9276,257,181,56,20, ,0,0
"151",2020/08/11 02:00:00,4818,70,1795,20,0,3.899721448,Zimbabwe,0,70,0,104,1620,0,1625,2021/03/22 10:57:26.831,surveyor_jr,2021/03/22 10:57:26.831,surveyor_jr,3094,0,0,0,0, ,0,0
"152",2020/12/29 02:00:00,13325,177,2373,362,5,7.458912769,Zimbabwe,0,144,33,359,11067,0,1626,2021/03/22 10:57:26.831,surveyor_jr,2021/03/22 10:57:26.831,surveyor_jr,1899,0,0,0,0, ,0,0
"153",2020/04/18 02:00:00,24,0,0,0,0,0,Zimbabwe,0,0,0,3,2,0,1627,2021/03/22 10:57:26.831,surveyor_jr,2021/03/22 10:57:26.831,surveyor_jr,19,0,0,0,0, ,0,0
"154",2021/02/14 02:00:00,35104,59,1318,130,5,4.476479514,Zimbabwe,0,59,0,1398,30089,0,1628,2021/03/22 10:57:26.831,surveyor_jr,2021/03/22 10:57:26.831,surveyor_jr,3617,101,56,34,3,From the hosptialized cases 8 were asymptomatic.,8,0
"155",2021/01/26 02:00:00,32004,358,3061,536,28,11.69552434,Zimbabwe,0,358,0,1103,23413,0,1629,2021/03/22 10:57:26.831,surveyor_jr,2021/03/22 10:57:26.831,surveyor_jr,7488,213,139,62,12, ,0,0
"156",2020/04/17 02:00:00,24,1,0,0,0,0,Zimbabwe,0,0,0,3,2,0,1630,2021/03/22 10:57:26.831,surveyor_jr,2021/03/22 10:57:26.831,surveyor_jr,19,0,0,0,0, ,0,0
"157",2020/11/29 02:00:00,9822,108,1721,2,0,6.275421267,Zimbabwe,0,108,0,275,8472,0,1631,2021/03/22 10:57:26.831,surveyor_jr,2021/03/22 10:57:26.831,surveyor_jr,1075,0,0,0,0, ,0,0
"158",2020/10/26 02:00:00,8303,27,698,0,5,3.868194842,Zimbabwe,0,27,0,242,7797,0,1632,2021/03/22 10:57:26.831,surveyor_jr,2021/03/22 10:57:26.831,surveyor_jr,264,0,0,0,0, ,0,0
"159",2020/08/05 02:00:00,4339,118,1660,26,3,7.108433735,Zimbabwe,138,117,1,84,1264,0,1633,2021/03/22 10:57:26.831,surveyor_jr,2021/03/22 10:57:26.831,surveyor_jr,2991,0,0,0,0, ,0,0
"160",2020/08/08 02:00:00,4575,124,1212,71,0,10.2310231,Zimbabwe,213,118,6,102,1437,0,1634,2021/03/22 10:57:26.831,surveyor_jr,2021/03/22 10:57:26.831,surveyor_jr,3036,0,0,0,0, ,0,0
"161",2020/07/26 02:00:00,2512,78,1339,0,0,5.825242718,Zimbabwe,0,0,0,34,542,0,1635,2021/03/22 10:57:26.831,surveyor_jr,2021/03/22 10:57:26.831,surveyor_jr,1936,0,0,0,0, ,0,0
"162",2020/07/17 02:00:00,1420,58,979,13,1,5.924412666,Zimbabwe,0,0,0,24,438,0,1636,2021/03/22 10:57:26.831,surveyor_jr,2021/03/22 10:57:26.831,surveyor_jr,958,0,0,0,0, ,0,0
"163",2021/01/21 02:00:00,30047,639,3257,316,38,19.61928155,Zimbabwe,0,639,0,917,19569,0,1637,2021/03/22 10:57:26.831,surveyor_jr,2021/03/22 10:57:26.831,surveyor_jr,9561,272,173,81,18, ,0,0
"164",2020/10/12 02:00:00,8021,10,481,1122,0,2.079002079,Zimbabwe,0,10,0,230,7627,0,1638,2021/03/22 10:57:26.831,surveyor_jr,2021/03/22 10:57:26.831,surveyor_jr,164,0,0,0,0, ,0,0
"165",2020/05/09 02:00:00,36,1,0,0,0,0,Zimbabwe,0,0,0,4,9,0,1639,2021/03/22 10:57:26.831,surveyor_jr,2021/03/22 10:57:26.831,surveyor_jr,23,0,0,0,0, ,0,0
"166",2020/07/29 02:00:00,2879,62,1791,283,1,3.46175321,Zimbabwe,68917,1837,1042,41,924,0,1640,2021/03/22 10:57:26.831,surveyor_jr,2021/03/22 10:57:26.831,surveyor_jr,1914,0,0,0,0, ,0,0
"167",2020/07/13 02:00:00,1034,49,412,0,1,11.89320388,Zimbabwe,0,0,0,19,343,0,1641,2021/03/22 10:57:26.831,surveyor_jr,2021/03/22 10:57:26.831,surveyor_jr,672,0,0,0,0, ,0,0
"168",2020/04/16 02:00:00,23,0,0,1,0,0,Zimbabwe,0,0,0,3,2,0,1642,2021/03/22 10:57:26.831,surveyor_jr,2021/03/22 10:57:26.831,surveyor_jr,18,0,0,0,0, ,0,0
"169",2021/03/04 02:00:00,36223,44,2054,240,5,2.142161636,Zimbabwe,0,44,0,1483,33632,0,1643,2021/03/22 10:57:26.831,surveyor_jr,2021/03/22 10:57:26.831,surveyor_jr,1108,146,59,16,6,30658 are the Cumulative vaccinated. Asymptomatic were 65,0,0
"170",2020/11/01 02:00:00,8374,7,574,33,0,1.219512195,Zimbabwe,0,6,1,243,7927,0,1644,2021/03/22 10:57:26.831,surveyor_jr,2021/03/22 10:57:26.831,surveyor_jr,204,0,0,0,0, ,0,0
"171",2020/09/10 02:00:00,7453,24,969,93,0,2.476780186,Zimbabwe,0,20,4,222,5635,0,1645,2021/03/22 10:57:26.831,surveyor_jr,2021/03/22 10:57:26.831,surveyor_jr,1596,0,0,0,0, ,0,0
"172",2020/12/31 02:00:00,13867,242,1677,96,3,14.43053071,Zimbabwe,0,242,0,363,11250,0,1646,2021/03/22 10:57:26.831,surveyor_jr,2021/03/22 10:57:26.831,surveyor_jr,2254,0,0,0,0, ,0,0
"173",2020/09/28 02:00:00,7816,4,504,6,1,0.793650794,Zimbabwe,0,4,0,228,6112,0,1647,2021/03/22 10:57:26.831,surveyor_jr,2021/03/22 10:57:26.831,surveyor_jr,1476,0,0,0,0, ,0,0
"174",2020/05/14 02:00:00,38,1,0,0,0,0,Zimbabwe,0,0,0,4,13,0,1648,2021/03/22 10:57:26.831,surveyor_jr,2021/03/22 10:57:26.831,surveyor_jr,21,0,0,0,0, ,0,0
"175",2021/01/09 02:00:00,20499,839,3010,255,15,27.87375415,Zimbabwe,0,838,1,483,12439,0,1649,2021/03/22 10:57:26.831,surveyor_jr,2021/03/22 10:57:26.831,surveyor_jr,7577,0,0,0,0, ,0,0
"176",2020/05/20 02:00:00,48,2,0,0,0,0,Zimbabwe,0,0,0,4,18,0,1650,2021/03/22 10:57:26.831,surveyor_jr,2021/03/22 10:57:26.831,surveyor_jr,26,0,0,0,0, ,0,0
"177",2020/11/03 02:00:00,8410,21,745,3,1,2.818791946,Zimbabwe,0,19,2,246,7942,0,1651,2021/03/22 10:57:26.831,surveyor_jr,2021/03/22 10:57:26.831,surveyor_jr,222,0,0,0,0, ,0,0
"178",2020/04/21 02:00:00,28,1,0,0,0,0,Zimbabwe,0,0,0,3,2,0,1652,2021/03/22 10:57:26.831,surveyor_jr,2021/03/22 10:57:26.831,surveyor_jr,23,0,0,0,0, ,0,0
"179",2020/09/05 02:00:00,6977,140,629,15,1,22.25755167,Zimbabwe,0,140,0,207,5360,0,1653,2021/03/22 10:57:26.831,surveyor_jr,2021/03/22 10:57:26.831,surveyor_jr,1410,0,0,0,0, ,0,0
"180",2020/05/23 02:00:00,79,23,0,5,0,0,Zimbabwe,0,0,0,4,23,0,1654,2021/03/22 10:57:26.831,surveyor_jr,2021/03/22 10:57:26.831,surveyor_jr,52,0,0,0,0, ,0,0
"181",2020/05/06 02:00:00,34,0,0,0,0,0,Zimbabwe,0,0,0,4,5,0,1655,2021/03/22 10:57:26.831,surveyor_jr,2021/03/22 10:57:26.831,surveyor_jr,25,0,0,0,0, ,0,0
"182",2020/05/28 02:00:00,149,17,0,3,0,0,Zimbabwe,0,0,0,4,28,0,1656,2021/03/22 10:57:26.831,surveyor_jr,2021/03/22 10:57:26.831,surveyor_jr,117,0,0,0,0, ,0,0
"183",2021/03/06 02:00:00,36260,12,1600,46,1,0.75,Zimbabwe,0,12,0,1485,33805,0,1657,2021/03/22 10:57:26.831,surveyor_jr,2021/03/22 10:57:26.831,surveyor_jr,970,131,37,19,10, ,65,32014
"184",2020/12/26 02:00:00,12963,83,1184,51,0,7.010135135,Zimbabwe,0,83,0,341,10519,0,1658,2021/03/22 10:57:26.831,surveyor_jr,2021/03/22 10:57:26.831,surveyor_jr,2103,0,0,0,0, ,0,0
"185",2020/10/13 02:00:00,8036,15,588,5,0,2.551020408,Zimbabwe,0,15,0,230,7632,0,1659,2021/03/22 10:57:26.831,surveyor_jr,2021/03/22 10:57:26.831,surveyor_jr,174,0,0,0,0, ,0,0
"186",2020/08/30 02:00:00,6412,6,602,5,0,0.996677741,Zimbabwe,0,6,0,196,5061,0,1660,2021/03/22 10:57:26.831,surveyor_jr,2021/03/22 10:57:26.831,surveyor_jr,1155,0,0,0,0, ,0,0
"187",2020/11/08 02:00:00,8531,33,582,11,2,5.670103093,Zimbabwe,0,33,0,253,8005,0,1661,2021/03/22 10:57:26.831,surveyor_jr,2021/03/22 10:57:26.831,surveyor_jr,273,0,0,0,0, ,0,0
"188",2020/07/12 02:00:00,985,3,517,8,0,0.580270793,Zimbabwe,0,0,0,18,328,0,1662,2021/03/22 10:57:26.831,surveyor_jr,2021/03/22 10:57:26.831,surveyor_jr,639,0,0,0,0, ,0,0
"189",2020/06/10 02:00:00,326,12,0,3,0,0,Zimbabwe,0,0,0,4,49,0,1663,2021/03/22 10:57:26.831,surveyor_jr,2021/03/22 10:57:26.831,surveyor_jr,273,0,0,0,0, ,0,0
"190",2020/03/23 02:00:00,2,0,0,0,1,0,Zimbabwe,0,0,0,1,0,0,1664,2021/03/22 10:57:26.831,surveyor_jr,2021/03/22 10:57:26.831,surveyor_jr,1,0,0,0,0, ,0,0
"191",2020/11/12 02:00:00,8696,29,1086,14,0,2.670349908,Zimbabwe,0,28,1,255,8060,0,1665,2021/03/22 10:57:26.831,surveyor_jr,2021/03/22 10:57:26.831,surveyor_jr,381,0,0,0,0, ,0,0
"192",2020/06/13 02:00:00,351,6,0,3,0,0,Zimbabwe,0,0,0,4,54,0,1666,2021/03/22 10:57:26.831,surveyor_jr,2021/03/22 10:57:26.831,surveyor_jr,293,0,0,0,0, ,0,0
"193",2020/07/02 02:00:00,615,10,522,7,0,1.915708812,Zimbabwe,0,0,0,7,173,0,1667,2021/03/22 10:57:26.831,surveyor_jr,2021/03/22 10:57:26.831,surveyor_jr,435,0,0,0,0, ,0,0
"194",2020/03/24 02:00:00,3,1,0,0,0,0,Zimbabwe,0,0,0,1,0,0,1668,2021/03/22 10:57:26.831,surveyor_jr,2021/03/22 10:57:26.831,surveyor_jr,2,0,0,0,0, ,0,0
"195",2020/06/25 02:00:00,551,21,0,5,0,0,Zimbabwe,0,0,0,6,128,0,1669,2021/03/22 10:57:26.831,surveyor_jr,2021/03/22 10:57:26.831,surveyor_jr,417,0,0,0,0, ,0,0
"196",2020/11/13 02:00:00,8765,69,1092,28,2,6.318681319,Zimbabwe,0,69,0,257,8090,0,1670,2021/03/22 10:57:26.831,surveyor_jr,2021/03/22 10:57:26.831,surveyor_jr,418,0,0,0,0, ,0,0
"197",2020/05/12 02:00:00,37,0,0,0,0,0,Zimbabwe,0,0,0,4,12,0,1671,2021/03/22 10:57:26.831,surveyor_jr,2021/03/22 10:57:26.831,surveyor_jr,21,0,0,0,0, ,0,0
"198",2020/10/08 02:00:00,7951,32,929,5,0,3.444564047,Zimbabwe,0,32,0,229,6448,0,1672,2021/03/22 10:57:26.831,surveyor_jr,2021/03/22 10:57:26.831,surveyor_jr,1274,0,0,0,0, ,0,0
"199",2020/12/09 02:00:00,10912,73,1965,90,9,3.715012723,"Zimbabwe
",0,73,0,303,9062,0,1673,2021/03/22 10:57:26.831,surveyor_jr,2021/03/22 10:57:26.831,surveyor_jr,1547,0,0,0,0, ,0,0
"200",2020/07/10 02:00:00,942,16,659,14,1,2.427921093,Zimbabwe,0,0,0,13,320,0,1674,2021/03/22 10:57:26.831,surveyor_jr,2021/03/22 10:57:26.831,surveyor_jr,609,0,0,0,0, ,0,0
"201",2020/11/30 02:00:00,10034,84,797,7,1,10.53952321,Zimbabwe,0,61,23,277,8489,0,1675,2021/03/22 10:57:26.831,surveyor_jr,2021/03/22 10:57:26.831,surveyor_jr,1268,0,0,0,0, ,0,0
"202",2021/03/19 02:00:00,36652,41,2286,23,1,1.793525809,Zimbabwe,0,41,0,1510,34249,0,1676,2021/03/22 10:57:26.831,surveyor_jr,2021/03/22 10:57:26.831,surveyor_jr,893,52,33,8,2, ,9,41687
"203",2020/09/09 02:00:00,7429,41,1053,65,4,3.893637227,Zimbabwe,0,23,18,222,5542,0,1677,2021/03/22 10:57:26.831,surveyor_jr,2021/03/22 10:57:26.831,surveyor_jr,1665,0,0,0,0, ,0,0
"204",2020/04/30 02:00:00,34,0,0,0,0,0,Zimbabwe,0,0,0,4,5,0,1678,2021/03/22 10:57:26.831,surveyor_jr,2021/03/22 10:57:26.831,surveyor_jr,25,0,0,0,0, ,0,0
"205",2021/03/03 02:00:00,36148,33,2207,84,4,1.495242411,"zimbabwe
",0,33,0,1472,32989,0,1679,2021/03/22 10:57:26.831,surveyor_jr,2021/03/22 10:57:26.831,surveyor_jr,1687,117,34,5,4, ,74,25077
"206",2021/02/28 02:00:00,36058,14,1302,51,0,1.075268817,Zimbabwe,0,14,0,1463,32590,0,1680,2021/03/22 10:57:26.831,surveyor_jr,2021/03/22 10:57:26.831,surveyor_jr,2005,161,38,6,8, ,109,15705
"207",2020/09/20 02:00:00,7683,11,628,10,0,1.751592357,Zimbabwe,0,11,0,225,5924,0,1681,2021/03/22 10:57:26.831,surveyor_jr,2021/03/22 10:57:26.831,surveyor_jr,1534,0,0,0,0, ,0,0
"208",2021/03/11 02:00:00,36377,36,1706,19,3,2.110199297,Zimbabwe,0,36,0,1492,33972,0,1682,2021/03/22 10:57:26.831,surveyor_jr,2021/03/22 10:57:26.831,surveyor_jr,913,120,22,19,3, ,76,36019
"209",2020/12/18 02:00:00,12047,298,2155,58,2,13.82830626,Zimbabwe,0,181,0,316,9894,0,1683,2021/03/22 10:57:26.831,surveyor_jr,2021/03/22 10:57:26.831,surveyor_jr,1837,0,0,0,0, ,0,0
"210",2020/05/21 02:00:00,51,3,0,0,0,0,Zimbabwe,0,0,0,4,18,0,1684,2021/03/22 10:57:26.831,surveyor_jr,2021/03/22 10:57:26.831,surveyor_jr,29,0,0,0,0, ,0,0
"211",2020/05/25 02:00:00,79,0,0,0,0,0,Zimbabwe,0,0,0,4,25,0,1685,2021/03/22 10:57:26.831,surveyor_jr,2021/03/22 10:57:26.831,surveyor_jr,50,0,0,0,0, ,0,0
"212",2021/02/17 02:00:00,35423,108,2063,636,4,5.235094523,"zimbabwe
",0,108,0,1418,31615,0,1686,2021/03/22 10:57:26.831,surveyor_jr,2021/03/22 10:57:26.831,surveyor_jr,2390,126,82,35,5,"From the hospitalized cases, 4 were asymptomatic. 4 deaths were recorded today and all of them were at institutional level.",4,0
"213",2020/05/26 02:00:00,79,0,0,0,0,0,Zimbabwe,0,0,0,4,25,0,1687,2021/03/22 10:57:26.831,surveyor_jr,2021/03/22 10:57:26.831,surveyor_jr,50,0,0,0,0, ,0,0
"214",2021/02/03 02:00:00,33964,150,2829,597,15,5.302226935,"zimbabwe
",0,150,0,1269,27391,0,1688,2021/03/22 10:57:26.831,surveyor_jr,2021/03/22 10:57:26.831,surveyor_jr,5304,178,98,65,15,All facilities submitted data today,0,0
"215",2020/11/14 02:00:00,8786,21,580,8,0,3.620689655,Zimbabwe,0,21,0,257,8096,0,1689,2021/03/22 10:57:26.831,surveyor_jr,2021/03/22 10:57:26.831,surveyor_jr,433,0,0,0,0, ,0,0
"216",2020/07/20 02:00:00,1713,102,502,0,1,20.3187251,Zimbabwe,0,0,0,26,472,0,1690,2021/03/22 10:57:26.831,surveyor_jr,2021/03/22 10:57:26.831,surveyor_jr,1215,0,0,0,0, ,0,0
"217",2020/09/02 02:00:00,6638,79,939,9,3,8.413205538,Zimbabwe,0,59,20,206,5250,0,1691,2021/03/22 10:57:26.831,surveyor_jr,2021/03/22 10:57:26.831,surveyor_jr,1182,0,0,0,0, ,0,0
"218",2020/06/28 02:00:00,564,0,0,0,0,0,Zimbabwe,0,0,0,6,142,0,1692,2021/03/22 10:57:26.831,surveyor_jr,2021/03/22 10:57:26.831,surveyor_jr,416,0,0,0,0, ,0,0
"219",2020/08/20 02:00:00,5745,102,1256,83,1,8.121019108,Zimbabwe,0,102,0,151,4525,0,1693,2021/03/22 10:57:26.831,surveyor_jr,2021/03/22 10:57:26.831,surveyor_jr,1069,0,0,0,0, ,0,0
"220",2020/05/16 02:00:00,44,2,0,4,0,0,Zimbabwe,0,0,0,4,17,0,1694,2021/03/22 10:57:26.831,surveyor_jr,2021/03/22 10:57:26.831,surveyor_jr,23,0,0,0,0, ,0,0
"221",2020/10/22 02:00:00,8242,27,827,17,0,3.264812576,Zimbabwe,0,15,12,236,7742,0,1695,2021/03/22 10:57:26.831,surveyor_jr,2021/03/22 10:57:26.831,surveyor_jr,264,0,0,0,0, ,0,0
"222",2020/06/23 02:00:00,525,13,0,0,0,0,Zimbabwe,0,0,0,4,64,0,1696,2021/03/22 10:57:26.831,surveyor_jr,2021/03/22 10:57:26.831,surveyor_jr,457,0,0,0,0, ,0,0
"223",2020/11/17 02:00:00,8945,48,875,49,3,5.485714286,Zimbabwe,0,47,1,260,8164,0,1697,2021/03/22 10:57:26.831,surveyor_jr,2021/03/22 10:57:26.831,surveyor_jr,521,0,0,0,0, ,0,0
"224",2021/01/04 02:00:00,15829,564,1874,142,4,30.09605123,Zimbabwe,0,564,0,384,11716,0,1698,2021/03/22 10:57:26.831,surveyor_jr,2021/03/22 10:57:26.831,surveyor_jr,3729,0,0,0,0, ,0,0
"225",2020/09/21 02:00:00,7706,23,263,24,1,8.745247148,Zimbabwe,0,23,0,226,5948,0,1699,2021/03/22 10:57:26.831,surveyor_jr,2021/03/22 10:57:26.831,surveyor_jr,1532,0,0,0,0, ,0,0
"226",2020/11/28 02:00:00,9714,91,907,73,1,10.03307607,Zimbabwe,0,91,0,275,8470,0,1700,2021/03/22 10:57:26.831,surveyor_jr,2021/03/22 10:57:26.831,surveyor_jr,969,0,0,0,0, ,0,0
"227",2020/05/10 02:00:00,36,0,0,0,0,0,Zimbabwe,0,0,0,4,9,0,1701,2021/03/22 10:57:26.831,surveyor_jr,2021/03/22 10:57:26.831,surveyor_jr,23,0,0,0,0, ,0,0
"228",2020/07/04 02:00:00,698,75,733,5,1,10.2319236,Zimbabwe,0,0,0,8,181,0,1702,2021/03/22 10:57:26.831,surveyor_jr,2021/03/22 10:57:26.831,surveyor_jr,509,0,0,0,0, ,0,0
"229",2021/02/03 02:00:00,33814,266,4160,211,20,6.394230769,"zimbabwe
",0,266,0,1254,26794,0,1703,2021/03/22 10:57:26.831,surveyor_jr,2021/03/22 10:57:26.831,surveyor_jr,5766,148,79,59,10,Mater Dei and Thorngroove did not report.,0,0
"230",2020/04/13 02:00:00,16,3,0,0,0,0,Zimbabwe,0,0,0,3,0,0,1704,2021/03/22 10:57:26.831,surveyor_jr,2021/03/22 10:57:26.831,surveyor_jr,13,0,0,0,0, ,0,0
"231",2020/07/09 02:00:00,926,41,580,100,3,7.068965517,Zimbabwe,0,0,0,12,306,0,1705,2021/03/22 10:57:26.831,surveyor_jr,2021/03/22 10:57:26.831,surveyor_jr,608,0,0,0,0, ,0,0
"232",2020/04/10 02:00:00,13,1,0,0,0,0,Zimbabwe,0,0,0,3,0,0,1706,2021/03/22 10:57:26.831,surveyor_jr,2021/03/22 10:57:26.831,surveyor_jr,10,0,0,0,0, ,0,0
"233",2020/07/03 02:00:00,623,8,499,3,0,1.603206413,Zimbabwe,0,0,0,7,176,0,1707,2021/03/22 10:57:26.831,surveyor_jr,2021/03/22 10:57:26.831,surveyor_jr,440,0,0,0,0, ,0,0
"234",2021/02/08 02:00:00,34658,106,2557,274,13,4.145482988,"zimbabwe
",0,106,0,1339,28825,0,1708,2021/03/22 10:57:26.831,surveyor_jr,2021/03/22 10:57:26.831,surveyor_jr,4494,166,98,42,12,From the hospitalized cases today 14 were reported to be Asymptomatic. 13 deaths were reported today of which 8 of the deaths occurred at Institutional level with the remaining 5 at community level.,14,0
"235",2020/03/20 02:00:00,1,1,0,0,0,0,Zimbabwe,0,0,0,0,0,0,1709,2021/03/22 10:57:26.831,surveyor_jr,2021/03/22 10:57:26.831,surveyor_jr,1,0,0,0,0, ,0,0
"236",2021/01/02 02:00:00,14491,407,1834,16,8,22.19193021,Zimbabwe,0,407,0,377,11363,0,1710,2021/03/22 10:57:26.831,surveyor_jr,2021/03/22 10:57:26.831,surveyor_jr,2751,0,0,0,0, ,0,0
"237",2020/05/22 02:00:00,56,5,0,0,0,0,Zimbabwe,0,0,0,4,18,0,1711,2021/03/22 10:57:26.831,surveyor_jr,2021/03/22 10:57:26.831,surveyor_jr,34,0,0,0,0, ,0,0
"238",2020/05/17 02:00:00,46,2,0,1,0,0,Zimbabwe,0,0,0,4,18,0,1712,2021/03/22 10:57:26.831,surveyor_jr,2021/03/22 10:57:26.831,surveyor_jr,24,0,0,0,0, ,0,0
"239",2020/07/07 02:00:00,787,53,592,4,0,8.952702703,Zimbabwe,0,0,0,9,201,0,1713,2021/03/22 10:57:26.831,surveyor_jr,2021/03/22 10:57:26.831,surveyor_jr,577,0,0,0,0, ,0,0
"240",2021/03/01 02:00:00,36115,26,2041,239,5,1.27388535,"zimbabwe
",0,26,0,1468,32905,0,1714,2021/03/22 10:57:26.831,surveyor_jr,2021/03/22 10:57:26.831,surveyor_jr,1742,157,44,35,10,Lockdown measures loosened by the President.,68,21456
"241",2020/07/21 02:00:00,1820,107,592,16,0,18.07432432,Zimbabwe,0,0,0,26,488,0,1715,2021/03/22 10:57:26.831,surveyor_jr,2021/03/22 10:57:26.831,surveyor_jr,1306,0,0,0,0, ,0,0
"242",2020/07/23 02:00:00,2124,90,1248,0,2,7.211538462,Zimbabwe,0,0,0,28,510,0,1716,2021/03/22 10:57:26.831,surveyor_jr,2021/03/22 10:57:26.831,surveyor_jr,1586,0,0,0,0, ,0,0
"243",2020/11/11 02:00:00,8667,57,613,6,0,9.298531811,Zimbabwe,0,33,24,255,8046,0,1717,2021/03/22 10:57:26.831,surveyor_jr,2021/03/22 10:57:26.831,surveyor_jr,366,0,0,0,0, ,0,0
"244",2021/01/06 02:00:00,17804,610,4696,153,13,12.98977853,Zimbabwe,0,610,0,431,11966,0,1718,2021/03/22 10:57:26.831,surveyor_jr,2021/03/22 10:57:26.831,surveyor_jr,5407,0,0,0,0, ,0,0
"245",2020/06/17 02:00:00,401,10,0,1,0,0,Zimbabwe,0,0,0,4,63,0,1719,2021/03/22 10:57:26.831,surveyor_jr,2021/03/22 10:57:26.831,surveyor_jr,334,0,0,0,0, ,0,0
"246",2020/12/03 02:00:00,10424,181,1294,83,3,13.98763524,Zimbabwe,0,178,3,280,8754,0,1720,2021/03/22 10:57:26.831,surveyor_jr,2021/03/22 10:57:26.831,surveyor_jr,1390,0,0,0,0, ,0,0
"247",2020/12/13 02:00:00,11246,27,1187,92,0,2.274641955,"Zimbabwe
",0,27,0,307,9451,0,1721,2021/03/22 10:57:26.831,surveyor_jr,2021/03/22 10:57:26.831,surveyor_jr,1488,0,0,0,0, ,0,0
"248",2020/12/17 02:00:00,11749,227,1352,103,3,16.78994083,Zimbabwe,0,227,0,313,9702,0,1722,2021/03/22 10:57:26.831,surveyor_jr,2021/03/22 10:57:26.831,surveyor_jr,1734,0,0,0,0, ,0,0
"249",2020/12/23 02:00:00,12656,112,1501,100,4,7.461692205,Zimbabwe,0,111,1,330,10259,0,1723,2021/03/22 10:57:26.831,surveyor_jr,2021/03/22 10:57:26.831,surveyor_jr,2067,0,0,0,0, ,0,0
"250",2020/06/11 02:00:00,335,9,0,2,0,0,Zimbabwe,0,0,0,4,51,0,1724,2021/03/22 10:57:26.831,surveyor_jr,2021/03/22 10:57:26.831,surveyor_jr,280,0,0,0,0, ,0,0
"251",2020/06/08 02:00:00,287,4,0,12,0,0,Zimbabwe,0,0,0,4,46,0,1725,2021/03/22 10:57:26.831,surveyor_jr,2021/03/22 10:57:26.831,surveyor_jr,237,0,0,0,0, ,0,0
"252",2020/04/23 02:00:00,28,0,0,0,0,0,Zimbabwe,0,0,0,4,2,0,1726,2021/03/22 10:57:26.831,surveyor_jr,2021/03/22 10:57:26.831,surveyor_jr,22,0,0,0,0, ,0,0
"253",2021/03/09 02:00:00,36321,32,2056,47,2,1.556420233,Zimbabwe,0,32,0,1489,33919,0,1727,2021/03/22 10:57:26.831,surveyor_jr,2021/03/22 10:57:26.831,surveyor_jr,913,137,30,24,13, ,70,35761
"254",2020/10/16 02:00:00,8099,24,615,4,0,3.902439024,Zimbabwe,0,24,0,231,7673,0,1728,2021/03/22 10:57:26.831,surveyor_jr,2021/03/22 10:57:26.831,surveyor_jr,195,0,0,0,0, ,0,0
"255",2021/02/19 02:00:00,35710,167,2385,151,10,7.002096436,"zimbabwe
",0,167,0,1430,31972,0,1729,2021/03/22 10:57:26.831,surveyor_jr,2021/03/22 10:57:26.831,surveyor_jr,2308,98,62,28,4,"Among the hospitalized, 4 were asymptomatic. Cases begin to rise again.",4,39
"256",2020/08/04 02:00:00,4221,146,1080,181,1,13.51851852,Zimbabwe,1533,146,0,81,1264,0,1730,2021/03/22 10:57:26.831,surveyor_jr,2021/03/22 10:57:26.831,surveyor_jr,2876,0,0,0,0, ,0,0
"257",2020/03/30 02:00:00,8,1,0,0,0,0,Zimbabwe,0,0,0,1,0,0,1731,2021/03/22 10:57:26.831,surveyor_jr,2021/03/22 10:57:26.831,surveyor_jr,7,0,0,0,0, ,0,0
"258",2021/02/21 02:00:00,35796,28,1212,29,4,2.310231023,"zimbabwe
",0,28,0,1436,32125,0,1732,2021/03/22 10:57:26.831,surveyor_jr,2021/03/22 10:57:26.831,surveyor_jr,2235,102,37,4,2,"From the hospitalized cases, 59 were asymptomatic.",59,39
"259",2020/09/27 02:00:00,7812,9,238,39,0,3.781512605,Zimbabwe,0,9,0,227,6106,0,1733,2021/03/22 10:57:26.831,surveyor_jr,2021/03/22 10:57:26.831,surveyor_jr,1479,0,0,0,0, ,0,0
"260",2021/03/18 02:00:00,36611,59,2484,90,1,2.375201288,Zimbabwe,0,59,0,1509,34226,0,1734,2021/03/22 10:57:26.831,surveyor_jr,2021/03/22 10:57:26.831,surveyor_jr,876,51,32,9,2, ,8,40002
"261",2021/01/11 02:00:00,21477,978,4936,143,24,19.81361426,Zimbabwe,0,978,0,507,12582,0,1735,2021/03/22 10:57:26.831,surveyor_jr,2021/03/22 10:57:26.831,surveyor_jr,8388,0,0,0,0, ,0,0
"262",2020/07/28 02:00:00,2817,113,1169,62,4,9.666381523,Zimbabwe,0,0,0,40,887,0,1736,2021/03/22 10:57:26.831,surveyor_jr,2021/03/22 10:57:26.831,surveyor_jr,1890,0,0,0,0, ,0,0
"263",2020/10/05 02:00:00,7898,10,929,65,0,1.076426265,Zimbabwe,0,10,0,228,6424,0,1737,2021/03/22 10:57:26.831,surveyor_jr,2021/03/22 10:57:26.831,surveyor_jr,1246,0,0,0,0, ,0,0
"264",2020/10/18 02:00:00,8147,37,263,5,0,14.06844106,Zimbabwe,0,37,0,231,7678,0,1738,2021/03/22 10:57:26.831,surveyor_jr,2021/03/22 10:57:26.831,surveyor_jr,238,0,0,0,0, ,0,0
"265",2020/06/18 02:00:00,463,62,0,0,0,0,Zimbabwe,0,0,0,4,63,0,1739,2021/03/22 10:57:26.831,surveyor_jr,2021/03/22 10:57:26.831,surveyor_jr,396,0,0,0,0, ,0,0
"266",2020/11/16 02:00:00,8897,68,848,20,0,8.018867925,Zimbabwe,0,68,0,257,8116,0,1740,2021/03/22 10:57:26.831,surveyor_jr,2021/03/22 10:57:26.831,surveyor_jr,524,0,0,0,0, ,0,0
"267",2020/08/26 02:00:00,6251,55,878,40,13,6.264236902,Zimbabwe,0,36,19,179,5001,0,1741,2021/03/22 10:57:26.831,surveyor_jr,2021/03/22 10:57:26.831,surveyor_jr,1071,0,0,0,0, ,0,0
"268",2020/06/05 02:00:00,265,31,0,2,0,0,Zimbabwe,0,0,0,4,33,0,1742,2021/03/22 10:57:26.831,surveyor_jr,2021/03/22 10:57:26.831,surveyor_jr,228,0,0,0,0, ,0,0
"269",2020/08/21 02:00:00,5815,70,1810,62,1,3.867403315,Zimbabwe,0,70,0,152,4587,0,1743,2021/03/22 10:57:26.831,surveyor_jr,2021/03/22 10:57:26.831,surveyor_jr,1076,0,0,0,0, ,0,0
"270",2020/09/07 02:00:00,7298,182,416,82,2,43.75,Zimbabwe,0,163,18,210,5422,0,1744,2021/03/22 10:57:26.831,surveyor_jr,2021/03/22 10:57:26.831,surveyor_jr,1666,0,0,0,0, ,0,0
"271",2021/01/05 02:00:00,17194,1365,4880,97,34,27.97131148,Zimbabwe,0,1365,0,418,11813,0,1745,2021/03/22 10:57:26.831,surveyor_jr,2021/03/22 10:57:26.831,surveyor_jr,4963,0,0,0,0, ,0,0
"272",2020/08/22 02:00:00,5893,78,1001,42,1,7.792207792,Zimbabwe,0,78,0,153,4629,0,1746,2021/03/22 10:57:26.831,surveyor_jr,2021/03/22 10:57:26.831,surveyor_jr,1111,0,0,0,0, ,0,0
"273",2020/07/11 02:00:00,982,40,394,0,5,10.15228426,Zimbabwe,0,0,0,18,320,0,1747,2021/03/22 10:57:26.831,surveyor_jr,2021/03/22 10:57:26.831,surveyor_jr,644,0,0,0,0, ,0,0
"274",2020/04/20 02:00:00,27,3,0,0,0,0,Zimbabwe,0,0,0,3,2,0,1748,2021/03/22 10:57:26.831,surveyor_jr,2021/03/22 10:57:26.831,surveyor_jr,22,0,0,0,0, ,0,0
"275",2021/03/20 02:00:00,36662,10,744,8,0,1.344086022,"zimbabwe
",0,10,0,1510,34257,0,1749,2021/03/22 10:57:26.831,surveyor_jr,2021/03/22 10:57:26.831,surveyor_jr,895,51,31,9,4, ,7,42210
"276",2020/12/12 02:00:00,11219,57,1364,35,1,4.17888563,Zimbabwe,0,56,1,307,9359,0,1750,2021/03/22 10:57:26.831,surveyor_jr,2021/03/22 10:57:26.831,surveyor_jr,1553,0,0,0,0, ,0,0
"277",2020/12/06 02:00:00,10718,101,548,36,0,18.43065693,"zimbabwe
",0,46,55,291,8880,0,1751,2021/03/22 10:57:26.831,surveyor_jr,2021/03/22 10:57:26.831,surveyor_jr,1547,0,0,0,0, ,0,0
"278",2020/12/15 02:00:00,11358,112,1626,103,2,6.888068881,Zimbabwe,0,112,0,309,9554,0,1752,2021/03/22 10:57:26.831,surveyor_jr,2021/03/22 10:57:26.831,surveyor_jr,1495,0,0,0,0, ,0,0
"279",2020/09/12 02:00:00,7508,29,1189,15,0,2.43902439,Zimbabwe,0,29,0,224,5675,0,1753,2021/03/22 10:57:26.831,surveyor_jr,2021/03/22 10:57:26.831,surveyor_jr,1609,0,0,0,0, ,0,0
"280",2020/05/04 02:00:00,34,0,0,0,0,0,Zimbabwe,0,0,0,4,5,0,1754,2021/03/22 10:57:26.831,surveyor_jr,2021/03/22 10:57:26.831,surveyor_jr,25,0,0,0,0, ,0,0
"281",2020/07/30 02:00:00,3092,213,1340,37,12,15.89552239,Zimbabwe,1851,205,8,53,1004,0,1755,2021/03/22 10:57:26.831,surveyor_jr,2021/03/22 10:57:26.831,surveyor_jr,2035,0,0,0,0, ,0,0
"282",2020/04/15 02:00:00,23,1,0,1,0,0,Zimbabwe,0,0,0,3,1,0,1756,2021/03/22 10:57:26.831,surveyor_jr,2021/03/22 10:57:26.831,surveyor_jr,19,0,0,0,0, ,0,0
"283",2021/01/07 02:00:00,18675,871,3826,117,15,22.76529012,Zimbabwe,0,871,0,446,12083,0,1757,2021/03/22 10:57:26.831,surveyor_jr,2021/03/22 10:57:26.831,surveyor_jr,6146,0,0,0,0, ,0,0
"284",2020/05/08 02:00:00,35,1,0,0,0,0,Zimbabwe,0,0,0,4,9,0,1758,2021/03/22 10:57:26.831,surveyor_jr,2021/03/22 10:57:26.831,surveyor_jr,22,0,0,0,0, ,0,0
"285",2020/10/28 02:00:00,8320,5,571,41,0,0.875656743,Zimbabwe,0,5,0,242,7845,0,1759,2021/03/22 10:57:26.831,surveyor_jr,2021/03/22 10:57:26.831,surveyor_jr,233,0,0,0,0, ,0,0
"286",2020/11/15 02:00:00,8829,43,960,0,0,4.479166667,Zimbabwe,0,43,0,257,8096,0,1760,2021/03/22 10:57:26.831,surveyor_jr,2021/03/22 10:57:26.831,surveyor_jr,476,0,0,0,0, ,0,0
"287",2020/09/18 02:00:00,7647,14,755,42,0,1.854304636,Zimbabwe,0,14,0,224,5883,0,1761,2021/03/22 10:57:26.831,surveyor_jr,2021/03/22 10:57:26.831,surveyor_jr,1540,0,0,0,0, ,0,0
"288",2020/08/27 02:00:00,6292,41,951,9,10,4.311251314,Zimbabwe,0,38,3,189,5010,0,1762,2021/03/22 10:57:26.831,surveyor_jr,2021/03/22 10:57:26.831,surveyor_jr,1093,0,0,0,0, ,0,0
"289",2021/02/05 02:00:00,34331,160,2645,386,15,6.049149338,"zimbabwe
",0,160,0,1303,28145,0,1763,2021/03/22 10:57:26.831,surveyor_jr,2021/03/22 10:57:26.831,surveyor_jr,4883,174,91,58,12,From the hospitalized cases 13 were asymptomatic. 15 deaths reported today pf which 11 occurred at institutional level and the remaining 4 were at community level.,13,0
"290",2021/03/08 02:00:00,36289,18,1764,38,2,1.020408163,Zimbabwe,0,18,0,1487,33872,0,1764,2021/03/22 10:57:26.831,surveyor_jr,2021/03/22 10:57:26.831,surveyor_jr,930,136,37,23,6, ,70,35518
"291",2020/12/22 02:00:00,12544,122,1425,47,4,8.561403509,Zimbabwe,0,105,17,326,10159,0,1765,2021/03/22 10:57:26.831,surveyor_jr,2021/03/22 10:57:26.831,surveyor_jr,2059,0,0,0,0, ,0,0
"292",2020/12/07 02:00:00,10839,121,1270,92,3,9.527559055,Zimbabwe,0,121,0,294,8972,0,1766,2021/03/22 10:57:26.831,surveyor_jr,2021/03/22 10:57:26.831,surveyor_jr,1573,0,0,0,0, ,0,0
"293",2020/06/16 02:00:00,391,5,0,8,0,0,Zimbabwe,0,0,0,4,62,0,1767,2021/03/22 10:57:26.831,surveyor_jr,2021/03/22 10:57:26.831,surveyor_jr,325,0,0,0,0, ,0,0
"294",2021/01/22 02:00:00,30523,476,3829,1511,45,12.43144424,Zimbabwe,0,476,0,962,21080,0,1768,2021/03/22 10:57:26.831,surveyor_jr,2021/03/22 10:57:26.831,surveyor_jr,8481,280,179,81,20, ,0,0
"295",2020/10/15 02:00:00,8075,20,818,29,0,2.444987775,Zimbabwe,0,17,3,231,7669,0,1769,2021/03/22 10:57:26.831,surveyor_jr,2021/03/22 10:57:26.831,surveyor_jr,175,0,0,0,0, ,0,0
"296",2020/06/04 02:00:00,234,12,0,2,0,0,Zimbabwe,0,0,0,4,31,0,1770,2021/03/22 10:57:26.831,surveyor_jr,2021/03/22 10:57:26.831,surveyor_jr,199,0,0,0,0, ,0,0
"297",2020/11/30 02:00:00,9950,128,965,10,1,13.2642487,Zimbabwe,0,128,0,276,8482,0,1771,2021/03/22 10:57:26.831,surveyor_jr,2021/03/22 10:57:26.831,surveyor_jr,1192,0,0,0,0, ,0,0
"298",2021/01/25 02:00:00,31646,326,2374,627,70,13.73209773,ZImbabwe,0,326,0,1075,22877,0,1772,2021/03/22 10:57:26.831,surveyor_jr,2021/03/22 10:57:26.831,surveyor_jr,7694,255,163,74,18, ,0,0
"299",2020/12/18 02:00:00,11749,0,1959,134,1,0,Zimbabwe,0,117,0,314,9836,0,1773,2021/03/22 10:57:26.831,surveyor_jr,2021/03/22 10:57:26.831,surveyor_jr,1599,0,0,0,0, ,0,0
"300",2020/08/14 02:00:00,5072,82,1211,71,0,6.771263419,Zimbabwe,0,82,0,128,2047,0,1774,2021/03/22 10:57:26.831,surveyor_jr,2021/03/22 10:57:26.831,surveyor_jr,2897,0,0,0,0, ,0,0
"301",2020/09/30 02:00:00,7838,1,467,181,0,0.214132762,Zimbabwe,0,1,0,228,6303,0,1775,2021/03/22 10:57:26.831,surveyor_jr,2021/03/22 10:57:26.831,surveyor_jr,1307,0,0,0,0, ,0,0
"302",2021/01/12 02:00:00,23239,942,4462,183,23,21.11160914,Zimbabwe,0,942,0,551,13396,0,1776,2021/03/22 10:57:26.831,surveyor_jr,2021/03/22 10:57:26.831,surveyor_jr,9292,0,0,0,0, ,0,0
"303",2020/08/16 02:00:00,5261,85,1546,45,2,5.498059508,Zimbabwe,0,81,4,132,2092,0,1777,2021/03/22 10:57:26.831,surveyor_jr,2021/03/22 10:57:26.831,surveyor_jr,3037,0,0,0,0, ,0,0
"304",2020/08/24 02:00:00,6070,140,770,78,0,18.18181818,Zimbabwe,0,134,5,155,4950,0,1778,2021/03/22 10:57:26.831,surveyor_jr,2021/03/22 10:57:26.831,surveyor_jr,965,0,0,0,0, ,0,0
"305",2021/03/21 02:00:00,36665,3,660,12,2,0.454545455,Zimbabwe,0,3,0,1512,34269,0,1779,2021/03/22 10:57:26.831,surveyor_jr,2021/03/22 10:57:26.831,surveyor_jr,884,44,24,9,3, ,8,42729
"306",2020/09/22 02:00:00,7711,5,637,31,0,0.784929356,Zimbabwe,0,5,0,226,5979,0,1780,2021/03/22 10:57:26.831,surveyor_jr,2021/03/22 10:57:26.831,surveyor_jr,1506,0,0,0,0, ,0,0
"307",2020/09/13 02:00:00,7526,18,367,3,0,4.904632153,Zimbabwe,0,18,0,224,5678,0,1781,2021/03/22 10:57:26.831,surveyor_jr,2021/03/22 10:57:26.831,surveyor_jr,1624,0,0,0,0, ,0,0
"308",2021/02/01 02:00:00,33548,160,2433,539,17,6.576243321,"zimbabwe
",0,160,0,1234,26583,0,1782,2021/03/22 10:57:26.831,surveyor_jr,2021/03/22 10:57:26.831,surveyor_jr,5731,177,99,69,9,"Mater Dei did not report on hospitalization today. From the 17 deaths reported , 10 occurred at Institutional level while the remaining 7 were at community level.",0,0
"309",2020/07/15 02:00:00,1089,25,603,0,0,4.145936982,Zimbabwe,0,0,0,20,395,0,1783,2021/03/22 10:57:26.831,surveyor_jr,2021/03/22 10:57:26.831,surveyor_jr,674,0,0,0,0, ,0,0
"310",2020/04/02 02:00:00,9,0,0,0,0,0,Zimbabwe,0,0,0,1,0,0,1784,2021/03/22 10:57:26.831,surveyor_jr,2021/03/22 10:57:26.831,surveyor_jr,8,0,0,0,0, ,0,0
"311",2020/05/03 02:00:00,34,0,0,0,0,0,Zimbabwe,0,0,0,4,5,0,1785,2021/03/22 10:57:26.831,surveyor_jr,2021/03/22 10:57:26.831,surveyor_jr,25,0,0,0,0, ,0,0
"312",2020/12/01 02:00:00,10129,95,1029,154,0,9.232264334,Zimbabwe,0,95,0,277,8643,0,1786,2021/03/22 10:57:26.831,surveyor_jr,2021/03/22 10:57:26.831,surveyor_jr,1209,0,0,0,0, ,0,0
"313",2020/08/10 02:00:00,4748,99,2816,87,0,3.515625,Zimbabwe,0,68,31,104,1544,0,1787,2021/03/22 10:57:26.831,surveyor_jr,2021/03/22 10:57:26.831,surveyor_jr,3100,0,0,0,0, ,0,0
"314",2020/06/06 02:00:00,274,9,0,0,0,0,Zimbabwe,0,0,0,4,33,0,1788,2021/03/22 10:57:26.831,surveyor_jr,2021/03/22 10:57:26.831,surveyor_jr,237,0,0,0,0, ,0,0
"315",2020/09/24 02:00:00,7752,27,721,36,0,3.74479889,Zimbabwe,0,26,1,227,6043,0,1789,2021/03/22 10:57:26.831,surveyor_jr,2021/03/22 10:57:26.831,surveyor_jr,1482,0,0,0,0, ,0,0
"316",2020/03/28 02:00:00,7,0,0,0,0,0,Zimbabwe,0,0,0,1,0,0,1790,2021/03/22 10:57:26.831,surveyor_jr,2021/03/22 10:57:26.831,surveyor_jr,6,0,0,0,0, ,0,0
"317",2020/07/01 02:00:00,605,22,380,4,0,5.789473684,Zimbabwe,0,0,0,7,166,0,1791,2021/03/22 10:57:26.831,surveyor_jr,2021/03/22 10:57:26.831,surveyor_jr,432,0,0,0,0, ,0,0
"318",2020/04/25 02:00:00,31,0,0,0,0,0,Zimbabwe,0,0,0,4,2,0,1792,2021/03/22 10:57:26.831,surveyor_jr,2021/03/22 10:57:26.831,surveyor_jr,25,0,0,0,0, ,0,0
"319",2021/02/16 02:00:00,35315,93,3130,220,4,2.971246006,"zimbabwe
",0,93,0,1414,30979,0,1793,2021/03/22 10:57:26.831,surveyor_jr,2021/03/22 10:57:26.831,surveyor_jr,2922,106,65,34,4,3 cases from the hospitalized were asymptomatic.,3,0
"320",2020/05/05 02:00:00,34,0,0,0,0,0,Zimbabwe,0,0,0,4,5,0,1794,2021/03/22 10:57:26.831,surveyor_jr,2021/03/22 10:57:26.831,surveyor_jr,25,0,0,0,0, ,0,0
"321",2020/11/22 02:00:00,9220,48,1404,15,3,3.418803419,Zimbabwe,0,47,1,268,8250,0,1795,2021/03/22 10:57:26.831,surveyor_jr,2021/03/22 10:57:26.831,surveyor_jr,702,0,0,0,0, ,0,0
"322",2020/08/13 02:00:00,4990,97,1108,307,6,8.754512635,Zimbabwe,0,97,0,128,1998,0,1796,2021/03/22 10:57:26.831,surveyor_jr,2021/03/22 10:57:26.831,surveyor_jr,2864,0,0,0,0, ,0,0
"323",2020/06/12 02:00:00,345,10,0,0,0,0,Zimbabwe,0,0,0,4,51,0,1797,2021/03/22 10:57:26.831,surveyor_jr,2021/03/22 10:57:26.831,surveyor_jr,290,0,0,0,0, ,0,0
"324",2020/05/13 02:00:00,37,0,0,1,0,0,Zimbabwe,0,0,0,4,13,0,1798,2021/03/22 10:57:26.831,surveyor_jr,2021/03/22 10:57:26.831,surveyor_jr,20,0,0,0,0, ,0,0
"325",2020/12/30 02:00:00,13625,300,2462,87,1,12.18521527,Zimbabwe,0,287,13,360,11154,0,1799,2021/03/22 10:57:26.831,surveyor_jr,2021/03/22 10:57:26.831,surveyor_jr,2111,0,0,0,0, ,0,0
"326",2021/02/23 02:00:00,35910,48,1873,72,7,2.562733582,"zimbabwe
",0,48,0,1448,32288,0,1800,2021/03/22 10:57:26.831,surveyor_jr,2021/03/22 10:57:26.831,surveyor_jr,2174,156,52,36,4, ,64,2727
"327",2021/03/12 02:00:00,36423,46,2109,24,4,2.181128497,Zimbabwe,0,46,0,1496,33996,0,1801,2021/03/22 10:57:26.831,surveyor_jr,2021/03/22 10:57:26.831,surveyor_jr,931,126,24,18,2, ,82,36283
"328",2021/01/29 02:00:00,32646,342,4164,732,38,8.213256484,"zimbabwe
",0,342,0,1160,24419,0,1802,2021/03/22 10:57:26.831,surveyor_jr,2021/03/22 10:57:26.831,surveyor_jr,7067,0,0,0,0, ,0,0
"329",2021/02/11 02:00:00,34949,85,2237,159,18,3.799731784,"zimbabwe
",0,85,0,1382,29630,0,1803,2021/03/22 10:57:26.831,surveyor_jr,2021/03/22 10:57:26.831,surveyor_jr,3937,114,59,41,7,"From the hospitalized cases today, only 7 were asymptomatic. 18 deaths were reported in today and 13 deaths were at institutional level while 5 were at community level.",18,0
"330",2021/01/29 02:00:00,32952,306,4254,453,18,7.193229901,zimbabwe,0,306,0,1178,24872,0,1804,2021/03/22 10:57:26.831,surveyor_jr,2021/03/22 10:57:26.831,surveyor_jr,6902,200,116,72,12, ,0,0
"331",2020/11/21 02:00:00,9172,52,604,11,0,8.609271523,Zimbabwe,0,52,0,265,8235,0,1805,2021/03/22 10:57:26.831,surveyor_jr,2021/03/22 10:57:26.831,surveyor_jr,672,0,0,0,0, ,0,0
"332",2021/02/20 02:00:00,35768,58,1436,124,2,4.038997214,"zimbabwe
",0,58,0,1432,32096,0,1806,2021/03/22 10:57:26.831,surveyor_jr,2021/03/22 10:57:26.831,surveyor_jr,2240,155,47,30,5,"From the hospitalized cases, 73 were asymptomatic.",73,39
"333",2021/02/15 02:00:00,35222,50,1481,158,10,3.376097232,"zimbabwe
",0,50,0,1410,30759,0,1807,2021/03/22 10:57:26.831,surveyor_jr,2021/03/22 10:57:26.831,surveyor_jr,3053,109,59,39,3,From the hospitalized patients only 8 were asymptomatic.,8,0
"334",2020/07/08 02:00:00,885,98,606,5,0,16.17161716,Zimbabwe,0,0,0,9,206,0,1808,2021/03/22 10:57:26.831,surveyor_jr,2021/03/22 10:57:26.831,surveyor_jr,670,0,0,0,0, ,0,0
"335",2020/08/02 02:00:00,3921,262,1608,5,1,16.29353234,Zimbabwe,66,234,28,70,1057,0,1809,2021/03/22 10:57:26.831,surveyor_jr,2021/03/22 10:57:26.831,surveyor_jr,2794,0,0,0,0, ,0,0
"336",2020/08/09 02:00:00,4649,74,1293,21,2,5.723124517,Zimbabwe,4,57,17,104,1524,0,1810,2021/03/22 10:57:26.831,surveyor_jr,2021/03/22 10:57:26.831,surveyor_jr,3021,0,0,0,0, ,0,0
"337",2020/09/29 02:00:00,7837,21,467,10,0,4.496788009,Zimbabwe,0,21,0,228,6122,0,1811,2021/03/22 10:57:26.831,surveyor_jr,2021/03/22 10:57:26.831,surveyor_jr,1487,0,0,0,0, ,0,0
"338",2020/03/22 02:00:00,2,0,0,0,0,0,Zimbabwe,0,0,0,0,0,0,1812,2021/03/22 10:57:26.831,surveyor_jr,2021/03/22 10:57:26.831,surveyor_jr,2,0,0,0,0, ,0,0
"339",2020/11/26 02:00:00,9623,115,1770,61,0,6.497175141,Zimbabwe,0,115,0,274,8397,0,1813,2021/03/22 10:57:26.831,surveyor_jr,2021/03/22 10:57:26.831,surveyor_jr,952,0,0,0,0, ,0,0
"340",2020/07/18 02:00:00,1478,58,541,1,1,10.72088725,Zimbabwe,0,0,0,25,439,0,1814,2021/03/22 10:57:26.831,surveyor_jr,2021/03/22 10:57:26.831,surveyor_jr,1014,0,0,0,0, ,0,0
"341",2020/11/10 02:00:00,8610,49,1151,17,1,4.25716768,Zimbabwe,0,20,29,255,8040,0,1815,2021/03/22 10:57:26.831,surveyor_jr,2021/03/22 10:57:26.831,surveyor_jr,315,0,0,0,0, ,0,0
"342",2020/07/24 02:00:00,2296,172,1055,4,4,16.30331754,Zimbabwe,0,0,0,32,514,0,1816,2021/03/22 10:57:26.831,surveyor_jr,2021/03/22 10:57:26.831,surveyor_jr,1750,0,0,0,0, ,0,0
"343",2021/03/07 02:00:00,36271,11,535,29,0,2.056074766,Zimbabwe,0,11,0,1485,33834,0,1817,2021/03/22 10:57:26.831,surveyor_jr,2021/03/22 10:57:26.831,surveyor_jr,952,130,23,19,10, ,78,32240
"344",2021/01/18 02:00:00,27892,689,3829,860,60,17.99425437,Zimbabwe,0,689,0,773,17372,0,1818,2021/03/22 10:57:26.831,surveyor_jr,2021/03/22 10:57:26.831,surveyor_jr,9747,0,0,0,0, ,0,0
"345",2020/09/23 02:00:00,7725,14,630,28,1,2.222222222,Zimbabwe,0,14,0,227,6007,0,1819,2021/03/22 10:57:26.831,surveyor_jr,2021/03/22 10:57:26.831,surveyor_jr,1491,0,0,0,0, ,0,0
"346",2020/06/09 02:00:00,314,27,0,0,0,0,Zimbabwe,0,0,0,4,46,0,1820,2021/03/22 10:57:26.831,surveyor_jr,2021/03/22 10:57:26.831,surveyor_jr,264,0,0,0,0, ,0,0
"347",2020/03/27 02:00:00,7,2,0,0,0,0,Zimbabwe,0,0,0,1,0,0,1821,2021/03/22 10:57:26.831,surveyor_jr,2021/03/22 10:57:26.831,surveyor_jr,6,0,0,0,0, ,0,0
"348",2021/02/18 02:00:00,35543,120,3978,206,2,3.016591252,"zimbabwe
",0,120,0,1420,31821,0,1822,2021/03/22 10:57:26.831,surveyor_jr,2021/03/22 10:57:26.831,surveyor_jr,2302,117,83,27,5,"From the hospitalized cases, 2 were asymptomatic. Harare cases are from a closed constriction compound (a localized outbreak). The vaccination program has been launched by The Hon Vice President & Minister of Health. All deaths were at institutional leve",2,0
"349",2020/10/06 02:00:00,7915,17,899,16,1,1.890989989,Zimbabwe,0,15,2,229,6440,0,1823,2021/03/22 10:57:26.831,surveyor_jr,2021/03/22 10:57:26.831,surveyor_jr,1246,0,0,0,0, ,0,0
"350",2021/01/23 02:00:00,31007,484,2545,297,12,19.01768173,Zimbabwe,0,484,0,974,21377,0,1824,2021/03/22 10:57:26.831,surveyor_jr,2021/03/22 10:57:26.831,surveyor_jr,8656,278,172,89,17, ,0,0
"351",2020/10/25 02:00:00,8276,7,816,12,1,0.857843137,Zimbabwe,0,7,0,237,7797,0,1825,2021/03/22 10:57:26.831,surveyor_jr,2021/03/22 10:57:26.831,surveyor_jr,242,0,0,0,0, ,0,0
"352",2020/10/24 02:00:00,8269,12,626,14,0,1.916932907,Zimbabwe,0,11,1,236,7785,0,1826,2021/03/22 10:57:26.831,surveyor_jr,2021/03/22 10:57:26.831,surveyor_jr,248,0,0,0,0, ,0,0
"353",2020/12/27 02:00:00,13077,114,1015,74,8,11.23152709,Zimbabwe,0,114,0,349,10593,0,1827,2021/03/22 10:57:26.831,surveyor_jr,2021/03/22 10:57:26.831,surveyor_jr,2135,0,0,0,0, ,0,0
"354",2020/07/25 02:00:00,2434,138,2096,4,2,6.583969466,Zimbabwe,0,0,0,34,518,0,1828,2021/03/22 10:57:26.831,surveyor_jr,2021/03/22 10:57:26.831,surveyor_jr,1882,0,0,0,0, ,0,0
"355",2020/09/17 02:00:00,7633,35,1011,18,0,3.461918892,Zimbabwe,0,32,2,224,5841,0,1829,2021/03/22 10:57:26.831,surveyor_jr,2021/03/22 10:57:26.831,surveyor_jr,1568,0,0,0,0, ,0,0
"356",2020/04/24 02:00:00,31,3,0,0,0,0,Zimbabwe,0,0,0,4,2,0,1830,2021/03/22 10:57:26.831,surveyor_jr,2021/03/22 10:57:26.831,surveyor_jr,25,0,0,0,0, ,0,0
"357",2020/12/28 02:00:00,13148,71,951,112,5,7.465825447,Zimbabwe,0,69,4,354,10705,0,1831,2021/03/22 10:57:26.831,surveyor_jr,2021/03/22 10:57:26.831,surveyor_jr,2089,0,0,0,0, ,0,0
"358",2020/11/05 02:00:00,8444,17,855,8,0,1.988304094,Zimbabwe,0,16,1,248,7967,0,1832,2021/03/22 10:57:26.831,surveyor_jr,2021/03/22 10:57:26.831,surveyor_jr,229,0,0,0,0, ,0,0
"359",2020/10/09 02:00:00,7994,43,123,28,0,34.95934959,Zimbabwe,0,42,1,229,6474,0,1833,2021/03/22 10:57:26.831,surveyor_jr,2021/03/22 10:57:26.831,surveyor_jr,1291,0,0,0,0, ,0,0
"360",2020/06/27 02:00:00,564,5,0,7,0,0,Zimbabwe,0,0,0,6,142,0,1834,2021/03/22 10:57:26.831,surveyor_jr,2021/03/22 10:57:26.831,surveyor_jr,416,0,0,0,0, ,0,0
"361",2020/08/17 02:00:00,5308,47,898,1756,3,5.233853007,Zimbabwe,0,42,5,135,3848,0,1835,2021/03/22 10:57:26.831,surveyor_jr,2021/03/22 10:57:26.831,surveyor_jr,1325,0,0,0,0, ,0,0
"362",2020/07/05 02:00:00,714,16,411,0,0,3.892944039,Zimbabwe,0,0,0,8,181,0,1836,2021/03/22 10:57:26.831,surveyor_jr,2021/03/22 10:57:26.831,surveyor_jr,525,0,0,0,0, ,0,0
"363",2020/11/09 02:00:00,8561,30,697,17,1,4.304160689,Zimbabwe,0,30,0,254,8023,0,1837,2021/03/22 10:57:26.831,surveyor_jr,2021/03/22 10:57:26.831,surveyor_jr,284,0,0,0,0, ,0,0
"364",2020/03/19 02:00:00,0,0,34711,0,0,0,Zimbabwe,0,0,0,0,0,0,1838,2021/03/22 10:57:26.831,surveyor_jr,2021/03/22 10:57:26.831,surveyor_jr,0,0,0,0,0, ,0,0
"365",2020/06/29 02:00:00,574,10,0,10,1,0,Zimbabwe,0,0,0,7,152,0,1839,2021/03/22 10:57:26.831,surveyor_jr,2021/03/22 10:57:26.831,surveyor_jr,415,0,0,0,0, ,0,0
"366",2020/05/30 02:00:00,174,14,0,0,0,0,Zimbabwe,0,0,0,4,29,0,1840,2021/03/22 10:57:26.831,surveyor_jr,2021/03/22 10:57:26.831,surveyor_jr,141,0,0,0,0, ,0,0
"367",2020/03/26 02:00:00,5,2,0,0,0,0,Zimbabwe,0,0,0,1,0,0,1841,2021/03/22 10:57:26.831,surveyor_jr,2021/03/22 10:57:26.831,surveyor_jr,4,0,0,0,0, ,0,0
"368",2020/04/28 02:00:00,32,0,0,0,0,0,Zimbabwe,0,0,0,4,5,0,1842,2021/03/22 10:57:26.831,surveyor_jr,2021/03/22 10:57:26.831,surveyor_jr,23,0,0,0,0, ,0,0
"369",2021/01/15 02:00:00,25368,1112,3106,1056,47,35.80167418,Zimbabwe,0,1147,0,636,14714,0,1843,2021/03/22 10:57:26.831,surveyor_jr,2021/03/22 10:57:26.831,surveyor_jr,10018,0,0,0,0, ,0,0
"370",2020/04/12 02:00:00,13,0,0,0,0,0,Zimbabwe,0,0,0,3,0,0,1844,2021/03/22 10:57:26.831,surveyor_jr,2021/03/22 10:57:26.831,surveyor_jr,10,0,0,0,0, ,0,0
"371",2020/06/14 02:00:00,382,31,0,0,0,0,Zimbabwe,0,0,0,4,54,0,1845,2021/03/22 10:57:26.831,surveyor_jr,2021/03/22 10:57:26.831,surveyor_jr,324,0,0,0,0, ,0,0
"372",2021/01/15 02:00:00,26109,741,3386,700,30,21.88422918,Zimbabwe,0,741,0,666,15414,0,1846,2021/03/22 10:57:26.831,surveyor_jr,2021/03/22 10:57:26.831,surveyor_jr,10029,0,0,0,0, ,0,0
"373",2020/10/03 02:00:00,7885,27,421,5,0,6.413301663,Zimbabwe,0,22,5,228,6327,0,1847,2021/03/22 10:57:26.831,surveyor_jr,2021/03/22 10:57:26.831,surveyor_jr,1330,0,0,0,0, ,0,0
"374",2020/07/06 02:00:00,734,20,312,16,1,6.41025641,Zimbabwe,0,0,0,9,197,0,1848,2021/03/22 10:57:26.831,surveyor_jr,2021/03/22 10:57:26.831,surveyor_jr,528,0,0,0,0, ,0,0
"375",2021/02/23 02:00:00,35862,66,1643,91,5,4.017041996,"zimbabwe
",0,66,0,1441,32216,0,1849,2021/03/22 10:57:26.831,surveyor_jr,2021/03/22 10:57:26.831,surveyor_jr,2205,147,43,36,5,63 were asymptomatic.,63,1314
"376",2020/09/25 02:00:00,7787,35,667,14,0,5.247376312,Zimbabwe,0,16,18,227,6055,0,1850,2021/03/22 10:57:26.831,surveyor_jr,2021/03/22 10:57:26.831,surveyor_jr,1505,0,0,0,0, ,0,0
"377",2021/03/04 02:00:00,36179,31,1903,403,6,1.629006831,"zimbabwe
",0,31,0,1478,33392,0,1851,2021/03/22 10:57:26.831,surveyor_jr,2021/03/22 10:57:26.831,surveyor_jr,1309,141,20,6,2, ,103,27970
"378",2020/10/30 02:00:00,8362,13,911,20,0,1.427003293,Zimbabwe,0,13,0,242,7884,0,1852,2021/03/22 10:57:26.831,surveyor_jr,2021/03/22 10:57:26.831,surveyor_jr,236,0,0,0,0, ,0,0
"379",2020/03/21 02:00:00,2,1,0,0,0,0,Zimbabwe,0,0,0,0,0,0,1853,2021/03/22 10:57:26.831,surveyor_jr,2021/03/22 10:57:26.831,surveyor_jr,2,0,0,0,0, ,0,0
"380",2020/04/14 02:00:00,22,6,0,0,0,0,Zimbabwe,0,0,0,3,0,0,1854,2021/03/22 10:57:26.831,surveyor_jr,2021/03/22 10:57:26.831,surveyor_jr,19,0,0,0,0, ,0,0
"381",2020/11/20 02:00:00,9120,74,950,34,0,7.789473684,Zimbabwe,0,74,0,265,8229,0,1855,2021/03/22 10:57:26.831,surveyor_jr,2021/03/22 10:57:26.831,surveyor_jr,626,0,0,0,0, ,0,0
"382",2020/08/18 02:00:00,5378,70,1229,257,6,5.695687551,Zimbabwe,0,67,3,141,4105,0,1856,2021/03/22 10:57:26.831,surveyor_jr,2021/03/22 10:57:26.831,surveyor_jr,1132,0,0,0,0, ,0,0
"383",2020/12/20 02:00:00,12325,174,2144,40,2,8.115671642,Zimbabwe,0,174,0,320,10024,0,1857,2021/03/22 10:57:26.831,surveyor_jr,2021/03/22 10:57:26.831,surveyor_jr,1981,0,0,0,0, ,0,0
"384",2021/03/22 02:00:00,36684,19,2342,46,2,0.8, ,0,19,0,1514,34315,0,1858,2021/03/22 22:03:39.821,surveyor_jr,2021/03/22 22:03:39.821,surveyor_jr,855,54,21,11,2,second dosages for the vaccination process underway,20,43294
"385",2021/03/23 02:00:00,36717,33,1743,132,2,1.9, ,0,33,0,1516,34447,0,1859,2021/03/23 21:49:29.573,surveyor_jr,2021/03/23 21:49:29.573,surveyor_jr,754,54,22,9,3, ,20,44135
"386",2021/03/24 02:00:00,36749,32,3518,29,0,0.9, ,0,32,0,1516,34476,0,1860,2021/03/24 21:51:53.556,surveyor_jr,2021/03/24 21:51:53.556,surveyor_jr,757,47,21,9,3, ,14,49404
"387",2021/03/26 02:00:00,36778,29,1914,79,2,1.5, ,0,27,2,1518,34555,0,1861,2021/03/26 00:14:51.713,surveyor_jr,2021/03/26 00:14:51.713,surveyor_jr,705,55,15,18,4, ,18,54892
"388",2021/03/26 02:00:00,36805,27,3074,17,0,0.9, ,0,27,0,1518,34572,0,1862,2021/03/26 21:58:19.543,surveyor_jr,2021/03/26 21:58:19.543,surveyor_jr,715,45,21,8,2, ,14,61093
"389",2021/03/27 02:00:00,36818,13,1990,3,1,0.7, ,0,13,0,1519,34575,0,1863,2021/03/27 22:30:12.803,surveyor_jr,2021/03/27 22:30:12.803,surveyor_jr,724,33,16,1,2,Parirenyatwa and UBH did not report,14,65466
"390",2021/03/28 02:00:00,36822,4,1098,28,1,0.4, ,0,4,0,1520,34603,0,1864,2021/03/28 22:35:06.123,surveyor_jr,2021/03/28 22:35:06.123,surveyor_jr,699,22,8,0,0, ,14,68511
"391",2021/03/29 02:00:00,36839,17,1467,14,0,1.2,"Zimbabwe
",0,17,0,1520,34617,0,1865,2021/03/29 22:22:02.942,surveyor_jr,2021/03/29 22:22:02.942,surveyor_jr,702,33,15,13,3,50% of reporting sites did not report.,2,69751
"392",2021/03/30 02:00:00,36858,19,2675,19,1,0.7, ,0,19,0,1521,34636,0,1866,2021/03/31 08:31:32.814,surveyor_jr,2021/03/31 08:31:32.814,surveyor_jr,701,47,26,9,3, ,9,72944
"393",2021/03/31 02:00:00,36882,24,1440,50,2,1.7, ,0,24,0,1523,34686,0,1867,2021/03/31 23:28:47.130,surveyor_jr,2021/03/31 23:28:47.130,surveyor_jr,673,43,20,11,3, ,9,76995
"394",2021/04/01 02:00:00,36896,14,2337,12,0,0.6, ,0,14,0,1523,34698,0,1868,2021/04/01 22:00:33.461,surveyor_jr,2021/04/01 22:00:33.461,surveyor_jr,675,34,18,7,3, ,6,87791
"395",2021/04/02 02:00:00,36903,7,1362,10,1,0.5, ,0,7,0,1524,34708,0,1869,2021/04/02 21:45:29.585,surveyor_jr,2021/04/02 21:45:29.585,surveyor_jr,671,30,17,7,3, ,3,103815
"396",2021/04/03 02:00:00,36911,8,1081,24,0,0.7, ,0,8,0,1524,34732,0,1870,2021/04/04 02:00:52.395,surveyor_jr,2021/04/04 02:00:52.395,surveyor_jr,655,32,16,8,4, ,4,111588
"397",2021/04/04 02:00:00,36923,12,1115,16,1,1.1, ,0,12,0,1525,34748,0,1871,2021/04/04 22:02:53.034,surveyor_jr,2021/04/04 22:02:53.034,surveyor_jr,650,10,7,0,0, ,3,117297
"398",2021/04/05 02:00:00,36934,11,1171,10,0,0.9,Zimbabwe,0,11,0,1525,34758,0,1872,2021/04/05 23:54:55.191,surveyor_jr,2021/04/05 23:54:55.191,surveyor_jr,651,14,4,7,0,"Midlands, Mash Central, Masvingo and Mash West did not report",0,123454
"399",2021/04/06 02:00:00,36966,32,1604,23,6,2, ,0,32,0,1531,34781,0,1873,2021/04/06 21:40:31.905,surveyor_jr,2021/04/06 21:40:31.905,surveyor_jr,654,18,7,9,2, ,0,139133
"400",2021/04/07 02:00:00,36984,18,3301,22,0,0.55, ,0,18,0,1531,34803,0,1874,2021/04/07 21:29:01.870,surveyor_jr,2021/04/07 21:29:01.870,surveyor_jr,650,26,9,8,3, ,6,153238
"401",2021/04/08 02:00:00,37052,68,1841,11,1,3.7, ,0,68,0,1532,34814,0,1875,2021/04/08 22:26:06.224,surveyor_jr,2021/04/08 22:26:06.224,surveyor_jr,706,27,15,9,2,55 cases are from a boarding school in Mzingwane,1,166543
"402",2021/04/09 02:00:00,37147,95,2407,17,3,4, ,0,95,0,1535,34831,0,1876,2021/04/10 06:49:05.359,surveyor_jr,2021/04/10 06:49:05.359,surveyor_jr,781,24,13,8,3,Mash-West and Masvingo did not report,0,178237
"403",2021/04/10 02:00:00,37273,126,2167,31,3,5.8, ,0,126,0,1538,34862,0,1877,2021/04/10 22:51:00.110,surveyor_jr,2021/04/10 22:51:00.110,surveyor_jr,873,35,23,9,3,Mat North and Masvingo did not report. 100 more cases from the same boarding school in Mat South (Sacred High): the outbreak is localized at the school.,0,193936
"404",2021/04/11 02:00:00,37288,15,1257,11,0,1.2,Zimbabwe,0,15,0,1538,34873,0,1878,2021/04/12 06:40:53.279,surveyor_jr,2021/04/12 06:40:53.279,surveyor_jr,877,4,4,0,0,"Only 4 provinces (Masvingo, Mat South, Mash East and Mash Central reported today)",0,194594
"405",2021/04/12 02:00:00,37307,19,1111,28,4,1.7, ,0,19,0,1542,34901,0,1879,2021/04/12 22:59:35.747,surveyor_jr,2021/04/12 22:59:35.747,surveyor_jr,864,30,14,11,5,"Midlands, Masvingo and Bulawayo did not report",0,205275
"406",2021/04/13 02:00:00,37330,23,1950,31,1,1.2,Zimbabwe,0,23,0,1543,34932,0,1880,2021/04/13 22:56:13.353,surveyor_jr,2021/04/13 22:56:13.353,surveyor_jr,855,36,19,9,5,"Midlands,  Masvingo and Bulawayo did not report",3,218516
"407",2021/04/14 02:00:00,37369,39,2375,14,5,1.6, ,0,39,0,1548,34946,0,1881,2021/04/15 00:02:46.114,surveyor_jr,2021/04/15 00:02:46.114,surveyor_jr,875,31,21,6,4,"Midlands, Masvingo and Bulawayo did not report",0,231632
"408",2021/04/15 02:00:00,37422,53,2711,15,2,2,Zimbabwe,0,53,0,1550,34961,0,1882,2021/04/15 23:11:06.532,surveyor_jr,2021/04/15 23:11:06.532,surveyor_jr,911,28,14,8,3,"Midlands, Masvingo, Mash West and Wilkins Hopsital did not report today.",3,252932
"409",2021/04/16 02:00:00,37354,112,2021,20,1,5.5,Zimbabwe,0,112,0,1551,34981,0,1883,2021/04/17 00:24:22.958,surveyor_jr,2021/04/17 00:24:22.958,surveyor_jr,1002,35,26,7,2,"Midlands, Masvingo, Mat South and UBH did not report today",0,269732
"410",2021/04/17 02:00:00,37699,165,2311,24,1,7.1, ,0,165,0,1552,35005,0,1884,2021/04/17 22:49:23.564,surveyor_jr,2021/04/17 22:49:23.564,surveyor_jr,1142,34,25,7,2,"High cases from Manicaland are from an outbreak at a school in the Province. Masvingo, Mat North and Wilkins did not report today.",0,276095
"411",2021/04/18 02:00:00,37751,52,1111,14,1,4.7, ,0,52,0,1553,35019,0,1885,2021/04/18 22:34:15.486,surveyor_jr,2021/04/18 22:34:15.486,surveyor_jr,1179,8,7,1,0,"ONLY Mat North, Mash East and Mash Central reported on admissions today.",0,278583
"412",2021/04/19 02:00:00,37859,108,1863,12,0,5.8, ,0,108,0,1553,35031,0,1886,2021/04/20 00:05:06.257,surveyor_jr,2021/04/20 00:05:06.257,surveyor_jr,1275,22,14,5,3,"The 1010 cases from Mat South today include 32 cases recorded yesterday but were reported after the report had been published. Midlands, Mat North, Masvingo, Mash Central and Arundel did not report today.",0,280568
"413",2021/04/20 02:00:00,37875,16,2493,27,1,0.64, ,0,16,0,1554,35058,0,1887,2021/04/20 22:35:58.885,surveyor_jr,2021/04/20 22:35:58.885,surveyor_jr,1263,44,33,6,3,"Masvingo, UBHI did not report today",2,288229
"414",2021/04/21 02:00:00,37980,105,1930,7,1,5.4,Zimbabwe,0,105,0,1555,35065,0,1888,2021/04/21 22:52:22.609,surveyor_jr,2021/04/21 22:52:22.609,surveyor_jr,1360,41,27,8,4,"The 74 cases from Manicaland are from the same school with an outbreak initially reported on 17 April. Midlands, Masvingo, Manicaland and UBH did not report today.",2,295631
"415",2021/05/06 23:08:00,38398,41,3360,216,1,1.2,,,40,1,1575,36027,,,,,,,796,25,14,5,2,"Midlands, Masvingo, Mat North, Mash East, Mash Central, Arundel, Wilkins and St Anne's did not report today",4,478174
"416",2021/05/07 21:24:00,38403,5,1401,14,1,0.4,,,5,0,1576,36041,,,,,,,786,24,16,7,1,"Midlands, Masvingo, Mat North, Mat South, Mash West, Arundel, Wilkins and St Anne's did not report today. ZIMBABWE HAS TODAY REACHED HALF A MILLION PEOPLE WHO HAVE BEEN VACCINATED AGAINST COVID-19",0,500422
"417",2021/05/08 22:31:00,38414,11,1770,11,0,0.6,,,11,0,1576,36052,,,,,,,786,17,9,2,3,"Parirenyatwa, Masvingo, UBH, Mash West and St Anne's did not report today.",3,8852
"418",2021/05/09 23:44:00,38419,5,1300,11,0,0.4,,,5,0,1576,36063,,,,,,,780,12,7,1,1,"Mat North, Mat South, Mash West, Mash Central and Health Point are the only centers that reported today.",3,526066
"419",2021/05/10 22:36:00,38433,14,2096,145,0,0.7,,,14,0,1576,36208,,,,,,,649,24,14,6,1,"Mat South, Manicaland, Mash West, Wilkins, St Anne's & Arundel did not report today",3,529360
"420",2021/05/11 22:35:00,38448,15,2118,13,3,0.7,,,15,0,1579,36221,,,,,,,648,25,11,9,2,"Mat South, Masvingo, Midlands, Mash West, Wilkins, St Anne's & Arundel did not report today",3,539526
"421",2021/05/12 22:49:00,38466,18,1839,56,0,0.98,,,18,0,1579,36277,,,,,,,610,19,8,6,2,"Midlands, Mash West, Mash Central, Wilkins, St Anne's & Arundel did not report today",3,549797
"422",2021/05/13 23:21:00,38491,25,2461,9,3,1,,,23,2,1582,36286,,,,,,,623,13,6,5,2,"Bulawayo, Mash East, Parirenyatwa and Health Point are the only centers that reported today. 9 cases with 1 death reported by Midlands (2 are returnees from India and 7 are contacts of these cases)",0,559875
"423",2021/05/14 00:11:00,38535,44,1731,22,0,2.5,,,44,0,1582,36308,,,,,,,645,17,11,4,2,"Midlands, Mat South, Mat North, Mash West, Wilkins, Arundel & St Anne's did not report today",0,571460
"424",2021/05/15 10:33:00,38554,19,2022,10,0,0.9,,,19,0,1582,36318,,,,,,,654,13,7,5,1,"Mat South, Health Point, Parirenyatwa, Motor Dei, Elangeni & Thorngroove are the only centers that reported today.",0,579769
"425",2021/05/16 22:52:00,38560,6,910,11,0,0.7,,,6,0,1582,36329,,,,,,,649,17,6,9,1,"Mat South, Mat North, Health Point and Parirenyatwa are the only centers that reported today.",1,581615
"426",2021/05/17 07:29:00,38572,12,1834,20,0,0.65,,,12,0,1582,36349,,,,,,,641,27,16,8,2,"Masvingo, Mash West, Arundel, St Anne's and Wilkins did not report todau.",1,591808
"427",2021/05/18 04:38:00,38595,23,2154,22,1,1,,,23,0,1583,36371,,,,,,,641,28,18,5,2,"Masvingo, Midlands, Mash West, Manicaland, Arundel, St Anne's and Wilkins did not report today. Zimbabwe has today surpassed 600,000 vaccinated (1st dose)",3,600579
"428",2021/05/19 22:29:00,38612,17,3113,45,0,0.55,,,17,0,1583,36416,,,,,,,613,20,12,4,1,"Masvingo, Midlands, Mash West, Mat South, Manicaland, Arundel, St Anne's and Wilkins did not report today. Today we report the results of the analysis conducted at NMRL that have confirmed that the 8.1.617.2 variant predominantly in India has been discov",3,605556
"429",2021/05/20 00:58:00,38635,23,2134,11,2,1.1,,,23,0,1585,36427,,,,,,,623,27,19,4,1,"Masvingo, Midlands, Mash West, Mash Central, Arundel, St Anne's and Wilkins did not report today.",3,615296
"430",2021/05/21 23:43:00,38664,29,1842,8,1,1.6,,,29,0,1586,36435,,,,,,,643,30,18,7,1,"As part of measures to contain COVID-19 following the detection of the Indian variant. Kwekwe has been placed underlockdown for two weeks. Masvingo, Midlands, Mash West, Mash Central, Mat South, Arundel, Health Point, St Anne's did not report today",4,624665
"431",2021/05/22 01:42:00,38679,15,1590,10,0,0.9,,,15,0,1586,36445,,,,,,,648,29,15,7,1,"Masvingo, Mash West, Mash Central, Arundel, Health Point, St Anne's and Wilkins did not report today.",6,630348
"432",2021/05/23 22:01:00,38682,3,860,8,0,0.3,,,3,0,1586,36453,,,,,,,643,13,7,0,0,"Mat North, Mash West, Manicaland, Mater Dei, Elangeni and Thorngroove are the centers that reported today.",6,632496
"433",2021/05/24 23:43:00,38696,14,2601,18,0,0.5,,,14,0,1586,36471,,,,,,,639,21,10,6,3,"Mash East, Manicaland, Parirenyatwa, Mater Dei, Elangeni and Thorngroove are  the centers that reported today.",2,633635
"434",2021/05/25 00:15:00,38706,10,1416,46,1,0.7,,,10,0,1587,36517,,,,,,,602,25,20,2,0,"Mat North, Mash East, Mash West, Bulawayo provinces and health point are the centers that reported today.",3,639553
"435",2021/05/26 23:07:00,38819,113,1629,14,2,7,,,113,0,1589,36531,,,,,,,699,39,24,8,4,,3,643531
"436",2021/05/27 23:17:00,38854,35,2159,10,3,1.7,,,35,0,1592,36541,,,,,,,721,37,22,6,4,"Manicaland, Masvingo, Midlands, Mat North, Mat SOuth and Mash Central did not report today",5,648121
"437",2021/05/28 03:55:00,38918,64,1833,22,1,3.5,,,64,0,1592,36563,,,,,,,762,47,32,5,2,Mat North and Arundel did not report today,8,656630
"438",2021/05/29 23:24:00,38933,15,2032,15,1,0.7,,,15,0,1594,36578,,,,,,,761,46,33,6,2,,5,666786
"439",2021/05/30 22:24:00,38944,11,762,13,0,1.4,,,10,1,1594,36591,,,,,,,759,52,33,11,3,"Mash West, Midlands, Mat South, Masvingo, Mash Central, St Anne's, Arundel and Wilkins did not report today",5,670755
"440",2021/05/31 21:35:00,38961,17,1638,3,2,1,,,17,0,1594,36594,,,,,,,771,62,39,10,3,"Mash West, Midlands, Mat South, Masvingo, Mash Central, St Anne's, Arundel and Wilkins did not report today.",10,675678
"441",2021/06/01 22:35:00,38998,37,2376,30,3,1.6,,,37,0,1599,36624,,,,,,,775,58,40,7,5,"Mat South, Mash West and Masvingo did not report today",6,2325
"442",2021/06/02 20:46:00,39031,33,2582,37,0,1.3,,,33,0,1599,36661,,,,,,,771,58,39,9,3,All  reporting facilities submitted reports today.,7,682242
"443",2021/06/03 23:46:00,39092,61,1817,19,5,3.4,,,53,8,1604,36680,,,,,,,807,71,49,3,3,27 cases reported by Midlands are from a child care center in the Province. (The outbreak is localised). All reporting facilities submitted reports today.,16,684164
"444",2021/06/04 23:54:00,39144,52,2291,10,1,2.3,,,37,15,1605,36690,,,,,,,849,57,40,9,3,Masvingo and Mat South did not report today. From the new cases 15 are deportees from Botswana,5,685564
"445",2021/06/05 08:32:00,39168,24,1932,8,0,1.2,,,24,0,1605,36698,,,,,,,865,55,40,8,3,"Midlands, Masvingo, Mash Central and Mat South did not report today",4,686636
"446",2021/06/06 21:33:00,39189,21,1048,30,1,2,,,16,4,1606,36728,,,,,,,855,64,48,8,4,"Midlands, Masvingo, Mash Central and Mat South did not report today.",4,687321
"447",2021/06/07 07:54:00,39238,49,2119,18,5,2.3,,,49,0,1611,36746,,,,,,,881,73,53,12,3,Mat South did not report,5,688696
"448",2021/06/08 22:38:00,39321,83,2983,10,6,2.8,,,83,0,1617,36756,,,,,,,948,73,55,9,3,Mat South and Mash East did not report,6,689397
"449",2021/06/09 21:16:00,39432,111,3427,161,5,3.2,,,111,0,1622,36917,,,,,,,893,75,57,9,1,"Manicaland, Mash West, Midlands and Mat South did not report today. There has been an increase in cases in the last seven days with the highest peak of 111 cases reported today.",8,689920
"450",2021/06/10 21:24:00,39496,64,2841,24,4,2.3,,,64,0,1626,36940,,,,,,,930,74,45,7,2,"Masvingo, Mash West, Mash Central and Mat South did not report today",20,690452
"451",2021/06/11 07:25:00,39688,192,2633,30,3,7.3,,,192,0,1629,36970,,,,,,,1089,82,33,8,2,"Masvingo, Manicaland and Mat South did not report. These 192 cases include 82 cases from Mash West whose samples were collected in the last 4 days (7 to 11 June) and results were reported today after the samples were processed",39,691251
"452",2021/06/12 00:18:00,39852,164,2637,22,3,6.2,,,164,0,1632,36992,,,,,,,1228,98,58,11,2,"Masvingo, Midlands and Mat South did not report today. These cases include 16 from Mash West whose samples were collected yesterday and results were reported today. Due to the surge in cases, Hotpots under lockdown are Kariba, Karoi and Kwekwe",27,692180
"453",2021/06/13 21:02:00,39959,107,1363,12,0,7.9,,,107,0,1632,37004,,,,,,,1323,89,54,16,2,"Masvingo, Midlands and Mat North did not report. These cases include 23 from Masvingo where samples were collected yesterday and results were not reported. The declared hotspots remain: Kariba, Karoi and Kwekwe.",17,693147
"454",2021/06/14 21:32:00,40077,118,2921,23,3,4,,,118,0,1635,37027,,,,,,,1415,77,49,11,2,"Masvingo District, Chiredzi in Masvingo Province and Nkulumane, Emakhandeni and Northern Suburbs in Bulawayo have been classified as hotspots. Kariba, Karoi and Kwekwe have been placed under lockdown.",15,693568
"455",2021/06/15 22:36:00,40318,241,1999,29,2,12,,,239,2,1637,37056,,,,,,,1625,98,65,15,3,"Hotspot Update: Mhangura (MasWest), Masvingo District, Chiredzi(Masvingo Province), Nkulumane, Emakhandeni and Northern Suburbs (Bulawayo), Mt Darwin (Mash Central) have been classified as hotspots. Masvingo, Midlands, MatSouth and MashWest = no report",15,694730
"456",2021/06/16 21:45:00,40556,238,2125,19,3,11.2,,,238,0,1640,37075,,,,,,,1841,96,73,13,3,"Hotspot Update: Mhangura, Chinhoyi, Chidamoyo (Mash West), Masvingo District, Chiredzi (Masvingo Province), Nkulumane, Emakhandeni and Northern Suburbs (Bulawayo), Mt Darwin (Mash Central) have been classified as hotspots.",7,697399
"457",2021/06/17 23:23:00,40927,371,3538,34,7,10.5,,,370,1,1647,37109,,,,,,,2171,108,67,13,5,"Mash West, Mash East, Midlands and Mat South did not report today.",23,698953
"458",2021/06/18 22:51:00,41335,408,3819,34,9,10.7,,,408,0,1656,37143,,,,,,,2536,161,107,27,2,All centers reported today.,25,700244
"459",2021/06/19 00:29:00,41628,293,2577,24,10,11.4,,,293,0,1666,37167,,,,,,,2795,188,99,35,10,The 10 reported deaths include 5 from Mash West that were reported in the last 4 days. All centers reported today.,44,701348
"460",2021/06/20 22:00:00,41779,151,1200,17,6,12.6,,,151,0,1672,37184,,,,,,,2923,156,82,33,10,"Midlands, Mat North, Mat South and Mash East did not report today.",31,703065
"461",2021/06/21 21:58:00,42195,416,3120,16,13,13.3,,,415,1,1685,37200,,,,,,,3310,174,86,36,5,"Kariba, Karoi, Chinhoyi and Kwekwe are all under lockdown. Midlands, Masvingo, Mash West did not report today.",47,704001
"462",2021/06/22 22:04:00,42714,519,6523,88,6,8,,,519,0,1691,37288,,,,,,,3735,159,75,38,6,"Mat South, Mat North,  Manicaland and Mash West did not report today.",40,2157
"463",2021/06/23 22:46:00,43480,766,5716,189,1,13.4,,,765,1,1692,37477,,,,,,,4311,241,133,36,9,Masvingo and Mash West did not report today.,63,715056
"464",2021/06/24 23:02:00,44306,826,4888,47,17,16.9,,,825,1,1709,37524,,,,,,,5073,257,138,39,9,Masvingo did not report today. 6 of the deaths occurred over a period of 7-days and had not been reported.,74,725582
"465",2021/06/25 08:01:00,45217,911,3120,80,12,29.2,,,911,0,1721,37604,,,,,,,5892,314,195,40,10,All centers reported today.,69,737483
"466",2021/06/26 22:21:00,46018,801,4550,157,4,17.6,,,801,0,1725,37761,,,,,,,6532,355,201,30,7,All centers reported today,117,747330
