,OBJECTID,date_reported,vac_name,new_doses_received,doses_administered,first_doses,second_doses,health_workers,at_risk,females,males,under_18,age_45_to_64,age_18_to_44,age_over_65,country_code,Country,created_user,created_date,last_edited_user,last_edited_date,GlobalID,conType,donor,Story,source,SHAPE
0,1,2021-02-15 12:03:00.000000000,Sinopharm,200000.0,0.0,0.0,0.0,0.0,0.0,0.0,0.0,0.0,0.0,0.0,0.0, ,Zimbabwe,surveyor_jr,2021-02-18 12:04:55.875000000,surveyor_jr,2021-08-21 22:01:05.276000023,b8c9940b-95e0-47ed-9027-e5e68964b091,Donation,China,,,"{'x': 3450740.3523009745, 'y': -2019083.7618951355, 'spatialReference': {'wkid': 102100, 'latestWkid': 3857}}"
1,2,2021-02-18 19:55:00.000000000,Sinopharm,,,,,,,,,,,,, ,Zimbabwe,surveyor_jr,2021-02-18 19:57:36.734999895,surveyor_jr,2021-08-21 22:01:05.276000023,f72061ba-4bb0-49a3-96e5-b05244db28ff,,,,,"{'x': 3456817.096049648, 'y': -2019924.569206273, 'spatialReference': {'wkid': 102100, 'latestWkid': 3857}}"
2,3,2021-02-18 14:46:00.000000000,Sinopharm,,39.0,39.0,0.0,29.0,,,,,,,, ,Zimbabwe,surveyor_jr,2021-02-20 14:48:09.168999910,surveyor_jr,2021-08-21 22:01:05.276000023,d4f57d5b-2fc1-461e-aa9e-84057c80d1d8,,,,,"{'x': 3453293.754252995, 'y': -2021383.1018630017, 'spatialReference': {'wkid': 102100, 'latestWkid': 3857}}"
3,4,2021-02-21 22:02:00.000000000,Sinopharm,,,1275.0,,,,,,,,,, ,Zimbabwe,surveyor_jr,2021-02-22 22:05:50.374000072,surveyor_jr,2021-08-21 22:01:05.276000023,ca5eddab-dad1-45b0-9a5d-82f171049ecb,,,,,"{'x': 3455847.156205014, 'y': -2020616.6269702304, 'spatialReference': {'wkid': 102100, 'latestWkid': 3857}}"
4,5,2021-02-23 19:48:00.000000000,Sinopharm,,,2727.0,,,,,,,,,, ,Zimbabwe,surveyor_jr,2021-02-23 19:49:06.584000111,surveyor_jr,2021-08-21 22:01:05.276000023,f47b55bb-e593-4a69-9abb-cbb8f013273a,,,,,"{'x': 3453658.525960426, 'y': -2018317.371688598, 'spatialReference': {'wkid': 102100, 'latestWkid': 3857}}"
5,6,2021-02-24 21:07:00.000000000,Sinopharm,,,2074.0,,,,,,,,,, ,Zimbabwe,surveyor_jr,2021-02-24 21:09:51.015000105,surveyor_jr,2021-08-21 22:01:05.276000023,ff1e8da3-413d-443c-904d-7744c9365c76,,,,,"{'x': 3453658.525960426, 'y': -2018317.371688598, 'spatialReference': {'wkid': 102100, 'latestWkid': 3857}}"
6,7,2021-02-25 19:52:00.000000000,Sinopharm,,,5149.0,,,,,,,,,, ,Zimbabwe,surveyor_jr,2021-02-25 19:53:25.348999977,surveyor_jr,2021-08-21 22:01:05.276000023,b272c9b7-f473-48ec-98ac-2d8c49a0445f,,,,,"{'x': 3451327.445035162, 'y': -2021580.755349331, 'spatialReference': {'wkid': 102100, 'latestWkid': 3857}}"
7,8,2021-02-26 21:17:00.000000000,Sinopharm,,,1572.0,,,,,,,,,, ,Zimbabwe,surveyor_jr,2021-02-26 21:25:36.790999889,surveyor_jr,2021-08-21 22:01:05.276000023,b2d43149-0ce8-43e9-99a2-6d0483cf015a,,,,,"{'x': 3454447.548172807, 'y': -2020465.857523579, 'spatialReference': {'wkid': 102100, 'latestWkid': 3857}}"
8,9,2021-02-27 19:25:00.000000000,Sinopharm,,,3126.0,,,,,,,,,, ,Zimbabwe,surveyor_jr,2021-02-27 19:25:40.118000031,surveyor_jr,2021-08-21 22:01:05.276000023,4dd23eda-5f6b-4331-ad08-7c1e3c1f3877,,,,,"{'x': 3450740.3523009745, 'y': -2021383.1018630017, 'spatialReference': {'wkid': 102100, 'latestWkid': 3857}}"
9,10,2021-02-28 19:21:00.000000000,Sinopharm,,,3138.0,,,,,,,,,, ,Zimbabwe,surveyor_jr,2021-02-28 19:22:37.964999914,surveyor_jr,2021-08-21 22:01:05.276000023,fa96a4af-4379-4f7f-93c4-7f97c54d392a,,,,,"{'x': 3451008.546621027, 'y': -2020568.7982999969, 'spatialReference': {'wkid': 102100, 'latestWkid': 3857}}"
10,11,2021-03-01 18:45:00.000000000,Sinopharm,,,2613.0,,,,,,,,,, ,Zimbabwe,surveyor_jr,2021-03-01 18:45:26.704999924,surveyor_jr,2021-08-21 22:01:05.276000023,2745c3de-5afa-4b14-9374-345be18fdb0d,,,,,"{'x': 3450740.3523009745, 'y': -2021383.1018630017, 'spatialReference': {'wkid': 102100, 'latestWkid': 3857}}"
11,12,2021-03-02 20:26:00.000000000,Sinopharm,,,3621.0,,,,,,,,,, ,Zimbabwe,surveyor_jr,2021-03-02 20:28:01.431999922,surveyor_jr,2021-08-21 22:01:05.276000023,10738ed6-c518-4209-8504-97c6de40e44a,,,,,"{'x': 3450740.3523009745, 'y': -2021383.1018630017, 'spatialReference': {'wkid': 102100, 'latestWkid': 3857}}"
12,13,2021-03-03 20:37:00.000000000,Sinopharm,,,2893.0,,,,,,,,,, ,Zimbabwe,surveyor_jr,2021-03-03 20:39:41.849999905,surveyor_jr,2021-08-21 22:01:05.276000023,62a7624c-2ad5-4211-b3ce-654f073dc2e9,,,,,"{'x': 3452663.148769643, 'y': -2018662.3447514009, 'spatialReference': {'wkid': 102100, 'latestWkid': 3857}}"
13,14,2021-03-04 19:24:00.000000000,Sinopharm,,,2688.0,,,,,,,,,, ,Zimbabwe,,2021-03-04 19:27:43.415999889,surveyor_jr,2021-08-21 22:01:05.276000023,2bc208b8-68ca-4d60-ae79-23e38f0eb6eb,,,,,"{'x': 3451339.4816277507, 'y': -2021591.596749815, 'spatialReference': {'wkid': 102100, 'latestWkid': 3857}}"
14,15,2021-03-05 20:13:00.000000000,Sinopharm,,,557.0,,,,,,,,,, ,Zimbabwe,surveyor_jr,2021-03-05 20:14:06.013000011,surveyor_jr,2021-08-21 22:01:05.276000023,a6aa4f81-d716-4797-a62a-784b12f409df,,,,,"{'x': 3451349.465698064, 'y': -2021603.9126470103, 'spatialReference': {'wkid': 102100, 'latestWkid': 3857}}"
15,16,2021-03-06 21:26:00.000000000,Sinopharm,,,779.0,,,,,,,,,, ,Zimbabwe,surveyor_jr,2021-03-06 21:30:06.634999990,surveyor_jr,2021-08-21 22:01:05.276000023,6d7e1135-cf9b-4e3c-93d8-339274048913,,,,,"{'x': 3453121.7709393534, 'y': -2020191.0853171025, 'spatialReference': {'wkid': 102100, 'latestWkid': 3857}}"
16,17,2021-03-07 21:48:00.000000000,Sinopharm,,,535.0,,,,,,,,,, ,Zimbabwe,surveyor_jr,2021-03-07 21:49:14.236999989,surveyor_jr,2021-08-21 22:01:05.276000023,957fcc5d-8568-45a5-ba16-315c5b9ff9d4,,,,,"{'x': 3453293.754252995, 'y': -2020999.860885752, 'spatialReference': {'wkid': 102100, 'latestWkid': 3857}}"
17,18,2021-03-08 20:37:00.000000000,Sinopharm,,,3278.0,,,,,,,,,, ,Zimbabwe,surveyor_jr,2021-03-08 20:38:01.381000042,surveyor_jr,2021-08-21 22:01:05.276000023,40380fab-93d9-4933-b2a5-c560341bfc4d,,,,,"{'x': 3451377.00967069, 'y': -2021613.193302596, 'spatialReference': {'wkid': 102100, 'latestWkid': 3857}}"
18,19,2021-03-09 19:07:00.000000000,Sinopharm,,,243.0,,,,,,,,,, ,Zimbabwe,surveyor_jr,2021-03-09 19:08:24.147000074,surveyor_jr,2021-08-21 22:01:05.276000023,145a100c-b2b9-44a3-aae9-90f7ebfce29b,,,,,"{'x': 3455847.156205014, 'y': -2017934.187162785, 'spatialReference': {'wkid': 102100, 'latestWkid': 3857}}"
19,20,2021-03-10 19:18:00.000000000,Sinopharm,,,140.0,,,,,,,,,, ,Zimbabwe,surveyor_jr,2021-03-10 19:19:08.063999891,surveyor_jr,2021-08-21 22:01:05.276000023,c787cf6f-cb87-4d3d-8207-056c9b474308,,,,,"{'x': 3455847.156205014, 'y': -2017934.187162785, 'spatialReference': {'wkid': 102100, 'latestWkid': 3857}}"
20,21,2021-03-11 20:38:00.000000000,Sinopharm,,,118.0,,,,,,,,,, ,Zimbabwe,surveyor_jr,2021-03-11 20:39:00.634999990,surveyor_jr,2021-08-21 22:01:05.276000023,c92a9fe6-e673-48b0-bd6e-4f75c90f6567,,,,,"{'x': 3453658.525960426, 'y': -2018317.371688598, 'spatialReference': {'wkid': 102100, 'latestWkid': 3857}}"
21,22,2021-03-12 20:28:00.000000000,Sinopharm,,,264.0,,,,,,,,,, ,Zimbabwe,surveyor_jr,2021-03-12 20:29:23.769000053,surveyor_jr,2021-08-21 22:01:05.276000023,0c0b44dc-a06c-4e79-b3c8-17f18c3b68df,,,,,"{'x': 3453658.525960426, 'y': -2018317.371688598, 'spatialReference': {'wkid': 102100, 'latestWkid': 3857}}"
22,23,2021-03-13 19:38:00.000000000,Sinopharm,,,,,,,,,,,,, ,Zimbabwe,surveyor_jr,2021-03-13 19:38:42.198999882,surveyor_jr,2021-08-21 22:01:05.276000023,69459955-4506-469c-b6af-b4a2bf205244,,,,,"{'x': 3453658.525960426, 'y': -2018317.371688598, 'spatialReference': {'wkid': 102100, 'latestWkid': 3857}}"
23,24,2021-03-14 19:32:00.000000000,Sinopharm,,,0.0,,,,,,,,,, ,Zimbabwe,surveyor_jr,2021-03-14 19:34:49.437999964,surveyor_jr,2021-08-21 22:01:05.276000023,c4bd590f-47f2-402e-b785-3a0af027f471,,,,,"{'x': 3453658.525960426, 'y': -2018317.371688598, 'spatialReference': {'wkid': 102100, 'latestWkid': 3857}}"
24,25,2021-03-15 20:39:00.000000000,Sinopharm,,,1301.0,,,,,,,,,, ,Zimbabwe,surveyor_jr,2021-03-15 20:39:44.355000019,surveyor_jr,2021-08-21 22:01:05.276000023,c9dd347c-0e90-4eaf-8973-96c4dba27b72,,,,,"{'x': 3453293.754252995, 'y': -2018700.5632655432, 'spatialReference': {'wkid': 102100, 'latestWkid': 3857}}"
25,26,2021-03-16 13:13:00.000000000,Sinopharm,400000.0,,,,,,,,,,,, ,Zimbabwe,surveyor_jr,2021-03-16 13:14:09.372999907,surveyor_jr,2021-08-21 22:01:05.276000023,0b1da061-ac7a-4cdc-a6b0-68acdae62817,gvt_procurement,,,,"{'x': 3456935.838561074, 'y': -2016907.94501696, 'spatialReference': {'wkid': 102100, 'latestWkid': 3857}}"
26,27,2021-03-16 19:24:00.000000000,Sinopharm,,,1890.0,,,,,,,,,, ,Zimbabwe,surveyor_jr,2021-03-16 19:26:30.180000067,surveyor_jr,2021-08-21 22:01:05.276000023,85497a6c-969f-4162-90e0-52c953409409,,,,,"{'x': 3454230.107849487, 'y': -2019235.622463539, 'spatialReference': {'wkid': 102100, 'latestWkid': 3857}}"
27,28,2021-03-17 19:27:00.000000000,Sinopharm,,,57.0,,,,,,,,,, ,Zimbabwe,surveyor_jr,2021-03-17 19:28:17.286000013,surveyor_jr,2021-08-21 22:01:05.276000023,a00d81fe-ff94-4ddd-9966-7300636ae8fd,,,,,"{'x': 3453293.754252995, 'y': -2018700.5632655432, 'spatialReference': {'wkid': 102100, 'latestWkid': 3857}}"
28,29,2021-03-18 19:49:00.000000000,Sinopharm,,,395.0,,,,,,,,,, ,Zimbabwe,surveyor_jr,2021-03-18 19:50:35.579999924,surveyor_jr,2021-08-21 22:01:05.276000023,23cb1702-10ec-49cd-b5fb-e0fe625c0af5,,,,,"{'x': 3455121.0044363043, 'y': -2019233.616643634, 'spatialReference': {'wkid': 102100, 'latestWkid': 3857}}"
29,30,2021-03-19 22:22:00.000000000,Sinopharm,,,1685.0,,,,,,,,,, ,Zimbabwe,surveyor_jr,2021-03-19 22:23:41.263000010,surveyor_jr,2021-08-21 22:01:05.276000023,6d0c0ba9-ecec-45c3-9f4b-c6f5591ee722,,,,,"{'x': 3453007.1153969257, 'y': -2018891.655836256, 'spatialReference': {'wkid': 102100, 'latestWkid': 3857}}"
30,31,2021-03-20 20:19:00.000000000,Sinopharm,,,523.0,,,,,,,,,, ,Zimbabwe,surveyor_jr,2021-03-20 20:22:09.048000097,surveyor_jr,2021-08-21 22:01:05.276000023,8310053b-c0df-4cdf-9f3e-c7b61888d130,,,,,"{'x': 3453293.754252995, 'y': -2018700.5632655432, 'spatialReference': {'wkid': 102100, 'latestWkid': 3857}}"
31,32,2021-03-21 19:46:00.000000000,Sinopharm,,,519.0,,,,,,,,,, ,Zimbabwe,surveyor_jr,2021-03-21 19:47:50.352999926,surveyor_jr,2021-08-21 22:01:05.276000023,3bd813db-1da4-4f36-8dc4-2c18e256ca4b,,,,,"{'x': 3453293.754252995, 'y': -2018317.371688598, 'spatialReference': {'wkid': 102100, 'latestWkid': 3857}}"
32,33,2021-03-22 20:04:00.000000000,Sinopharm,,845.0,565.0,280.0,,,,,,,,, ,Zimbabwe,surveyor_jr,2021-03-22 20:06:05.121000051,surveyor_jr,2021-08-21 22:01:05.276000023,a0d43d17-cc1b-4b58-b57a-df4d64d188d4,,,,,"{'x': 3453293.754252995, 'y': -2018317.371688598, 'spatialReference': {'wkid': 102100, 'latestWkid': 3857}}"
33,34,2021-03-23 19:49:00.000000000,Sinopharm,,1623.0,841.0,782.0,,,,,,,,, ,Zimbabwe,surveyor_jr,2021-03-23 19:51:28.854000092,surveyor_jr,2021-08-21 22:01:05.276000023,034e56be-6920-431c-b6b7-75c05f6f6d3b,,,,,"{'x': 3455847.156205014, 'y': -2017934.187162785, 'spatialReference': {'wkid': 102100, 'latestWkid': 3857}}"
34,35,2021-03-24 19:53:00.000000000,Sinopharm,,6696.0,5269.0,1427.0,,,,,,,,, ,Zimbabwe,surveyor_jr,2021-03-24 19:55:03.582000017,surveyor_jr,2021-08-21 22:01:05.276000023,91dabe86-2377-4fe6-a244-4d73734fd344,,,,,"{'x': 3455847.156205014, 'y': -2017934.187162785, 'spatialReference': {'wkid': 102100, 'latestWkid': 3857}}"
35,36,2021-03-25 22:15:00.000000000,Sinopharm,,7094.0,5488.0,1606.0,,,,,,,,, ,Zimbabwe,surveyor_jr,2021-03-25 22:16:30.701999903,surveyor_jr,2021-08-21 22:01:05.276000023,79d4665c-0ab4-4075-8a25-ed6fb577d4e0,,,,,"{'x': 3455847.156205014, 'y': -2017934.187162785, 'spatialReference': {'wkid': 102100, 'latestWkid': 3857}}"
36,37,2021-03-26 19:58:00.000000000,Sinopharm,,8675.0,6201.0,2474.0,,,,,,,,, ,Zimbabwe,surveyor_jr,2021-03-26 20:01:13.548000097,surveyor_jr,2021-08-21 22:01:05.276000023,fb64cbc9-943e-4829-ad1f-08044a25261b,,,,,"{'x': 3455847.156205014, 'y': -2017934.187162785, 'spatialReference': {'wkid': 102100, 'latestWkid': 3857}}"
37,38,2021-03-27 20:30:00.000000000,Sinopharm,,5769.0,4373.0,1396.0,,,,,,,,, ,Zimbabwe,surveyor_jr,2021-03-27 20:31:57.015000105,surveyor_jr,2021-08-21 22:01:05.276000023,db1d87fb-f9b0-4dec-931d-e27aae40d8c4,,,,,"{'x': 3453293.754252995, 'y': -2018700.5632655432, 'spatialReference': {'wkid': 102100, 'latestWkid': 3857}}"
38,39,2021-03-28 20:35:00.000000000,Sinopharm,,5708.0,3045.0,2663.0,,,,,,,,, ,Zimbabwe,surveyor_jr,2021-03-28 20:36:44.513999938,surveyor_jr,2021-08-21 22:01:05.276000023,b6d96427-0f76-49d3-8c28-e89933f9a6b9,,,,,"{'x': 3455847.156205014, 'y': -2017934.187162785, 'spatialReference': {'wkid': 102100, 'latestWkid': 3857}}"
39,40,2021-03-29 18:05:00.000000000,COVAX,35000.0,,,,,,,,,,,, ,Zimbabwe,surveyor_jr,2021-03-29 18:08:29.638000011,surveyor_jr,2021-08-21 22:01:05.276000023,8f9e884b-347e-4f6f-96c4-c7a0c093adb1,Donation,Government of India,,,"{'x': 3457261.2412282904, 'y': -2019233.616643634, 'spatialReference': {'wkid': 102100, 'latestWkid': 3857}}"
40,41,2021-03-29 20:25:00.000000000,Sinopharm,,2471.0,1240.0,1231.0,,,,,,,,, ,Zimbabwe,surveyor_jr,2021-03-29 20:26:39.423000097,surveyor_jr,2021-08-21 22:01:05.276000023,75c9cc7f-8f7b-49fc-9d74-e4fc78eed4a3,,,,,"{'x': 3336550.46545946, 'y': -2105733.439095047, 'spatialReference': {'wkid': 102100, 'latestWkid': 3857}}"
41,42,2021-03-30 06:32:00.000000000,Sinopharm,,4256.0,3193.0,1063.0,,,,,,,,, ,Zimbabwe,surveyor_jr,2021-03-31 06:33:41.788000107,surveyor_jr,2021-08-21 22:01:05.276000023,396b43d4-7f9b-4d27-9f6b-63687eac7ad1,,,,,"{'x': 3455482.384497583, 'y': -2017934.187162785, 'spatialReference': {'wkid': 102100, 'latestWkid': 3857}}"
42,43,2021-03-13 19:28:00.000000000,Sinopharm,,,76.0,,,,,,,,,, ,Zimbabwe,surveyor_jr,2021-03-31 21:22:13.982000113,surveyor_jr,2021-08-21 22:01:05.276000023,4467f13b-29f9-4381-88c5-e26259e84775,,,,,"{'x': 3457671.469945399, 'y': -2020686.9195654397, 'spatialReference': {'wkid': 102100, 'latestWkid': 3857}}"
43,44,2021-03-30 21:40:00.000000000,Sinovac,1056000.0,,,,,,,,,,,, ,Zimbabwe,surveyor_jr,2021-03-31 21:42:14.553999901,surveyor_jr,2021-08-21 22:01:05.276000023,acfd956d-d183-49f0-b815-4b788a76e9ca,gvt_procurement,,,,"{'x': 3453293.754252995, 'y': -2018700.5632655432, 'spatialReference': {'wkid': 102100, 'latestWkid': 3857}}"
44,45,2021-03-31 21:42:00.000000000,Sinopharm,,6014.0,4051.0,1963.0,,,,,,,,, ,Zimbabwe,surveyor_jr,2021-03-31 21:44:27.403000116,surveyor_jr,2021-08-21 22:01:05.276000023,b596d791-9224-4d9e-ab91-ef8c25e2075a,,,,,"{'x': 3459523.3720582393, 'y': -2016178.1413321316, 'spatialReference': {'wkid': 102100, 'latestWkid': 3857}}"
45,46,2021-04-01 20:02:00.000000000,Sinovac,,13427.0,10796.0,2631.0,,,,,,,,, ,Zimbabwe,surveyor_jr,2021-04-01 20:04:55.717000008,surveyor_jr,2021-08-21 22:01:05.276000023,836cf5aa-c633-493e-88e0-7464e677f2be,,,,,"{'x': 3455847.156205014, 'y': -2017934.187162785, 'spatialReference': {'wkid': 102100, 'latestWkid': 3857}}"
46,47,2021-04-02 19:34:00.000000000,Sinovac,,19446.0,16024.0,3422.0,,,,,,,,, ,Zimbabwe,surveyor_jr,2021-04-02 19:35:54.884999990,surveyor_jr,2021-08-21 22:01:05.276000023,2981bc9d-96a1-4003-be5c-1db46f176b7d,,,,,"{'x': 3455847.156205014, 'y': -2017934.187162785, 'spatialReference': {'wkid': 102100, 'latestWkid': 3857}}"
47,48,2021-04-03 00:01:00.000000000,Sinovac,,8162.0,7773.0,389.0,,,,,,,,, ,Zimbabwe,surveyor_jr,2021-04-04 00:02:49.842999935,surveyor_jr,2021-08-21 22:01:05.276000023,53923961-8ae9-4ade-8b72-2e884daa8b56,,,,,"{'x': 3455847.156205014, 'y': -2017934.187162785, 'spatialReference': {'wkid': 102100, 'latestWkid': 3857}}"
48,49,2021-04-04 20:03:00.000000000,COVAX,,5985.0,5709.0,276.0,,,,,,,,, ,Zimbabwe,surveyor_jr,2021-04-04 20:05:38.424000025,surveyor_jr,2021-08-21 22:01:05.276000023,907df689-27f9-4564-97c8-423fd1f3a8d5,,,,,"{'x': 3455847.156205014, 'y': -2017934.187162785, 'spatialReference': {'wkid': 102100, 'latestWkid': 3857}}"
49,50,2021-04-05 21:47:00.000000000,COVAX,,6610.0,6157.0,453.0,,,,,,,,, ,Zimbabwe,surveyor_jr,2021-04-05 21:49:37.338999987,surveyor_jr,2021-08-21 22:01:05.276000023,f5a03ee9-2688-40be-b1fd-c28b6bdd8f43,,,,,"{'x': 3408299.3435688703, 'y': -2093619.9662700456, 'spatialReference': {'wkid': 102100, 'latestWkid': 3857}}"
50,51,2021-04-06 19:37:00.000000000,Sinovac,,16577.0,15133.0,1444.0,,,,,,,,, ,Zimbabwe,surveyor_jr,2021-04-06 19:41:32.769000053,surveyor_jr,2021-08-21 22:01:05.276000023,18cbc8ad-7ced-481e-bab8-ea0f3aff8ba6,,,,,"{'x': 3455657.864944553, 'y': -2018974.1392481215, 'spatialReference': {'wkid': 102100, 'latestWkid': 3857}}"
51,52,2021-04-07 19:29:00.000000000,COVAX,,16784.0,14105.0,2679.0,,,,,,,,, ,Zimbabwe,surveyor_jr,2021-04-07 19:30:58.572999954,surveyor_jr,2021-08-21 22:01:05.276000023,f2d24924-f73f-4e00-a5fa-4f0e49670dac,,,,,"{'x': 3455847.156205014, 'y': -2017934.187162785, 'spatialReference': {'wkid': 102100, 'latestWkid': 3857}}"
52,53,2021-05-23 20:27:00.000000000,COVAX,,6960.0,2148.0,4812.0,,,,,,,,, ,Zimbabwe,surveyor_jr,2021-04-08 20:28:42.292000055,surveyor_jr,2021-08-21 22:01:05.276000023,3e355387-b41c-424f-837e-89fc89fcddae,,,,,"{'x': 3453293.754252995, 'y': -2018700.5632655432, 'spatialReference': {'wkid': 102100, 'latestWkid': 3857}}"
53,54,2021-04-08 20:29:00.000000000,Sinovac,,2283.0,1328.0,955.0,,,,,,,,, ,Zimbabwe,surveyor_jr,2021-04-08 20:30:18.974999905,surveyor_jr,2021-08-21 22:01:05.276000023,836c7000-58e8-4bc8-8329-27c10b244436,,,,,"{'x': 3453293.754252995, 'y': -2018700.5632655432, 'spatialReference': {'wkid': 102100, 'latestWkid': 3857}}"
54,55,2021-04-09 04:49:00.000000000,COVAX,,12528.0,11694.0,834.0,,,,,,,,, ,Zimbabwe,surveyor_jr,2021-04-10 04:50:42.059999943,surveyor_jr,2021-08-21 22:01:05.276000023,5bc00ca4-eaf8-4be9-a863-b0464520c937,,,,,"{'x': 3455847.156205014, 'y': -2017167.839258511, 'spatialReference': {'wkid': 102100, 'latestWkid': 3857}}"
55,56,2021-04-10 20:51:00.000000000,Sinovac,,16528.0,15699.0,829.0,,,,,,,,, ,Zimbabwe,surveyor_jr,2021-04-10 20:52:17.147000074,surveyor_jr,2021-08-21 22:01:05.276000023,519c4cd2-8ff0-4f08-b691-1ae0f4998b12,,,,,"{'x': 3456384.0167132625, 'y': -2016681.0283995655, 'spatialReference': {'wkid': 102100, 'latestWkid': 3857}}"
56,57,2021-04-11 04:47:00.000000000,COVAX,,759.0,658.0,101.0,,,,,,,,, ,Zimbabwe,surveyor_jr,2021-04-12 04:48:26.098000050,surveyor_jr,2021-08-21 22:01:05.276000023,ace8f622-02b7-455b-a2c7-24a48e04ff7d,,,,,"{'x': 3384072.463233712, 'y': -2109460.6166436435, 'spatialReference': {'wkid': 102100, 'latestWkid': 3857}}"
57,58,2021-04-12 20:27:00.000000000,Sinovac,,11087.0,10681.0,406.0,,,,,,,,, ,Zimbabwe,surveyor_jr,2021-04-12 20:28:22.173000097,surveyor_jr,2021-08-21 22:01:05.276000023,abf48055-f2d6-44b8-a837-669f40997a07,,,,,"{'x': 3321808.214500915, 'y': -2215662.6109256824, 'spatialReference': {'wkid': 102100, 'latestWkid': 3857}}"
58,59,2021-04-13 20:50:43.204999924,Sinovac,,13776.0,13241.0,535.0,,,,,,,,,ZWE ,ZIMBABWE,,2021-04-13 21:10:46.492000103,surveyor_jr,2021-08-21 22:01:05.276000023,ee7054a3-3967-44f5-94d6-cbad79667609,,,,,"{'x': 3336317.4967434243, 'y': -2160607.9241373916, 'spatialReference': {'wkid': 102100, 'latestWkid': 3857}}"
59,60,2021-04-13 22:03:00.000000000,Sinovac,,13773.0,13116.0,657.0,,,,,,,,, ,Zimbabwe,surveyor_jr,2021-04-14 22:06:17.019000053,surveyor_jr,2021-08-21 22:01:05.276000023,cb31ace8-2871-4c6e-a2f3-cbb6910c0d5c,,,,,"{'x': 3321800.619805261, 'y': -2215643.5019010277, 'spatialReference': {'wkid': 102100, 'latestWkid': 3857}}"
60,61,2021-04-15 21:06:40.242000103,Sinovac,,23753.0,21300.0,2453.0,,,,,,,,,ZWE ,Zimbabwe,,2021-04-15 21:07:59.979000092,surveyor_jr,2021-08-21 22:01:05.276000023,3767e5bf-68d5-4cc2-aedf-1403b9102021,,,,,"{'x': 3336317.4967434243, 'y': -2160607.9241373916, 'spatialReference': {'wkid': 102100, 'latestWkid': 3857}}"
61,62,2021-04-15 22:19:28.368000031,Sinopharm ,,18820.0,16800.0,2020.0,,,,,,,,,"Zwe
 ",Zimbabwe,,2021-04-16 22:20:58.306999922,surveyor_jr,2021-08-21 22:01:05.276000023,55cf98b9-9f95-4d20-bad1-f57b60f12e90,,,,,"{'x': 3336317.4967434243, 'y': -2160607.9241373916, 'spatialReference': {'wkid': 102100, 'latestWkid': 3857}}"
62,63,2021-04-17 20:50:00.000000000,Sinovac,,7200.0,6363.0,837.0,,,,,,,,, ,Zimbabwe,surveyor_jr,2021-04-17 20:51:19.980999947,surveyor_jr,2021-08-21 22:01:05.276000023,072a35d9-d967-4b9b-a4cb-9531b8669e5a,,,,,"{'x': 3321809.2720360775, 'y': -2215664.784040947, 'spatialReference': {'wkid': 102100, 'latestWkid': 3857}}"
63,64,2021-04-18 20:34:00.000000000,Sinovac,,2545.0,2488.0,57.0,,,,,,,,, ,Zimbabwe,surveyor_jr,2021-04-18 20:35:49.742000103,surveyor_jr,2021-08-21 22:01:05.276000023,3472bca9-af2f-4081-8f52-a15a904847bf,,,,,"{'x': 3321812.6116208006, 'y': -2215657.922194131, 'spatialReference': {'wkid': 102100, 'latestWkid': 3857}}"
64,65,2021-03-31 19:43:00.000000000,Sinopharm,,,,,,,,,,,,, ,Zimbabwe,surveyor_jr,2021-04-19 22:11:41.174000025,surveyor_jr,2021-08-21 22:01:05.276000023,ff889ec8-3c61-4f58-aff9-c1a0480cc721,,,,,"{'x': 3455482.384497583, 'y': -2017934.187162785, 'spatialReference': {'wkid': 102100, 'latestWkid': 3857}}"
65,66,2021-03-31 19:43:00.000000000,Sinopharm,,,,,,,,,,,,, ,Zimbabwe,surveyor_jr,2021-04-19 22:11:41.375999928,surveyor_jr,2021-08-21 22:01:05.276000023,ffefe1c7-8a88-41b1-9522-88cffdcedcbb,,,,,"{'x': 3455482.384497583, 'y': -2017934.187162785, 'spatialReference': {'wkid': 102100, 'latestWkid': 3857}}"
66,67,2021-03-31 19:43:00.000000000,Sinopharm,,,,,,,,,,,,, ,Zimbabwe,surveyor_jr,2021-04-19 22:11:41.421999931,surveyor_jr,2021-08-21 22:01:05.276000023,fa17883a-46fe-4db5-9950-b17cdaeb0c7f,,,,,"{'x': 3455482.384497583, 'y': -2017934.187162785, 'spatialReference': {'wkid': 102100, 'latestWkid': 3857}}"
67,68,2021-03-31 19:43:00.000000000,Sinopharm,,,,,,,,,,,,, ,Zimbabwe,surveyor_jr,2021-04-19 22:11:41.405999899,surveyor_jr,2021-08-21 22:01:05.276000023,086abd4c-7850-44be-bf01-961a710b5f29,,,,,"{'x': 3455482.384497583, 'y': -2017934.187162785, 'spatialReference': {'wkid': 102100, 'latestWkid': 3857}}"
68,69,2021-03-31 19:43:00.000000000,Sinopharm,,,,,,,,,,,,, ,Zimbabwe,surveyor_jr,2021-04-19 22:11:41.437999964,surveyor_jr,2021-08-21 22:01:05.276000023,effb1d4e-565c-468d-8aba-7e57f21738fc,,,,,"{'x': 3455482.384497583, 'y': -2017934.187162785, 'spatialReference': {'wkid': 102100, 'latestWkid': 3857}}"
69,70,2021-03-31 19:43:00.000000000,Sinopharm,,,,,,,,,,,,, ,Zimbabwe,surveyor_jr,2021-04-19 22:11:42.302999973,surveyor_jr,2021-08-21 22:01:05.276000023,2b60a7ab-6ed4-4de6-8b89-e72e42fc2cd5,,,,,"{'x': 3455482.384497583, 'y': -2017934.187162785, 'spatialReference': {'wkid': 102100, 'latestWkid': 3857}}"
70,71,2021-04-18 22:13:00.000000000,Sinovac,,2545.0,1985.0,560.0,,,,,,,,, ,Zimbabwe,surveyor_jr,2021-04-19 22:14:01.627000093,surveyor_jr,2021-08-21 22:01:05.276000023,406cce4a-da74-4f6c-b9e5-30776d60fb46,,,,,"{'x': 3321813.023502917, 'y': -2215661.9141116, 'spatialReference': {'wkid': 102100, 'latestWkid': 3857}}"
71,72,2021-04-20 20:32:00.000000000,Sinovac,,8016.0,7661.0,355.0,,,,,,,,, ,Zimbabwe,surveyor_jr,2021-04-20 20:33:09.615000010,surveyor_jr,2021-08-21 22:01:05.276000023,734834bb-7564-4a73-bb66-885201cf65e2,,,,,"{'x': 3321808.6308213384, 'y': -2215636.7953028493, 'spatialReference': {'wkid': 102100, 'latestWkid': 3857}}"
72,73,2021-04-21 20:46:05.647000074,Sinovac,,19899.0,19332.0,567.0,,,,,,,,,Zwe ,Zimbabwe,,2021-04-21 20:47:44.381000042,surveyor_jr,2021-08-21 22:01:05.276000023,4bf07d83-2e86-4bab-9007-7fb0162ff1cf,,,,,"{'x': 3336317.4967434243, 'y': -2160607.9241373916, 'spatialReference': {'wkid': 102100, 'latestWkid': 3857}}"
73,74,2021-04-23 20:38:00.000000000,Sinovac,,14186.0,11661.0,2525.0,,,,,,,,, ,Zimbabwe,surveyor_jr,2021-04-23 20:40:11.142999887,surveyor_jr,2021-08-21 22:01:05.276000023,e590b43e-4f1b-4309-9728-aae36ed68980,,,,,"{'x': 3321810.4325332567, 'y': -2215663.9208650403, 'spatialReference': {'wkid': 102100, 'latestWkid': 3857}}"
74,75,2021-04-24 20:49:00.000000000,Sinovac,,6114.0,4756.0,1358.0,,,,,,,,, ,Zimbabwe,surveyor_jr,2021-04-24 20:50:28.131999969,surveyor_jr,2021-08-21 22:01:05.276000023,9db87fab-36c9-43df-9b3a-4e8c1cc14489,,,,,"{'x': 3321810.596738018, 'y': -2215661.666093034, 'spatialReference': {'wkid': 102100, 'latestWkid': 3857}}"
75,76,2021-04-22 20:24:00.000000000,Sinovac,,,,,,,,,,,,, ,Zimbabwe,surveyor_jr,2021-04-24 21:08:29.443000078,surveyor_jr,2021-08-21 22:01:05.276000023,7ee9634b-de76-47eb-8468-82e560eb1cc1,,,,,"{'x': 3321809.617126499, 'y': -2215663.402223059, 'spatialReference': {'wkid': 102100, 'latestWkid': 3857}}"
76,77,2021-04-24 21:07:00.000000000,COVAX,,18488.0,12485.0,6003.0,,,,,,,,, ,Zimbabwe,surveyor_jr,2021-04-24 21:08:29.536999941,surveyor_jr,2021-08-21 22:01:05.276000023,8bf1310f-2d69-4724-b55d-55882a89c4d1,,,,,"{'x': 3321811.0086201336, 'y': -2215656.268737436, 'spatialReference': {'wkid': 102100, 'latestWkid': 3857}}"
77,78,2021-04-25 19:23:00.000000000,Sinovac,,17919.0,12112.0,5807.0,,,,,,,,, ,Zimbabwe,surveyor_jr,2021-04-25 19:25:45.361000061,surveyor_jr,2021-08-21 22:01:05.276000023,30ae4deb-259f-4833-9ece-d047f34c3f03,,,,,"{'x': 3321808.659778878, 'y': -2215664.441539068, 'spatialReference': {'wkid': 102100, 'latestWkid': 3857}}"
78,79,2021-04-26 20:23:00.000000000,Sinovac,,21592.0,17234.0,4358.0,,,,,,,,, ,Zimbabwe,surveyor_jr,2021-04-26 20:26:26.710999966,surveyor_jr,2021-08-21 22:01:05.276000023,97ac0bb9-225b-4581-a4f5-2d97dffb1534,,,,,"{'x': 3321811.743328773, 'y': -2215662.41014874, 'spatialReference': {'wkid': 102100, 'latestWkid': 3857}}"
79,80,2021-04-27 21:15:44.036000013,COVAX,,22689.0,16842.0,5847.0,,,,,,,,,ZWE ,Zimbabwe,,2021-04-27 21:17:30.460999966,surveyor_jr,2021-08-21 22:01:05.276000023,e60bc398-e729-4a78-b5e6-23df10ed5abd,,,,,"{'x': 3336317.4967434243, 'y': -2160607.924137391, 'spatialReference': {'wkid': 102100, 'latestWkid': 3857}}"
80,81,2021-04-28 20:48:00.000000000,Sinovac,,24074.0,17345.0,6729.0,,,,,,,,, ,Zimbabwe,surveyor_jr,2021-04-28 20:50:09.232000113,surveyor_jr,2021-08-21 22:01:05.276000023,782df4e0-d350-4b23-b793-151622ffc060,,,,,"{'x': 3321810.0624044617, 'y': -2215662.044026088, 'spatialReference': {'wkid': 102100, 'latestWkid': 3857}}"
81,82,2021-04-29 21:00:00.000000000,Sinovac,,19584.0,12750.0,6834.0,,,,,,,,, ,Zimbabwe,surveyor_jr,2021-04-29 21:02:52.219000101,surveyor_jr,2021-08-21 22:01:05.276000023,e6b194fe-a040-4c6c-9396-dcefe55035f5,,,,,"{'x': 3321808.325820406, 'y': -2215656.5403767396, 'spatialReference': {'wkid': 102100, 'latestWkid': 3857}}"
82,83,2021-04-29 22:11:00.000000000,Sinovac,,22745.0,13964.0,8781.0,,,,,,,,, ,Zimbabwe,surveyor_jr,2021-04-30 22:12:33.569999933,surveyor_jr,2021-08-21 22:01:05.276000023,e3c9519b-77b9-40be-9015-f464bd857bd1,,,,,"{'x': 3321809.416751415, 'y': -2215664.7131784884, 'spatialReference': {'wkid': 102100, 'latestWkid': 3857}}"
83,84,2021-05-01 21:38:00.000000000,Sinovac,,19957.0,13400.0,6557.0,,,,,,,,, ,Zimbabwe,surveyor_jr,2021-05-01 21:41:27.006000042,surveyor_jr,2021-08-21 22:01:05.276000023,c6f231f0-2208-4c6f-8cc7-e4bad431aedd,,,,,"{'x': 3321814.158961723, 'y': -2215662.811702626, 'spatialReference': {'wkid': 102100, 'latestWkid': 3857}}"
84,85,2021-05-02 21:01:00.000000000,Sinovac,,3900.0,1933.0,1967.0,,,,,,,,, ,Zimbabwe,surveyor_jr,2021-05-02 21:02:39.944000006,surveyor_jr,2021-08-21 22:01:05.276000023,5f36619a-9663-4971-ba41-489a76560157,,,,,"{'x': 3321807.7914868495, 'y': -2215657.685986023, 'spatialReference': {'wkid': 102100, 'latestWkid': 3857}}"
85,86,2021-05-03 21:38:00.000000000,Sinovac,,13317.0,7683.0,5634.0,,,,,,,,, ,Zimbabwe,surveyor_jr,2021-05-03 21:39:38.384000063,surveyor_jr,2021-08-21 22:01:05.276000023,6fd2ca1f-3b9d-4a84-b5b2-326fc6389658,,,,,"{'x': 3321810.6613700017, 'y': -2215661.1386618554, 'spatialReference': {'wkid': 102100, 'latestWkid': 3857}}"
86,87,2021-05-05 21:01:00.000000000,Sinovac,,16456.0,8832.0,7624.0,,,,,,,,, ,Zimbabwe,surveyor_jr,2021-05-05 21:02:59.803999901,surveyor_jr,2021-08-21 22:01:05.276000023,38a136be-9b07-4d3b-a741-76ae8c973b3b,,,,,"{'x': 3321808.15884117, 'y': -2215660.780312471, 'spatialReference': {'wkid': 102100, 'latestWkid': 3857}}"
87,88,2021-05-13 21:12:00.000000000,Sinovac,,21655.0,10078.0,11577.0,,,,,,,,, ,Zimbabwe,surveyor_jr,2021-05-05 21:13:45.555999994,surveyor_jr,2021-08-21 22:01:05.276000023,9be0f346-a514-46d9-a793-bfca4eb2003f,,,,,"{'x': 3321809.082792943, 'y': -2215663.036100388, 'spatialReference': {'wkid': 102100, 'latestWkid': 3857}}"
88,89,2021-05-04 20:38:00.000000000,Sinovac,,22261.0,14440.0,7821.0,,,,,,,,, ,Zimbabwe,surveyor_jr,2021-05-06 07:01:50.576999903,surveyor_jr,2021-08-21 22:01:05.276000023,cd85f227-1da4-41f0-b367-2ab367432d82,,,,,"{'x': 3321809.227508282, 'y': -2215661.571609772, 'spatialReference': {'wkid': 102100, 'latestWkid': 3857}}"
89,90,2021-05-06 21:03:00.000000000,Sinovac,,31122.0,17151.0,13971.0,,,,,,,,, ,Zimbabwe,surveyor_jr,2021-05-06 21:04:01.566999912,surveyor_jr,2021-08-21 22:01:05.276000023,21667813-d4a9-4e48-8064-ba745a0af141,,,,,"{'x': 3321805.754340169, 'y': -2215662.2920446587, 'spatialReference': {'wkid': 102100, 'latestWkid': 3857}}"
90,91,2021-05-07 19:29:00.000000000,Sinovac,,33407.0,22248.0,11159.0,,,,,,,,, ,Zimbabwe,surveyor_jr,2021-05-07 19:33:27.829999924,surveyor_jr,2021-08-21 22:01:05.276000023,5b6cf01b-f22c-4172-a2a6-13e010ffa719,,,,,"{'x': 3321810.2405156465, 'y': -2215661.607040996, 'spatialReference': {'wkid': 102100, 'latestWkid': 3857}}"
91,92,2021-05-08 20:34:00.000000000,Sinovac,,17076.0,8852.0,8224.0,,,,,,,,, ,Zimbabwe,surveyor_jr,2021-05-08 20:35:57.084000111,surveyor_jr,2021-08-21 22:01:05.276000023,a68d2e8e-2fb1-439f-85c8-86da962275cb,,,,,"{'x': 3321807.2348893955, 'y': -2215659.8354799147, 'spatialReference': {'wkid': 102100, 'latestWkid': 3857}}"
92,93,2021-05-12 21:33:00.000000000,Sinovac,,20593.0,10271.0,10322.0,,,,,,,,, ,Zimbabwe,surveyor_jr,2021-05-09 21:40:53.063999891,surveyor_jr,2021-08-21 22:01:05.276000023,38de2bab-4086-4338-a1f4-970032334a46,,,,,"{'x': 3321811.1199396243, 'y': -2215661.7015242577, 'spatialReference': {'wkid': 102100, 'latestWkid': 3857}}"
93,94,2021-05-14 21:33:00.000000000,Sinovac,,23221.0,11585.0,11636.0,,,,,,,,, ,Zimbabwe,surveyor_jr,2021-05-09 21:40:53.940999985,surveyor_jr,2021-08-21 22:01:05.276000023,083763df-5038-4629-ab16-6a8e464a4b2a,,,,,"{'x': 3321811.1199396243, 'y': -2215661.7015242577, 'spatialReference': {'wkid': 102100, 'latestWkid': 3857}}"
94,95,2021-05-10 21:33:00.000000000,Sinovac,,6410.0,3294.0,3116.0,,,,,,,,, ,Zimbabwe,surveyor_jr,2021-05-09 21:40:54.414000034,surveyor_jr,2021-08-21 22:01:05.276000023,2f9a95eb-23aa-4445-af04-12c90887db5e,,,,,"{'x': 3321811.1199396243, 'y': -2215661.7015242577, 'spatialReference': {'wkid': 102100, 'latestWkid': 3857}}"
95,96,2021-05-09 21:33:00.000000000,Sinovac,,26405.0,16792.0,9613.0,,,,,,,,, ,Zimbabwe,surveyor_jr,2021-05-09 21:40:54.842999935,surveyor_jr,2021-08-21 22:01:05.276000023,73832f08-8613-442a-8762-cbb92cbeca95,,,,,"{'x': 3321811.1199396243, 'y': -2215661.7015242577, 'spatialReference': {'wkid': 102100, 'latestWkid': 3857}}"
96,97,2021-05-11 21:47:00.000000000,Sinovac,,19119.0,10166.0,8953.0,,,,,,,,, ,Zimbabwe,surveyor_jr,2021-05-09 21:49:35.947999954,surveyor_jr,2021-08-21 22:01:05.276000023,9cec5c26-f00a-43e4-805c-96660a5b469e,,,,,"{'x': 3321810.8588935235, 'y': -2215663.001638395, 'spatialReference': {'wkid': 102100, 'latestWkid': 3857}}"
97,98,2021-05-15 08:36:00.000000000,Sinovac,,18070.0,8309.0,9761.0,,,,,,,,, ,Zimbabwe,surveyor_jr,2021-05-16 08:38:39.924000025,surveyor_jr,2021-08-21 22:01:05.276000023,46df7937-a589-406c-b699-7d8c21881066,,,,,"{'x': 3344167.4578034338, 'y': -2312114.2072154586, 'spatialReference': {'wkid': 102100, 'latestWkid': 3857}}"
98,99,2021-05-16 21:00:00.000000000,Sinovac,,3636.0,1846.0,1790.0,,,,,,,,, ,Zimbabwe,surveyor_jr,2021-05-16 21:03:48.723999977,surveyor_jr,2021-08-21 22:01:05.276000023,66526c97-1d61-4f93-b530-30aa7c6f9b3b,,,,,"{'x': 3344179.0572943743, 'y': -2312121.3181991596, 'spatialReference': {'wkid': 102100, 'latestWkid': 3857}}"
99,100,2021-05-17 05:32:00.000000000,Sinovac,,17311.0,10193.0,7118.0,,,,,,,,, ,Zimbabwe,surveyor_jr,2021-05-18 05:32:46.588000059,surveyor_jr,2021-08-21 22:01:05.276000023,4ca891c4-f299-4ef6-89b8-2bfa711346c9,,,,,"{'x': 3344168.8938248646, 'y': -2312134.2580597033, 'spatialReference': {'wkid': 102100, 'latestWkid': 3857}}"
100,101,2021-05-17 06:07:00.000000000,Sinopharm,100000.0,,,,,,,,,,,, ,Zimbabwe,surveyor_jr,2021-05-18 06:07:36.872999907,surveyor_jr,2021-08-21 22:01:05.276000023,896c1209-6ae8-4ed1-b905-3d720553d1eb,Donation,China,,,"{'x': 3344166.5227197106, 'y': -2312133.510159258, 'spatialReference': {'wkid': 102100, 'latestWkid': 3857}}"
101,102,2021-05-18 02:44:00.000000000,Sinovac,,17696.0,8771.0,8925.0,,,,,,,,, ,Zimbabwe,surveyor_jr,2021-05-19 02:45:05.569999933,surveyor_jr,2021-08-21 22:01:05.276000023,16b95845-d4cc-4a08-80d5-046d285f24a0,,,,,"{'x': 3344176.2631751555, 'y': -2312130.4354577498, 'spatialReference': {'wkid': 102100, 'latestWkid': 3857}}"
102,103,2021-05-19 20:37:00.000000000,Sinovac,,12730.0,4977.0,7753.0,,,,,,,,, ,Zimbabwe,surveyor_jr,2021-05-19 20:38:13.772000074,surveyor_jr,2021-08-21 22:01:05.276000023,076e8f01-98b7-4b71-bd70-a86fcd3fe0ef,,,,,"{'x': 3344175.517334567, 'y': -2312116.9139000815, 'spatialReference': {'wkid': 102100, 'latestWkid': 3857}}"
103,104,2021-05-19 23:06:00.000000000,Sinovac,,22712.0,9740.0,12972.0,,,,,,,,, ,Zimbabwe,surveyor_jr,2021-05-20 23:07:35.119999886,surveyor_jr,2021-08-21 22:01:05.276000023,25663c57-34fe-4088-8d36-937198a49d65,,,,,"{'x': 3344173.380000343, 'y': -2312131.7057011668, 'spatialReference': {'wkid': 102100, 'latestWkid': 3857}}"
104,105,2021-05-21 21:48:00.000000000,Sinovac,,20532.0,9369.0,11163.0,,,,,,,,, ,Zimbabwe,surveyor_jr,2021-05-21 21:49:01.043999910,surveyor_jr,2021-08-21 22:01:05.276000023,db568ef8-fd5e-4953-992c-09a14a874ddc,,,,,"{'x': 3344170.8196520554, 'y': -2312135.2671317807, 'spatialReference': {'wkid': 102100, 'latestWkid': 3857}}"
105,106,2021-05-21 23:47:00.000000000,Sinovac,,16145.0,5683.0,10462.0,,,,,,,,, ,Zimbabwe,surveyor_jr,2021-05-22 23:49:19.206000090,surveyor_jr,2021-08-21 22:01:05.276000023,88beb1ed-cd8b-44f6-aed8-001f9d27dc38,,,,,"{'x': 3344173.387674958, 'y': -2312130.8141182936, 'spatialReference': {'wkid': 102100, 'latestWkid': 3857}}"
106,107,2021-05-24 21:57:00.000000000,COVAX,,3888.0,1139.0,2749.0,,,,,,,,, ,Zimbabwe,surveyor_jr,2021-05-24 21:59:36.355000019,surveyor_jr,2021-08-21 22:01:05.276000023,d8d55d2b-2241-4969-bffe-bf24b0b71e9b,,,,,"{'x': 3344167.635914619, 'y': -2312119.7036850885, 'spatialReference': {'wkid': 102100, 'latestWkid': 3857}}"
107,108,2021-05-24 22:21:00.000000000,COVAX,,13069.0,5918.0,7151.0,,,,,,,,, ,Zimbabwe,surveyor_jr,2021-05-25 22:21:57.543999910,surveyor_jr,2021-08-21 22:01:05.276000023,d20457c0-79ba-4687-b5d7-1406ff0e0217,,,,,"{'x': 3344178.478433022, 'y': -2312132.6554159303, 'spatialReference': {'wkid': 102100, 'latestWkid': 3857}}"
108,109,2021-05-26 21:27:00.000000000,COVAX,,9050.0,3978.0,5072.0,,,,,,,,, ,Zimbabwe,surveyor_jr,2021-05-26 21:28:17.204999924,surveyor_jr,2021-08-21 22:01:05.276000023,3d32d826-99c1-4d11-baff-c978ca328fc5,,,,,"{'x': 3321534.9362829663, 'y': -2216048.8506177426, 'spatialReference': {'wkid': 102100, 'latestWkid': 3857}}"
109,110,2021-05-27 21:21:00.000000000,COVAX,,16349.0,4590.0,11759.0,,,,,,,,, ,Zimbabwe,surveyor_jr,2021-05-27 21:23:41.990999937,surveyor_jr,2021-08-21 22:01:05.276000023,9efda8f4-5f6e-4f5a-ab1c-1dc01b66f504,,,,,"{'x': 3453658.525960426, 'y': -2014485.8434819195, 'spatialReference': {'wkid': 102100, 'latestWkid': 3857}}"
110,111,2021-05-28 02:00:00.000000000,COVAX,,23407.0,8509.0,14898.0,,,,,,,,, ,Zimbabwe,surveyor_jr,2021-05-29 02:01:35.582000017,surveyor_jr,2021-08-21 22:01:05.276000023,a0f32c9b-2def-4ab0-814f-8da1b80cb21b,,,,,"{'x': 3453658.525960426, 'y': -2014485.8434819195, 'spatialReference': {'wkid': 102100, 'latestWkid': 3857}}"
111,112,2021-05-29 21:26:00.000000000,Sinovac,,25669.0,10156.0,15513.0,,,,,,,,, ,Zimbabwe,surveyor_jr,2021-05-29 21:27:28.986000061,surveyor_jr,2021-08-21 22:01:05.276000023,ffc0ea07-2b4b-4791-8af9-e2ba7ee0c10f,,,,,"{'x': 3453658.525960426, 'y': -2014485.8434819195, 'spatialReference': {'wkid': 102100, 'latestWkid': 3857}}"
112,113,2021-05-30 20:30:00.000000000,COVAX,,9508.0,3969.0,5539.0,,,,,,,,, ,Zimbabwe,surveyor_jr,2021-05-30 20:30:58.928999901,surveyor_jr,2021-08-21 22:01:05.276000023,ab277a72-259f-4a20-8ef0-2e76477ac53e,,,,,"{'x': 3453658.525960426, 'y': -2014485.8434819195, 'spatialReference': {'wkid': 102100, 'latestWkid': 3857}}"
113,114,2021-05-31 19:38:00.000000000,Sinovac,,8105.0,4923.0,3182.0,,,,,,,,, ,Zimbabwe,surveyor_jr,2021-05-31 19:39:44.430999994,surveyor_jr,2021-08-21 22:01:05.276000023,79202653-e0ca-47d7-99aa-cb4aec5df269,,,,,"{'x': 3453658.525960426, 'y': -2014485.8434819195, 'spatialReference': {'wkid': 102100, 'latestWkid': 3857}}"
114,115,2021-06-01 21:28:00.000000000,COVAX,,11203.0,2325.0,8878.0,,,,,,,,, ,Zimbabwe,surveyor_jr,2021-06-01 21:29:51.632999897,surveyor_jr,2021-08-21 22:01:05.276000023,35a1792b-8ff3-435b-a045-07fb9d6699ce,,,,,"{'x': 3448916.4937638175, 'y': -2009888.938254604, 'spatialReference': {'wkid': 102100, 'latestWkid': 3857}}"
115,116,2021-06-02 18:49:00.000000000,Sinovac,,8933.0,4239.0,4694.0,,,,,,,,, ,Zimbabwe,surveyor_jr,2021-06-02 18:50:16.102999926,surveyor_jr,2021-08-21 22:01:05.276000023,3fd712d4-dbaa-4f50-b692-89517d56621f,,,,,"{'x': 3449281.26547125, 'y': -2014868.9646155892, 'spatialReference': {'wkid': 102100, 'latestWkid': 3857}}"
116,117,2021-06-03 21:46:00.000000000,Sinovac,,8290.0,1922.0,6368.0,,,,,,,,, ,Zimbabwe,surveyor_jr,2021-06-03 21:51:09.359999895,surveyor_jr,2021-08-21 22:01:05.276000023,1f4a5053-12d8-4dda-989f-a3e632503b99,,,,,"{'x': 3455428.5538596977, 'y': -2019814.946559259, 'spatialReference': {'wkid': 102100, 'latestWkid': 3857}}"
117,118,2021-06-04 21:58:00.000000000,COVAX,,7734.0,1400.0,6334.0,,,,,,,,, ,Zimbabwe,surveyor_jr,2021-06-04 21:59:32.983000040,surveyor_jr,2021-08-21 22:01:05.276000023,1ae5ab93-24e6-4643-a36a-263edafa852a,,,,,"{'x': 3456384.0167132625, 'y': -2016681.0283995655, 'spatialReference': {'wkid': 102100, 'latestWkid': 3857}}"
118,119,2021-06-05 06:36:00.000000000,COVAX,,5713.0,1072.0,4641.0,,,,,,,,, ,Zimbabwe,surveyor_jr,2021-06-06 06:37:36.344000101,surveyor_jr,2021-08-21 22:01:05.276000023,8eab34ed-81f6-45e1-bee6-9f710e774542,,,,,"{'x': 3453293.754252995, 'y': -2018700.5632655432, 'spatialReference': {'wkid': 102100, 'latestWkid': 3857}}"
119,120,2021-06-06 19:34:00.000000000,Sinovac,,6156.0,685.0,5471.0,,,,,,,,, ,Zimbabwe,surveyor_jr,2021-06-06 19:37:52.875999928,surveyor_jr,2021-08-21 22:01:05.276000023,5786a741-24d8-4106-940b-9454f72c6881,,,,,"{'x': 3451337.5412718374, 'y': -2021576.61696589, 'spatialReference': {'wkid': 102100, 'latestWkid': 3857}}"
120,121,2021-06-07 07:12:00.000000000,Sinovac,,5864.0,1375.0,4489.0,,,,,,,,, ,Zimbabwe,surveyor_jr,2021-06-08 07:14:04.408999920,surveyor_jr,2021-08-21 22:01:05.276000023,cc8243d1-f077-43d7-a1c1-d87686d81b0d,,,,,"{'x': 3456937.46382564, 'y': -2016937.938045485, 'spatialReference': {'wkid': 102100, 'latestWkid': 3857}}"
121,122,2021-06-08 20:50:00.000000000,Sinovac,,4838.0,701.0,4137.0,,,,,,,,, ,Zimbabwe,surveyor_jr,2021-06-08 20:51:18.269000053,surveyor_jr,2021-08-21 22:01:05.276000023,aba0b799-736c-46da-9ee4-8986a848f849,,,,,"{'x': 3456384.0167132625, 'y': -2016681.0283995655, 'spatialReference': {'wkid': 102100, 'latestWkid': 3857}}"
122,123,2021-06-09 19:19:00.000000000,Sinovac,,5174.0,523.0,4651.0,,,,,,,,, ,Zimbabwe,surveyor_jr,2021-06-09 19:20:36.555999994,surveyor_jr,2021-08-21 22:01:05.276000023,daf736c3-f8ea-4e12-8fc1-196221f6a3c3,,,,,"{'x': 3456384.0167132625, 'y': -2016681.0283995655, 'spatialReference': {'wkid': 102100, 'latestWkid': 3857}}"
123,124,2021-06-10 19:30:00.000000000,Sinovac,,5523.0,532.0,4991.0,,,,,,,,, ,Zimbabwe,surveyor_jr,2021-06-10 19:31:24.885999918,surveyor_jr,2021-08-21 22:01:05.276000023,5f90b49b-1119-45a5-811f-00d3d99ff7b5,,,,,"{'x': 3456384.0167132625, 'y': -2016681.0283995655, 'spatialReference': {'wkid': 102100, 'latestWkid': 3857}}"
124,125,2021-06-11 18:10:00.000000000,SputnikV,25000.0,,,,,,,,,,,, ,Zimbabwe,surveyor_jr,2021-06-11 18:11:22.608999968,surveyor_jr,2021-08-21 22:01:05.276000023,1bad8644-e17e-4915-b1a9-b1e157a32c02,Donation,Russia,,,"{'x': 3331425.526933118, 'y': -2151158.5458066724, 'spatialReference': {'wkid': 102100, 'latestWkid': 3857}}"
125,126,2021-06-11 05:26:00.000000000,Sinovac,,7348.0,799.0,6549.0,,,,,,,,, ,Zimbabwe,surveyor_jr,2021-06-12 05:30:25.490999937,surveyor_jr,2021-08-21 22:01:05.276000023,f6f0dbc6-124b-4e41-968d-36b852dd3fe6,,,,,"{'x': 3455879.5318600456, 'y': -2015947.232935317, 'spatialReference': {'wkid': 102100, 'latestWkid': 3857}}"
126,127,2021-06-11 22:24:00.000000000,Sinovac,,6544.0,929.0,5615.0,,,,,,,,, ,Zimbabwe,surveyor_jr,2021-06-12 22:26:07.946000099,surveyor_jr,2021-08-21 22:01:05.276000023,5691fd8c-0eb6-472e-b98d-2681cc14e85f,,,,,"{'x': 3449281.26547125, 'y': -2012953.4292922432, 'spatialReference': {'wkid': 102100, 'latestWkid': 3857}}"
127,128,2021-06-13 19:09:00.000000000,Sinovac,,3660.0,967.0,2693.0,,,,,,,,, ,Zimbabwe,surveyor_jr,2021-06-13 19:10:11.221999884,surveyor_jr,2021-08-21 22:01:05.276000023,110bdcd2-34c6-44cd-81cc-b2477d75b2b7,,,,,"{'x': 3456384.0167132625, 'y': -2016681.0283995655, 'spatialReference': {'wkid': 102100, 'latestWkid': 3857}}"
128,129,2021-06-14 19:39:00.000000000,Sinovac,,1145.0,421.0,724.0,,,,,,,,, ,Zimbabwe,surveyor_jr,2021-06-14 19:40:08.552999973,surveyor_jr,2021-08-21 22:01:05.276000023,aef5abe0-4ad2-45d5-830e-f4394b0bb912,,,,,"{'x': 3449281.26547125, 'y': -2012953.4292922432, 'spatialReference': {'wkid': 102100, 'latestWkid': 3857}}"
129,130,2021-06-15 20:42:00.000000000,Sinovac,,5275.0,1162.0,4113.0,,,,,,,,, ,Zimbabwe,surveyor_jr,2021-06-15 20:44:43.306999922,surveyor_jr,2021-08-21 22:01:05.276000023,47f5afce-714b-4bd2-9ddb-d257696ab89d,,,,,"{'x': 3456384.0167132625, 'y': -2016681.0283995655, 'spatialReference': {'wkid': 102100, 'latestWkid': 3857}}"
130,131,2021-06-16 19:54:00.000000000,SputnikV,,7395.0,2669.0,4726.0,,,,,,,,, ,Zimbabwe,surveyor_jr,2021-06-16 20:01:30.844000101,surveyor_jr,2021-08-21 22:01:05.276000023,a8e4b733-7abf-4dbf-b032-698b637f0f82,,,,,"{'x': 3457255.398369179, 'y': -2017995.743594883, 'spatialReference': {'wkid': 102100, 'latestWkid': 3857}}"
131,132,2021-06-17 21:23:00.000000000,SputnikV,,5214.0,1554.0,3660.0,,,,,,,,, ,Zimbabwe,surveyor_jr,2021-06-17 21:27:51.842000008,surveyor_jr,2021-08-21 22:01:05.276000023,d012856d-49f7-4b69-92f4-b7f28dba8dfe,,,,,"{'x': 3454732.9764357675, 'y': -2017537.121425172, 'spatialReference': {'wkid': 102100, 'latestWkid': 3857}}"
132,133,2021-06-18 20:50:00.000000000,Sinovac,,5310.0,1291.0,4019.0,,,,,,,,, ,Zimbabwe,surveyor_jr,2021-06-18 20:55:01.676000118,surveyor_jr,2021-08-21 22:01:05.276000023,28337474-3821-4ed4-9b90-81242014f4e6,,,,,"{'x': 3454656.5394074824, 'y': -2017689.9954817423, 'spatialReference': {'wkid': 102100, 'latestWkid': 3857}}"
133,134,2021-06-18 22:39:00.000000000,Sinovac,,2523.0,1104.0,1419.0,,,,,,,,, ,Zimbabwe,surveyor_jr,2021-06-19 22:40:26.424999952,surveyor_jr,2021-08-21 22:01:05.276000023,10725215-6704-43b6-8282-78134525a786,,,,,"{'x': 3456384.0167132625, 'y': -2016681.0283995655, 'spatialReference': {'wkid': 102100, 'latestWkid': 3857}}"
134,135,2021-06-20 20:00:00.000000000,Sinovac,,4813.0,1717.0,3096.0,,,,,,,,, ,Zimbabwe,surveyor_jr,2021-06-20 20:07:03.614000082,surveyor_jr,2021-08-21 22:01:05.276000023,8d80a9d9-f1ea-4cd3-af03-883dce48502b,,,,,"{'x': 3453662.8580397745, 'y': -2017002.0601860867, 'spatialReference': {'wkid': 102100, 'latestWkid': 3857}}"
135,136,2021-06-21 20:03:00.000000000,SputnikV,,2119.0,936.0,1183.0,,,,,,,,, ,Zimbabwe,surveyor_jr,2021-06-21 20:04:56.921000004,surveyor_jr,2021-08-21 22:01:05.276000023,0f455ba0-0e56-4e30-9a67-88a6fed3f4c9,,,,,"{'x': 3454752.84108272, 'y': -2016784.6758770233, 'spatialReference': {'wkid': 102100, 'latestWkid': 3857}}"
136,137,2021-06-22 20:08:00.000000000,Sinovac,,5526.0,2157.0,3369.0,,,,,,,,, ,Zimbabwe,surveyor_jr,2021-06-22 20:09:42.328999996,surveyor_jr,2021-08-21 22:01:05.276000023,d168cc8f-d5a3-4e1f-8537-83c097b86fee,,,,,"{'x': 3449281.26547125, 'y': -2015252.092786783, 'spatialReference': {'wkid': 102100, 'latestWkid': 3857}}"
137,138,2021-06-23 20:50:00.000000000,Sinopharm,,20471.0,8898.0,11573.0,,,,,,,,, ,Zimbabwe,surveyor_jr,2021-06-23 20:53:28.967999935,surveyor_jr,2021-08-21 22:01:05.276000023,21d61669-ff7f-4496-b80a-6f465108f4d1,,,,,"{'x': 3451757.824721155, 'y': -2017942.6798855404, 'spatialReference': {'wkid': 102100, 'latestWkid': 3857}}"
138,139,2021-06-24 21:06:00.000000000,COVAX,,26466.0,10526.0,15940.0,,,,,,,,, ,Zimbabwe,surveyor_jr,2021-06-24 21:07:39.914000034,surveyor_jr,2021-08-21 22:01:05.276000023,4240f548-dffb-42e9-b980-c42e0a8fa32a,,,,,"{'x': 3454752.84108272, 'y': -2016018.3702477843, 'spatialReference': {'wkid': 102100, 'latestWkid': 3857}}"
139,140,2021-06-25 06:05:00.000000000,SputnikV,,28602.0,11901.0,16701.0,,,,,,,,, ,Zimbabwe,surveyor_jr,2021-06-26 06:07:03.588999987,surveyor_jr,2021-08-21 22:01:05.276000023,e4b7ada1-0e4e-49a0-85f0-5c2e376b2945,,,,,"{'x': 3456465.030049774, 'y': -2018555.1207863172, 'spatialReference': {'wkid': 102100, 'latestWkid': 3857}}"
140,141,2021-06-26 20:24:00.000000000,Sinopharm,500000.0,27591.0,9847.0,17744.0,,,,,,,,, ,Zimbabwe,surveyor_jr,2021-06-26 20:25:06.936000109,surveyor_jr,2021-08-21 22:01:05.276000023,46360700-f64d-49da-9c64-bf67dc00f407,gvt_procurement,,,,"{'x': 3451360.3128091004, 'y': -2021583.508549414, 'spatialReference': {'wkid': 102100, 'latestWkid': 3857}}"
141,142,2021-06-27 20:41:00.000000000,Sinovac,,25751.0,8961.0,16790.0,,,,,,,,, ,Zimbabwe,surveyor_jr,2021-06-27 20:43:07.269000053,surveyor_jr,2021-08-21 22:01:05.276000023,c46edd18-cfdc-4abc-9824-7ba428056ce0,,,,,"{'x': 3451522.621247789, 'y': -2016237.6899032344, 'spatialReference': {'wkid': 102100, 'latestWkid': 3857}}"
142,143,2021-06-28 21:01:00.000000000,SputnikV,,23895.0,7957.0,15938.0,,,,,,,,, ,Zimbabwe,surveyor_jr,2021-06-28 21:03:18.569999933,surveyor_jr,2021-08-21 22:01:05.276000023,3323e3ee-b2f5-48a9-a861-cc98c3fb2514,,,,,"{'x': 3453393.9823337523, 'y': -2015789.875147034, 'spatialReference': {'wkid': 102100, 'latestWkid': 3857}}"
143,144,2021-06-29 05:11:00.000000000,Sinovac,,16443.0,6461.0,9982.0,,,,,,,,, ,Zimbabwe,surveyor_jr,2021-06-30 05:15:36.821000099,surveyor_jr,2021-08-21 22:01:05.276000023,52eb940d-ddef-437f-88bb-8fe523f2b7b0,,,,,"{'x': 3452796.052692084, 'y': -2017331.1762238636, 'spatialReference': {'wkid': 102100, 'latestWkid': 3857}}"
144,145,2021-06-30 20:19:00.000000000,SputnikV,,16841.0,6452.0,10389.0,,,,,,,,, ,Zimbabwe,surveyor_jr,2021-06-30 20:19:42.515000105,surveyor_jr,2021-08-21 22:01:05.276000023,129e970d-4d4d-403c-8ad1-bbadad5ddb95,,,,,"{'x': 3456941.471327309, 'y': -2017167.839258511, 'spatialReference': {'wkid': 102100, 'latestWkid': 3857}}"
145,146,2021-07-01 06:08:00.000000000,SputnikV,,9522.0,5537.0,3985.0,,,,,,,,, ,Zimbabwe,surveyor_jr,2021-07-02 06:08:27.519000052,surveyor_jr,2021-08-21 22:01:05.276000023,21f4f0f1-ac32-4e35-860b-a23e90ac63b5,,,,,"{'x': 3461986.014240147, 'y': -2012721.0726909044, 'spatialReference': {'wkid': 102100, 'latestWkid': 3857}}"
146,147,2021-07-02 08:14:00.000000000,COVAX,,10760.0,5308.0,5452.0,,,,,,,,, ,Zimbabwe,surveyor_jr,2021-07-05 08:16:56.645999908,surveyor_jr,2021-08-21 22:01:05.276000023,6394e53f-131c-44b0-87c4-bcf6fb360cfe,,,,,"{'x': 3457375.49109689, 'y': -2023225.6352525523, 'spatialReference': {'wkid': 102100, 'latestWkid': 3857}}"
147,148,2021-07-03 08:17:00.000000000,COVAX,,6869.0,3897.0,2972.0,,,,,,,,, ,Zimbabwe,surveyor_jr,2021-07-05 08:18:21.914999962,surveyor_jr,2021-08-21 22:01:05.276000023,8fe54bde-4594-423d-a598-766cf4e2acc7,,,,,"{'x': 3456534.683785753, 'y': -2023225.63364884, 'spatialReference': {'wkid': 102100, 'latestWkid': 3857}}"
148,149,2021-07-04 08:18:00.000000000,COVAX,,1623.0,1176.0,447.0,,,,,,,,, ,Zimbabwe,surveyor_jr,2021-07-05 08:18:51.642999887,surveyor_jr,2021-08-21 22:01:05.276000023,59e65920-717b-498e-9b1a-1b5c85867193,,,,,"{'x': 3453706.5137392003, 'y': -2023302.070677125, 'spatialReference': {'wkid': 102100, 'latestWkid': 3857}}"
149,150,2021-07-05 20:35:00.000000000,Sinovac,,8226.0,4638.0,3588.0,,,,,,,,, ,Zimbabwe,surveyor_jr,2021-07-05 20:36:36.513000011,surveyor_jr,2021-08-21 22:01:05.276000023,5d38fb7c-6b46-415c-8619-e8582232d66d,,,,,"{'x': 3453293.754252995, 'y': -2018317.371688598, 'spatialReference': {'wkid': 102100, 'latestWkid': 3857}}"
150,151,2021-07-06 20:28:00.000000000,SputnikV,,13131.0,9918.0,3213.0,,,,,,,,, ,Zimbabwe,surveyor_jr,2021-07-06 20:29:01.203999996,surveyor_jr,2021-08-21 22:01:05.276000023,afe34fbf-0925-4ece-843c-042a4a60921b,,,,,"{'x': 3321574.3990424527, 'y': -2216025.41830785, 'spatialReference': {'wkid': 102100, 'latestWkid': 3857}}"
151,152,2021-07-07 20:42:00.000000000,Sinovac,,16190.0,11425.0,4765.0,,,,,,,,, ,Zimbabwe,surveyor_jr,2021-07-07 20:43:32.799000025,surveyor_jr,2021-08-21 22:01:05.276000023,43519919-a84b-42bd-90cf-150ebc2b7850,,,,,"{'x': 3321572.562270854, 'y': -2216010.6668331586, 'spatialReference': {'wkid': 102100, 'latestWkid': 3857}}"
152,153,2021-07-08 20:30:00.000000000,Sinovac,2000000.0,34821.0,29750.0,5071.0,,,,,,,,, ,Zimbabwe,surveyor_jr,2021-07-08 20:31:03.299000025,surveyor_jr,2021-08-21 22:01:05.276000023,830c0218-3b3a-482d-9f26-f98202cb9b53,gvt_procurement,,,,"{'x': 3321582.202538757, 'y': -2215964.3338126373, 'spatialReference': {'wkid': 102100, 'latestWkid': 3857}}"
153,154,2021-07-08 22:57:00.000000000,Sinovac,,30437.0,26374.0,4063.0,,,,,,,,, ,Zimbabwe,surveyor_jr,2021-07-09 22:59:03.661000013,surveyor_jr,2021-08-21 22:01:05.276000023,94641872-27bc-4a30-99f9-20c42c2b585d,,,,,"{'x': 3321582.8147959565, 'y': -2215964.0149265747, 'spatialReference': {'wkid': 102100, 'latestWkid': 3857}}"
154,155,2021-07-10 21:04:00.000000000,Sinovac,,13125.0,11437.0,1688.0,,,,,,,,, ,Zimbabwe,surveyor_jr,2021-07-10 21:05:44.622999907,surveyor_jr,2021-08-21 22:01:05.276000023,56a9f03e-1d58-4df7-9943-9d6ee2ee4edb,,,,,"{'x': 3322529.7985721854, 'y': -2215768.5387722766, 'spatialReference': {'wkid': 102100, 'latestWkid': 3857}}"
155,156,2021-07-11 21:32:00.000000000,COVAX,,14277.0,9361.0,4916.0,,,,,,,,, ,Zimbabwe,surveyor_jr,2021-07-11 21:32:43.522000074,surveyor_jr,2021-08-21 22:01:05.276000023,e61e65eb-10ec-4f91-832f-30637855963f,,,,,"{'x': 3453293.754252995, 'y': -2018317.371688598, 'spatialReference': {'wkid': 102100, 'latestWkid': 3857}}"
156,157,2021-07-12 20:40:00.000000000,Sinovac,,40471.0,30332.0,10139.0,,,,,,,,, ,Zimbabwe,surveyor_jr,2021-07-12 20:40:39.528000115,surveyor_jr,2021-08-21 22:01:05.276000023,17bb0dd0-2e1f-487c-a0b1-7d197cfa205b,,,,,"{'x': 3322529.7985721854, 'y': -2215768.5387722766, 'spatialReference': {'wkid': 102100, 'latestWkid': 3857}}"
157,158,2021-07-13 21:19:00.000000000,SputnikV,,43671.0,29344.0,14327.0,,,,,,,,, ,Zimbabwe,surveyor_jr,2021-07-13 21:20:09.881999969,surveyor_jr,2021-08-21 22:01:05.276000023,417449e1-466f-4d50-a2a4-132ee9445ac3,,,,,"{'x': 3455276.8644651994, 'y': -2021467.5811235276, 'spatialReference': {'wkid': 102100, 'latestWkid': 3857}}"
158,159,2021-07-13 22:46:00.000000000,COVAX,,38101.0,33090.0,5011.0,,,,,,,,, ,Zimbabwe,surveyor_jr,2021-07-14 22:47:15.349999905,surveyor_jr,2021-08-21 22:01:05.276000023,84e9653a-ac33-46ef-8b54-2aab83d29207,,,,,"{'x': 3322529.7985721854, 'y': -2215768.5387722766, 'spatialReference': {'wkid': 102100, 'latestWkid': 3857}}"
159,160,2021-07-15 21:37:00.000000000,SputnikV,,53222.0,47506.0,5716.0,,,,,,,,, ,Zimbabwe,surveyor_jr,2021-07-15 21:38:18.529000044,surveyor_jr,2021-08-21 22:01:05.276000023,dc4e2324-094d-4132-b114-6078c6d6c1c0,,,,,"{'x': 3455847.156205014, 'y': -2017551.009686594, 'spatialReference': {'wkid': 102100, 'latestWkid': 3857}}"
160,161,2021-07-15 22:15:00.000000000,COVAX,,64878.0,59750.0,5128.0,,,,,,,,, ,Zimbabwe,surveyor_jr,2021-07-16 22:15:42.592999935,surveyor_jr,2021-08-21 22:01:05.276000023,ce1b0be4-79fa-412f-ae2a-eba13f14cb00,,,,,"{'x': 3321583.7053518826, 'y': -2215959.59776462, 'spatialReference': {'wkid': 102100, 'latestWkid': 3857}}"
161,162,2021-07-17 21:13:00.000000000,COVAX,,39694.0,36043.0,3651.0,,,,,,,,, ,Zimbabwe,surveyor_jr,2021-07-17 21:13:54.017999887,surveyor_jr,2021-08-21 22:01:05.276000023,3ceb67bb-4150-4973-9965-7075352eaaba,,,,,"{'x': 3322529.7985721854, 'y': -2215768.5387722766, 'spatialReference': {'wkid': 102100, 'latestWkid': 3857}}"
162,163,2021-07-18 20:52:00.000000000,SputnikV,,13808.0,12043.0,1765.0,,,,,,,,, ,Zimbabwe,surveyor_jr,2021-07-18 20:53:13.726999998,surveyor_jr,2021-08-21 22:01:05.276000023,54361ed8-1189-465c-af51-48ab41422c2e,,,,,"{'x': 3321582.146131158, 'y': -2215962.0243428266, 'spatialReference': {'wkid': 102100, 'latestWkid': 3857}}"
163,164,2021-07-19 20:28:00.000000000,Sinovac,,42105.0,40056.0,2049.0,,,,,,,,, ,Zimbabwe,surveyor_jr,2021-07-19 20:29:13.049999952,surveyor_jr,2021-08-21 22:01:05.276000023,c3443d1d-b7cd-450d-97b6-ac904a492ae5,,,,,"{'x': 3322529.7985721854, 'y': -2215768.5387722766, 'spatialReference': {'wkid': 102100, 'latestWkid': 3857}}"
164,165,2021-07-20 06:19:00.000000000,COVAX,,69699.0,63059.0,6640.0,,,,,,,,, ,Zimbabwe,surveyor_jr,2021-07-21 06:20:19.092999935,surveyor_jr,2021-08-21 22:01:05.276000023,6dd868d5-6124-4078-9600-7b60fe789a0b,,,,,"{'x': 3322529.7985721854, 'y': -2215768.5387722766, 'spatialReference': {'wkid': 102100, 'latestWkid': 3857}}"
165,166,2021-07-21 05:30:00.000000000,Sinovac,,52135.0,45148.0,6987.0,,,,,,,,, ,Zimbabwe,surveyor_jr,2021-07-22 05:31:18.782999992,surveyor_jr,2021-08-21 22:01:05.276000023,176e2dca-5959-4b5d-917a-2744c6a92ab3,,,,,"{'x': 3322529.7985721854, 'y': -2215768.5387722766, 'spatialReference': {'wkid': 102100, 'latestWkid': 3857}}"
166,167,2021-07-22 21:21:00.000000000,Sinovac,,67629.0,59872.0,7757.0,,,,,,,,, ,Zimbabwe,surveyor_jr,2021-07-22 21:21:51.571000099,surveyor_jr,2021-08-21 22:01:05.276000023,9bf4381d-ae3f-465b-9c81-e443a74793e0,,,,,"{'x': 3322529.7985721854, 'y': -2215768.5387722766, 'spatialReference': {'wkid': 102100, 'latestWkid': 3857}}"
167,168,2021-07-23 20:46:00.000000000,Sinovac,,54959.0,48391.0,6568.0,,,,,,,,, ,Zimbabwe,surveyor_jr,2021-07-23 20:47:44.750999928,surveyor_jr,2021-08-21 22:01:05.276000023,17ad41c8-9cf0-42d1-afd8-3229190dde9a,,,,,"{'x': 3321583.3379975627, 'y': -2215959.160772716, 'spatialReference': {'wkid': 102100, 'latestWkid': 3857}}"
168,169,2021-07-23 22:51:00.000000000,COVAX,,44604.0,37985.0,6619.0,,,,,,,,, ,Zimbabwe,surveyor_jr,2021-07-24 22:51:39.216000080,surveyor_jr,2021-08-21 22:01:05.276000023,b8040fa8-75cc-4a2c-b17c-9245675432e8,,,,,"{'x': 3322529.7985721854, 'y': -2215768.5387722766, 'spatialReference': {'wkid': 102100, 'latestWkid': 3857}}"
169,170,2021-07-25 21:49:00.000000000,Sinovac,,20738.0,18452.0,2286.0,,,,,,,,, ,Zimbabwe,surveyor_jr,2021-07-25 21:49:49.779000044,surveyor_jr,2021-08-21 22:01:05.276000023,586da4a1-a120-4d25-883f-cade9277c8a1,,,,,"{'x': 3322529.7985721854, 'y': -2215768.5387722766, 'spatialReference': {'wkid': 102100, 'latestWkid': 3857}}"
170,171,2021-07-25 22:09:00.000000000,Sinopharm,,41307.0,34151.0,7156.0,,,,,,,,, ,Zimbabwe,surveyor_jr,2021-07-26 22:09:54.384999990,surveyor_jr,2021-08-21 22:01:05.276000023,1cae7b6f-b869-4710-a907-f28850810e27,,,,,"{'x': 3321580.7108575804, 'y': -2215959.1489621243, 'spatialReference': {'wkid': 102100, 'latestWkid': 3857}}"
171,172,2021-07-27 21:41:00.000000000,Sinopharm,,38126.0,30657.0,7469.0,,,,,,,,, ,Zimbabwe,surveyor_jr,2021-07-27 21:42:38.155999899,surveyor_jr,2021-08-21 22:01:05.276000023,e2ab3a56-3791-438c-8463-24151a146df9,,,,,"{'x': 3322529.7985721854, 'y': -2215768.5387722766, 'spatialReference': {'wkid': 102100, 'latestWkid': 3857}}"
172,173,2021-07-27 22:03:00.000000000,Sinovac,,58601.0,40135.0,18466.0,,,,,,,,, ,Zimbabwe,surveyor_jr,2021-07-28 22:04:09.967000008,surveyor_jr,2021-08-21 22:01:05.276000023,14c5a452-0849-48ec-b6e7-cba58b0b76a4,,,,,"{'x': 3321581.7683927435, 'y': -2215961.9953149655, 'spatialReference': {'wkid': 102100, 'latestWkid': 3857}}"
173,174,2021-07-28 22:00:00.000000000,COVAX,,48618.0,31371.0,17247.0,,,,,,,,, ,Zimbabwe,surveyor_jr,2021-07-29 22:02:00.009999990,surveyor_jr,2021-08-21 22:01:05.276000023,c8bba85e-4562-4cb3-a08e-e7646eb06e5f,,,,,"{'x': 3322521.55770325, 'y': -2215765.672368225, 'spatialReference': {'wkid': 102100, 'latestWkid': 3857}}"
174,175,2021-07-26 22:46:00.000000000,Sinovac,700000.0,,,,,,,,,,,, ,Zimbabwe,surveyor_jr,2021-07-29 22:47:19.568000078,surveyor_jr,2021-08-21 22:01:05.276000023,91b1eebb-9bc5-4d4b-9977-d6961d65cba8,gvt_procurement,,,,"{'x': 3350993.4061741177, 'y': -2229313.9703016873, 'spatialReference': {'wkid': 102100, 'latestWkid': 3857}}"
175,176,2021-07-29 22:09:00.000000000,Sinovac,,51327.0,30218.0,21109.0,,,,,,,,, ,Zimbabwe,surveyor_jr,2021-07-30 22:09:27.882999897,surveyor_jr,2021-08-21 22:01:05.276000023,4b1018d7-330d-4720-a4a8-57e826ca9322,,,,,"{'x': 3322529.7985721854, 'y': -2215768.5387722766, 'spatialReference': {'wkid': 102100, 'latestWkid': 3857}}"
176,177,2021-07-30 23:38:00.000000000,COVAX,,38148.0,21725.0,16423.0,,,,,,,,, ,Zimbabwe,surveyor_jr,2021-07-31 23:38:46.098000050,surveyor_jr,2021-08-21 22:01:05.276000023,07dc3038-1616-42d1-a38f-4e43b5b01b8e,,,,,"{'x': 3453293.754252995, 'y': -2018317.371688598, 'spatialReference': {'wkid': 102100, 'latestWkid': 3857}}"
177,178,2021-07-31 23:34:00.000000000,COVAX,,19832.0,8513.0,11319.0,,,,,,,,, ,Zimbabwe,surveyor_jr,2021-08-01 23:35:41.776999950,surveyor_jr,2021-08-21 22:01:05.276000023,6191c39c-63f6-4554-a9b5-a1b4985c3151,,,,,"{'x': 3322529.7985721854, 'y': -2215768.5387722766, 'spatialReference': {'wkid': 102100, 'latestWkid': 3857}}"
178,179,2021-08-02 05:54:00.000000000,Sinovac,,40249.0,20598.0,19651.0,,,,,,,,, ,Zimbabwe,surveyor_jr,2021-08-03 05:55:41.234999895,surveyor_jr,2021-08-21 22:01:05.276000023,c0ea7b83-96a7-40bc-8adf-b840daa6fe4e,,,,,"{'x': 3363223.330699743, 'y': -2155934.371829132, 'spatialReference': {'wkid': 102100, 'latestWkid': 3857}}"
179,180,2021-08-03 05:59:00.000000000,COVAX,,66965.0,32961.0,34004.0,,,,,,,,, ,Zimbabwe,surveyor_jr,2021-08-04 06:00:12.621999979,surveyor_jr,2021-08-21 22:01:05.276000023,43afbab3-6615-44a5-8bf5-731a8167c429,,,,,"{'x': 3370561.2854151176, 'y': -2187732.282898714, 'spatialReference': {'wkid': 102100, 'latestWkid': 3857}}"
180,181,2021-08-04 12:03:00.000000000,Sinopharm,2500.0,,,,,,,,,,,, ,Zimbabwe,surveyor_jr,2021-08-04 12:05:05.872999907,surveyor_jr,2021-08-21 22:01:05.276000023,db1c67c1-3c28-4143-a7e1-09d1fd0e70e2,Donation,SEED Co,"SEEDCO has donated 2500 Sinopharm doses to government for vaccination of Agritex staff against COVID-19.  The seed company has also partnered with Cimas Medical Aid Society to pool resources for the vaccination campaign.  Local Government minister July Moyo, who received the donation together with Lands and Agriculture minister Anxious Masuka at  Seed Cos Stapleford depot in Harare, said the vaccine would go a long way in safeguarding Agritex officers and farmers, who regularly engage in face-to-face interaction.  I am so pleased that more than 98% of the Seed Co employees and their families have been vaccinated. Other companies should follow suit, Moyo said.  Seed Co has also assisted several journalists to get vaccinated.",News Day,"{'x': 3322529.7985721854, 'y': -2210704.772374152, 'spatialReference': {'wkid': 102100, 'latestWkid': 3857}}"
181,182,2021-08-03 22:13:00.000000000,Sinovac,,63710.0,32927.0,30783.0,,,,,,,,, ,Zimbabwe,surveyor_jr,2021-08-04 22:14:38.259000063,surveyor_jr,2021-08-21 22:01:05.276000023,d5f50bc1-a510-4af2-b8b6-0a6f0ed76610,,,,,"{'x': 3322529.7985721854, 'y': -2215768.5387722766, 'spatialReference': {'wkid': 102100, 'latestWkid': 3857}}"
182,183,2021-08-05 05:50:00.000000000,COVAX,,96830.0,39943.0,56887.0,,,,,,,,, ,Zimbabwe,surveyor_jr,2021-08-06 05:51:51.522000074,surveyor_jr,2021-08-21 22:01:05.276000023,ec1c21e1-9850-49cd-9c6c-97e9cc1b0caa,,,,,"{'x': 3310732.963409723, 'y': -2240661.2300321804, 'spatialReference': {'wkid': 102100, 'latestWkid': 3857}}"
183,184,2021-08-05 22:29:00.000000000,COVAX,,83175.0,37057.0,46118.0,,,,,,,,, ,Zimbabwe,surveyor_jr,2021-08-06 22:29:33.783999920,surveyor_jr,2021-08-21 22:01:05.276000023,b1210cb9-56b1-46df-ba5d-a33143f07384,,,,,"{'x': 3455117.6127901515, 'y': -2019466.9675788868, 'spatialReference': {'wkid': 102100, 'latestWkid': 3857}}"
184,185,2021-08-07 21:17:00.000000000,COVAX,,69398.0,33809.0,35589.0,,,,,,,,, ,Zimbabwe,surveyor_jr,2021-08-07 21:17:25.313999891,surveyor_jr,2021-08-21 22:01:05.276000023,46467b27-4c80-42b8-83c4-57b10d768c57,,,,,"{'x': 3322529.7985721854, 'y': -2215768.5387722766, 'spatialReference': {'wkid': 102100, 'latestWkid': 3857}}"
185,186,2021-08-08 21:13:00.000000000,Sinovac,,33154.0,12797.0,20357.0,,,,,,,,, ,Zimbabwe,surveyor_jr,2021-08-08 21:14:15.614000082,surveyor_jr,2021-08-21 22:01:05.276000023,7f23ec22-c009-47a7-ada4-6eeb5f138a81,,,,,"{'x': 3322529.7985721854, 'y': -2215768.5387722766, 'spatialReference': {'wkid': 102100, 'latestWkid': 3857}}"
186,187,2021-08-09 21:37:00.000000000,COVAX,,54957.0,33210.0,21747.0,,,,,,,,, ,Zimbabwe,surveyor_jr,2021-08-09 21:40:10.111999989,surveyor_jr,2021-08-21 22:01:05.276000023,9999297b-3c7d-4ba9-97c3-b362ca313244,,,,,"{'x': 3450740.3523009745, 'y': -2019083.7618951355, 'spatialReference': {'wkid': 102100, 'latestWkid': 3857}}"
187,188,2021-08-10 12:56:00.000000000,Sinopharm,,32051.0,15178.0,16873.0,,,,,,,,, ,Zimbabwe,surveyor_jr,2021-08-11 12:56:53.388000011,surveyor_jr,2021-08-21 22:01:05.276000023,fef267f3-8410-448d-9cd0-ae89bd14664c,,,,,"{'x': 3456211.9279124457, 'y': -2017934.187162785, 'spatialReference': {'wkid': 102100, 'latestWkid': 3857}}"
188,189,2021-08-11 21:17:00.000000000,COVAX,,43782.0,20628.0,23154.0,,,,,,,,, ,Zimbabwe,surveyor_jr,2021-08-11 21:18:10.970999956,surveyor_jr,2021-08-21 22:01:05.276000023,b2ed7b99-95bc-44e6-a694-e31d45779bfd,,,,,"{'x': 3455847.156205014, 'y': -2017934.187162785, 'spatialReference': {'wkid': 102100, 'latestWkid': 3857}}"
189,190,2021-08-12 05:54:00.000000000,COVAX,,81201.0,33392.0,47809.0,,,,,,,,, ,Zimbabwe,surveyor_jr,2021-08-13 05:55:08.707999945,surveyor_jr,2021-08-21 22:01:05.276000023,18b639d5-355c-48fb-940b-c5ab04585275,,,,,"{'x': 3362890.299643401, 'y': -2187114.2178653143, 'spatialReference': {'wkid': 102100, 'latestWkid': 3857}}"
190,191,2021-08-12 22:05:00.000000000,COVAX,,94714.0,46728.0,47986.0,,,,,,,,, ,Zimbabwe,surveyor_jr,2021-08-13 22:06:28.428999901,surveyor_jr,2021-08-21 22:01:05.276000023,58d47d60-a2a6-4086-a36b-432b92e72650,,,,,"{'x': 3322529.798572186, 'y': -2215768.5387722766, 'spatialReference': {'wkid': 102100, 'latestWkid': 3857}}"
191,192,2021-08-14 07:26:00.000000000,COVAX,,41653.0,22959.0,18694.0,,,,,,,,, ,Zimbabwe,surveyor_jr,2021-08-15 07:26:29.223999977,surveyor_jr,2021-08-21 22:01:05.276000023,139ef4b5-c2e6-4bc4-b16c-587124c9448c,,,,,"{'x': 3322529.798572186, 'y': -2215768.5387722766, 'spatialReference': {'wkid': 102100, 'latestWkid': 3857}}"
192,193,2021-08-15 04:56:00.000000000,COVAX,,54349.0,28015.0,26334.0,,,,,,,,, ,Zimbabwe,surveyor_jr,2021-08-16 04:56:35.763999939,surveyor_jr,2021-08-21 22:01:05.276000023,c807eab9-6e3b-435b-aa5d-ba586d3d74ce,,,,,"{'x': 3322529.7985721854, 'y': -2215768.5387722766, 'spatialReference': {'wkid': 102100, 'latestWkid': 3857}}"
193,194,2021-08-16 06:28:00.000000000,COVAX,,56727.0,27236.0,29491.0,,,,,,,,, ,Zimbabwe,surveyor_jr,2021-08-17 06:29:13.275000095,surveyor_jr,2021-08-21 22:01:05.276000023,778a0e6b-f566-4cf1-822d-c425f5859d24,,,,,"{'x': 3322529.798572186, 'y': -2215768.5387722766, 'spatialReference': {'wkid': 102100, 'latestWkid': 3857}}"
194,195,2021-08-17 06:40:00.000000000,Sinovac,,104974.0,53978.0,50996.0,,,,,,,,, ,Zimbabwe,surveyor_jr,2021-08-18 06:41:18.279999971,surveyor_jr,2021-08-21 22:01:05.276000023,0dc1465c-520e-4010-855e-781f38744135,,,,,"{'x': 3322529.798572186, 'y': -2215768.5387722766, 'spatialReference': {'wkid': 102100, 'latestWkid': 3857}}"
195,196,2021-08-18 02:54:00.000000000,COVAX,,91381.0,47809.0,43572.0,,,,,,,,, ,Zimbabwe,surveyor_jr,2021-08-19 02:54:58.769000053,surveyor_jr,2021-08-21 22:01:05.276000023,e6fb21bf-9e49-4028-8580-148251224f00,,,,,"{'x': 3322529.798572186, 'y': -2215768.5387722766, 'spatialReference': {'wkid': 102100, 'latestWkid': 3857}}"
196,197,2021-08-19 06:54:00.000000000,COVAX,,78597.0,40219.0,38378.0,,,,,,,,, ,Zimbabwe,surveyor_jr,2021-08-20 06:54:59.569999933,surveyor_jr,2021-08-21 22:01:05.276000023,4007fde1-69e1-46d2-abd8-335312d0dcdf,,,,,"{'x': 3322529.798572186, 'y': -2215768.5387722766, 'spatialReference': {'wkid': 102100, 'latestWkid': 3857}}"
197,198,2021-08-20 06:16:00.000000000,Sinopharm,,78571.0,38164.0,40407.0,,,,,,,,, ,Zimbabwe,surveyor_jr,2021-08-21 06:16:52.552999973,surveyor_jr,2021-08-21 22:01:05.276000023,bbef251c-80a8-4b4e-ba76-769ac90bcf6c,,,,,"{'x': 3322529.7985721854, 'y': -2215768.5387722766, 'spatialReference': {'wkid': 102100, 'latestWkid': 3857}}"
198,199,2021-08-21 21:42:00.000000000,Sinopharm ,3266500.0,53734.0,29912.0,23822.0,,,,,,,,, ,Zimbabwe,surveyor_jr,2021-08-21 21:43:01.378000021,surveyor_jr,2021-08-22 20:21:50.180999994,d1dabf1c-0c55-4063-8160-f5e35b771827,gvt_procurement,,"Ministry of Health published that they had 8,285,000 vaccines in storage to date. We are not sure where the rest of the dosages came from. We subtracted the existing records to match the given figure",MOHCC Twitter,"{'x': 3322529.7985721854, 'y': -2215768.5387722766, 'spatialReference': {'wkid': 102100, 'latestWkid': 3857}}"
199,200,2021-08-22 05:36:00.000000000,Sinopharm,,,10776.0,9181.0,,,,,,,,, ,Zimbabwe,surveyor_jr,2021-08-23 05:37:13.234999895,surveyor_jr,2021-08-23 05:37:13.234999895,267de0a5-86b4-4fdd-a086-ffce905a951d,,,,,"{'x': 3322529.7985721854, 'y': -2215768.5387722766, 'spatialReference': {'wkid': 102100, 'latestWkid': 3857}}"
200,201,2021-08-23 05:13:00.000000000,COVAX,,,32926.0,22886.0,,,,,,,,, ,Zimbabwe,surveyor_jr,2021-08-24 05:14:06.226000071,surveyor_jr,2021-08-24 05:14:06.226000071,36c610ba-9d21-4101-a66f-a0796b84a0b1,,,,,"{'x': 3322529.798572186, 'y': -2215768.5387722766, 'spatialReference': {'wkid': 102100, 'latestWkid': 3857}}"
201,202,2021-08-24 04:59:00.000000000,COVAX,,,37016.0,23397.0,,,,,,,,, ,Zimbabwe,surveyor_jr,2021-08-25 05:00:04.243000031,surveyor_jr,2021-08-25 05:00:04.243000031,ef154b48-e7cc-4da5-9652-f42bb8b154bf,,,,,"{'x': 3322529.7985721854, 'y': -2215768.5387722766, 'spatialReference': {'wkid': 102100, 'latestWkid': 3857}}"
202,203,2021-08-25 20:06:00.000000000,COVAX,,,39897.0,28853.0,,,,,,,,, ,Zimbabwe,surveyor_jr,2021-08-25 20:06:58.559999943,surveyor_jr,2021-08-25 20:06:58.559999943,b7125696-e1de-45b3-af43-f80272ea3ef4,,,,,"{'x': 3322520.3633746826, 'y': -2215767.4041603655, 'spatialReference': {'wkid': 102100, 'latestWkid': 3857}}"
203,204,2021-08-25 22:35:00.000000000,Sinopharm,,,31273.0,26070.0,,,,,,,,, ,Zimbabwe,surveyor_jr,2021-08-26 22:35:28.868999958,surveyor_jr,2021-08-26 22:35:28.868999958,8a5b850c-456e-4524-9a4c-8c15475e745e,,,,,"{'x': 3321582.7591362116, 'y': -2215962.0543679334, 'spatialReference': {'wkid': 102100, 'latestWkid': 3857}}"
204,205,2021-08-27 06:12:00.000000000,COVAX,,,38451.0,22027.0,,,,,,,,, ,Zimbabwe,surveyor_jr,2021-08-28 06:13:20.720000029,surveyor_jr,2021-08-28 06:13:20.720000029,b3c7dc4c-c1db-46eb-a668-db98c3478338,,,,,"{'x': 3322529.7985721854, 'y': -2215768.5387722766, 'spatialReference': {'wkid': 102100, 'latestWkid': 3857}}"
205,206,2021-08-28 19:39:00.000000000,COVAX,,,21373.0,12986.0,,,,,,,,, ,Zimbabwe,surveyor_jr,2021-08-28 19:40:17.946000099,surveyor_jr,2021-08-28 19:40:17.946000099,d8b14564-c770-4aa2-8170-a92a4e270e8f,,,,,"{'x': 3322529.7985721854, 'y': -2215768.5387722766, 'spatialReference': {'wkid': 102100, 'latestWkid': 3857}}"
206,207,2021-08-29 06:20:00.000000000,Sinopharm,1000000.0,,17128.0,10371.0,,,,,,,,, ,Zimbabwe,surveyor_jr,2021-08-30 06:24:30.790999889,surveyor_jr,2021-08-30 06:24:30.790999889,ee1b89f5-8fe7-4da9-92bd-a16a7b5ea9cd,gvt_procurement,,,,"{'x': 3322529.7985721854, 'y': -2210704.772374152, 'spatialReference': {'wkid': 102100, 'latestWkid': 3857}}"
207,208,2021-08-30 05:48:00.000000000,COVAX,,,22092.0,12712.0,,,,,,,,, ,Zimbabwe,surveyor_jr,2021-08-31 05:49:29.319000006,surveyor_jr,2021-08-31 05:49:29.319000006,f1ffb300-f2b4-4b47-afcc-8308a5cb3621,,,,,"{'x': 3297181.738261368, 'y': -2173859.3084389702, 'spatialReference': {'wkid': 102100, 'latestWkid': 3857}}"
208,209,2021-08-31 19:51:00.000000000,Sinopharm,,,30132.0,17035.0,,,,,,,,, ,Zimbabwe,surveyor_jr,2021-08-31 19:52:07.661999941,surveyor_jr,2021-08-31 19:52:07.661999941,7b9cb868-9265-4477-bb74-e9df28106f91,,,,,"{'x': 3322529.7985721854, 'y': -2215768.5387722766, 'spatialReference': {'wkid': 102100, 'latestWkid': 3857}}"
209,210,2021-09-01 05:44:00.000000000,COVAX,,,32828.0,17778.0,,,,,,,,, ,Zimbabwe,surveyor_jr,2021-09-02 05:45:54.878000021,surveyor_jr,2021-09-02 05:45:54.878000021,2a44dddc-cbca-4a1c-a962-af4f24c6b260,,,,,"{'x': 3368279.0728147365, 'y': -2305854.8594571194, 'spatialReference': {'wkid': 102100, 'latestWkid': 3857}}"
210,211,2021-09-02 05:27:00.000000000,COVAX,,,34272.0,19033.0,,,,,,,,, ,Zimbabwe,surveyor_jr,2021-09-03 05:28:44.658999920,surveyor_jr,2021-09-03 05:28:44.658999920,954395f8-3370-42d8-92c2-d16218ae0493,,,,,"{'x': 3321583.605164341, 'y': -2215959.066287982, 'spatialReference': {'wkid': 102100, 'latestWkid': 3857}}"
211,212,2021-09-03 00:07:00.000000000,Sinovac,,,32152.0,16329.0,,,,,,,,, ,Zimbabwe,surveyor_jr,2021-09-04 00:08:02.792999983,surveyor_jr,2021-09-04 00:08:02.792999983,cd1336ac-79c4-4151-aa11-40bf083e99e8,,,,,"{'x': 3322529.798572186, 'y': -2215768.5387722766, 'spatialReference': {'wkid': 102100, 'latestWkid': 3857}}"
212,213,2021-09-04 20:43:00.000000000,Sinopharm,,,16675.0,11355.0,,,,,,,,, ,Zimbabwe,surveyor_jr,2021-09-04 20:44:11.585999966,surveyor_jr,2021-09-04 20:44:11.585999966,b6aba5b7-a37d-48e6-af07-40b7edf097fb,,,,,"{'x': 3322529.7985721854, 'y': -2215768.5387722766, 'spatialReference': {'wkid': 102100, 'latestWkid': 3857}}"
213,214,2021-09-05 21:45:00.000000000,COVAX,,,14916.0,16437.0,,,,,,,,, ,Zimbabwe,surveyor_jr,2021-09-05 21:46:27.134000063,surveyor_jr,2021-09-05 21:46:27.134000063,b2d4f130-f86e-45f2-944e-aae182b00552,,,,,"{'x': 3322529.798572186, 'y': -2215768.5387722766, 'spatialReference': {'wkid': 102100, 'latestWkid': 3857}}"
214,215,2021-09-07 05:14:00.000000000,COVAX,,,16407.0,11367.0,,,,,,,,, ,Zimbabwe,surveyor_jr,2021-09-07 05:15:00.862999916,surveyor_jr,2021-09-07 05:15:00.862999916,551321e3-7466-43ee-8fb0-a764edcc5f22,,,,,"{'x': 3322529.798572186, 'y': -2215768.5387722766, 'spatialReference': {'wkid': 102100, 'latestWkid': 3857}}"
215,216,2021-09-07 07:01:00.000000000,COVAX,,,20726.0,13844.0,,,,,,,,, ,Zimbabwe,surveyor_jr,2021-09-08 07:03:57.474999905,surveyor_jr,2021-09-08 07:03:57.474999905,fc46452f-186c-4ba9-a9ca-529bf252fba0,,,,,"{'x': 3322512.3613678184, 'y': -2210714.8047086014, 'spatialReference': {'wkid': 102100, 'latestWkid': 3857}}"
216,217,2021-09-08 06:39:00.000000000,Sinopharm,,,31422.0,27711.0,,,,,,,,, ,Zimbabwe,surveyor_jr,2021-09-09 06:39:37.042000055,surveyor_jr,2021-09-09 06:39:37.042000055,9c08597c-b34a-431c-9f1d-d4aa3cb5599a,,,,,"{'x': 3322449.2811844954, 'y': -2210702.8713916712, 'spatialReference': {'wkid': 102100, 'latestWkid': 3857}}"
217,218,2021-09-09 06:39:00.000000000,Sinovac,,,23121.0,25823.0,,,,,,,,, ,Zimbabwe,surveyor_jr,2021-09-10 06:39:34.167000055,surveyor_jr,2021-09-10 06:39:34.167000055,9013abdf-0233-43a2-aeed-fb054117b094,,,,,"{'x': 3322529.7985721854, 'y': -2210704.772374152, 'spatialReference': {'wkid': 102100, 'latestWkid': 3857}}"
